Time,Pearson: BTC-ETH / PriceUSD,,,
2015-10-07,0.158710035791908,,,
2015-10-08,0.158096358842475,,,
2015-10-09,0.158310576855479,,,
2015-10-10,0.184659181901197,,,
2015-10-11,0.209660541041661,,,
2015-10-12,0.280013540828873,,,
2015-10-13,0.27695043318127,,,
2015-10-14,0.258004810096648,,,
2015-10-15,0.253006792906879,,,
2015-10-16,0.240812927601143,,,
2015-10-17,0.137069362924679,,,
2015-10-18,0.0931221491393781,,,
2015-10-19,0.0183286066992164,,,
2015-10-20,-0.0107094348799606,,,
2015-10-21,-0.00793998765722951,,,
2015-10-22,0.0596081822656954,,,
2015-10-23,0.0134416715969993,,,
2015-10-24,-0.0052541249560171,,,
2015-10-25,0.00986083565111133,,,
2015-10-26,0.00377243169525346,,,
2015-10-27,0.0153116140705616,,,
2015-10-28,0.0535423026142148,,,
2015-10-29,0.117827879051778,,,
2015-10-30,0.0927851913422442,,,
2015-10-31,0.181848006506551,,,
2015-11-01,0.213129311953859,,,
2015-11-02,0.165507968322994,,,
2015-11-03,0.177434796068554,,,
2015-11-04,0.163023286313879,,,
2015-11-05,0.122353358820772,,,
2015-11-06,0.0982500812143764,,,
2015-11-07,0.0896989464300501,,,
2015-11-08,0.0587157942622186,,,
2015-11-09,0.0572262111602621,,,
2015-11-10,0.109864702567573,,,
2015-11-11,0.200984484907601,,,
2015-11-12,0.228724960297724,,,
2015-11-13,0.230566436336789,,,
2015-11-14,0.23189511821214,,,
2015-11-15,0.221959499631304,,,
2015-11-16,0.22524591485385,,,
2015-11-17,0.226091869589544,,,
2015-11-18,0.227955306182605,,,
2015-11-19,0.23828718093921,,,
2015-11-20,0.24027112143559,,,
2015-11-21,0.251903244665209,,,
2015-11-22,0.258829815214855,,,
2015-11-23,0.270476144176694,,,
2015-11-24,0.275923402782836,,,
2015-11-25,0.277928270883829,,,
2015-11-26,0.257714593763784,,,
2015-11-27,0.277362215044291,,,
2015-11-28,0.289276179297309,,,
2015-11-29,0.280994693478401,,,
2015-11-30,0.282167564966295,,,
2015-12-01,0.284666519564543,,,
2015-12-02,0.287812569361936,,,
2015-12-03,0.286743111888853,,,
2015-12-04,0.286673405001071,,,
2015-12-05,0.283934152451165,,,
2015-12-06,0.27674010028122,,,
2015-12-07,0.280133368461839,,,
2015-12-08,0.277446408188302,,,
2015-12-09,0.277340801404131,,,
2015-12-10,0.275630995370184,,,
2015-12-11,0.289206211330737,,,
2015-12-12,0.275544164946915,,,
2015-12-13,0.289801040779941,,,
2015-12-14,0.299657897606184,,,
2015-12-15,0.306413866469533,,,
2015-12-16,0.322239062058489,,,
2015-12-17,0.313891924868978,,,
2015-12-18,0.311120389817043,,,
2015-12-19,0.326485405972898,,,
2015-12-20,0.304650047584781,,,
2015-12-21,0.311250371727525,,,
2015-12-22,0.313050033024386,,,
2015-12-23,0.313513831942014,,,
2015-12-24,0.316191092109711,,,
2015-12-25,0.325135918322853,,,
2015-12-26,0.315019688253867,,,
2015-12-27,0.309122466028248,,,
2015-12-28,0.299641133470375,,,
2015-12-29,0.31433474425985,,,
2015-12-30,0.275095840259242,,,
2015-12-31,0.253049904596701,,,
2016-01-01,0.266891934600694,,,
2016-01-02,0.242408550663974,,,
2016-01-03,0.293295457777292,,,
2016-01-04,0.346256742757818,,,
2016-01-05,0.382675277153453,,,
2016-01-06,0.402503158262756,,,
2016-01-07,0.433516333172706,,,
2016-01-08,0.425266102967698,,,
2016-01-09,0.370712505319133,,,
2016-01-10,0.254272179635677,,,
2016-01-11,0.0989064296564635,,,
2016-01-12,0.069873914935832,,,
2016-01-13,0.0765312551837713,,,
2016-01-14,0.0922090604788128,,,
2016-01-15,-0.0845504752744267,,,
2016-01-16,-0.131659488128199,,,
2016-01-17,-0.1423064379651,,,
2016-01-18,-0.155502816760046,,,
2016-01-19,-0.139191797744126,,,
2016-01-20,-0.0636080130504072,,,
2016-01-21,-0.0682854333548355,,,
2016-01-22,-0.0749657984365498,,,
2016-01-23,-0.0383191393071925,,,
2016-01-24,-0.0208071646079508,,,
2016-01-25,-0.0424961594547151,,,
2016-01-26,-0.0399446824212129,,,
2016-01-27,-0.0395864247226774,,,
2016-01-28,-0.0347664494686322,,,
2016-01-29,-0.0337307861759313,,,
2016-01-30,-0.0428224931748297,,,
2016-01-31,-0.0273314175941517,,,
2016-02-01,-0.0310861513277982,,,
2016-02-02,-0.0279018043695219,,,
2016-02-03,-0.0370453073926046,,,
2016-02-04,-0.0367844494277814,,,
2016-02-05,-0.0335885476621256,,,
2016-02-06,-0.0244458502472063,,,
2016-02-07,-0.021548886505509,,,
2016-02-08,-0.0257205728707938,,,
2016-02-09,-0.0380669882833183,,,
2016-02-10,-0.0184500889085613,,,
2016-02-11,-0.0207375097471834,,,
2016-02-12,-0.0336113646155323,,,
2016-02-13,-0.0369411887852664,,,
2016-02-14,-0.068278257067948,,,
2016-02-15,-0.0671349411405991,,,
2016-02-16,-0.0810405805602339,,,
2016-02-17,-0.0954623840732034,,,
2016-02-18,-0.075915665687454,,,
2016-02-19,-0.081308201452421,,,
2016-02-20,-0.102795129351002,,,
2016-02-21,-0.100120195143373,,,
2016-02-22,-0.0951031934813683,,,
2016-02-23,-0.0875338603143016,,,
2016-02-24,-0.110433440755042,,,
2016-02-25,-0.108971651835446,,,
2016-02-26,-0.116774311879834,,,
2016-02-27,-0.114678624431353,,,
2016-02-28,-0.114472834569404,,,
2016-02-29,-0.118235443182016,,,
2016-03-01,-0.121820113100685,,,
2016-03-02,-0.131223909265282,,,
2016-03-03,-0.1351701825264,,,
2016-03-04,-0.136950347935363,,,
2016-03-05,-0.141077216224803,,,
2016-03-06,-0.143745607919414,,,
2016-03-07,-0.147884012288144,,,
2016-03-08,-0.147543057708619,,,
2016-03-09,-0.144290698512456,,,
2016-03-10,-0.148235758517392,,,
2016-03-11,-0.150180623099858,,,
2016-03-12,-0.159159179710228,,,
2016-03-13,-0.168083119022958,,,
2016-03-14,-0.171368103975901,,,
2016-03-15,-0.156105993417167,,,
2016-03-16,-0.128786838874571,,,
2016-03-17,-0.124937506906034,,,
2016-03-18,-0.117747261873636,,,
2016-03-19,-0.131905676935219,,,
2016-03-20,-0.190639698476046,,,
2016-03-21,-0.194682000843045,,,
2016-03-22,-0.233583842054566,,,
2016-03-23,-0.278444029894079,,,
2016-03-24,-0.277582972458881,,,
2016-03-25,-0.246967381195432,,,
2016-03-26,-0.251436350240733,,,
2016-03-27,-0.26149208610269,,,
2016-03-28,-0.265961219645021,,,
2016-03-29,-0.260069144510996,,,
2016-03-30,-0.26179313414386,,,
2016-03-31,-0.306990340206481,,,
2016-04-01,-0.302158128330246,,,
2016-04-02,-0.307746424997877,,,
2016-04-03,-0.308460566739619,,,
2016-04-04,-0.323380171990372,,,
2016-04-05,-0.332616832816397,,,
2016-04-06,-0.351963015936298,,,
2016-04-07,-0.349408960468209,,,
2016-04-08,-0.334139200033558,,,
2016-04-09,-0.354431658000855,,,
2016-04-10,-0.377971551864403,,,
2016-04-11,-0.397158032883585,,,
2016-04-12,-0.395443770052797,,,
2016-04-13,-0.392525049267056,,,
2016-04-14,-0.406053704596185,,,
2016-04-15,-0.418152219085772,,,
2016-04-16,-0.390490713967954,,,
2016-04-17,-0.373514874183256,,,
2016-04-18,-0.410331922494142,,,
2016-04-19,-0.413087731455071,,,
2016-04-20,-0.419263155033604,,,
2016-04-21,-0.424940413719818,,,
2016-04-22,-0.426457148105969,,,
2016-04-23,-0.458338621688123,,,
2016-04-24,-0.489239362826149,,,
2016-04-25,-0.490830931337045,,,
2016-04-26,-0.488944361561742,,,
2016-04-27,-0.459485362494133,,,
2016-04-28,-0.466975412025376,,,
2016-04-29,-0.456868758153899,,,
2016-04-30,-0.466342792556811,,,
2016-05-01,-0.438900142301108,,,
2016-05-02,-0.461390174730672,,,
2016-05-03,-0.458260425721805,,,
2016-05-04,-0.442299274144118,,,
2016-05-05,-0.451317929284805,,,
2016-05-06,-0.4237890913505,,,
2016-05-07,-0.421778976738793,,,
2016-05-08,-0.454446964514606,,,
2016-05-09,-0.450848793726182,,,
2016-05-10,-0.435182537699284,,,
2016-05-11,-0.378013691321415,,,
2016-05-12,-0.385333158745369,,,
2016-05-13,-0.379226523766476,,,
2016-05-14,-0.379985604388222,,,
2016-05-15,-0.380551081949075,,,
2016-05-16,-0.407200882863901,,,
2016-05-17,-0.434949854500733,,,
2016-05-18,-0.429233804944102,,,
2016-05-19,-0.448819462272269,,,
2016-05-20,-0.469283265275834,,,
2016-05-21,-0.461729275223207,,,
2016-05-22,-0.472273230106791,,,
2016-05-23,-0.512682134230917,,,
2016-05-24,-0.509784391316326,,,
2016-05-25,-0.51224267882828,,,
2016-05-26,-0.500278743381374,,,
2016-05-27,-0.536470002650502,,,
2016-05-28,-0.259264693853128,,,
2016-05-29,-0.262218561865156,,,
2016-05-30,-0.259009342522762,,,
2016-05-31,-0.264514052008498,,,
2016-06-01,-0.265495677633648,,,
2016-06-02,-0.265465200878522,,,
2016-06-03,-0.257460002657737,,,
2016-06-04,-0.258922269847966,,,
2016-06-05,-0.257901748286488,,,
2016-06-06,-0.265789935382377,,,
2016-06-07,-0.279910044539763,,,
2016-06-08,-0.288612057792049,,,
2016-06-09,-0.284956810742276,,,
2016-06-10,-0.284544762285507,,,
2016-06-11,-0.281204250198456,,,
2016-06-12,-0.12387115432359,,,
2016-06-13,-0.067160014372811,,,
2016-06-14,-0.0820955398221288,,,
2016-06-15,-0.0827926173271895,,,
2016-06-16,0.037418129848813,,,
2016-06-17,0.0997464270713727,,,
2016-06-18,0.0878427930826831,,,
2016-06-19,0.088584235445027,,,
2016-06-20,0.117134432600435,,,
2016-06-21,0.0501489807700407,,,
2016-06-22,0.042059030693749,,,
2016-06-23,0.0561433485760204,,,
2016-06-24,0.063475297371801,,,
2016-06-25,0.0638487290859707,,,
2016-06-26,0.0926374093380423,,,
2016-06-27,0.0959644761775144,,,
2016-06-28,0.104416398881949,,,
2016-06-29,0.127194202207127,,,
2016-06-30,0.117454456530273,,,
2016-07-01,0.146255910503132,,,
2016-07-02,0.146553690075588,,,
2016-07-03,0.154689612304372,,,
2016-07-04,0.151218215065351,,,
2016-07-05,0.166979303475829,,,
2016-07-06,0.166786005781814,,,
2016-07-07,0.179463915300658,,,
2016-07-08,0.195630485539543,,,
2016-07-09,0.201163575680983,,,
2016-07-10,0.20226829899841,,,
2016-07-11,0.203372250950456,,,
2016-07-12,0.203743905969248,,,
2016-07-13,0.204230671526019,,,
2016-07-14,0.199852729072808,,,
2016-07-15,0.215132173552831,,,
2016-07-16,0.224723088320471,,,
2016-07-17,0.226118689397241,,,
2016-07-18,0.253856692501817,,,
2016-07-19,0.252130469930708,,,
2016-07-20,0.243137583906731,,,
2016-07-21,0.243730218993481,,,
2016-07-22,0.207142069656518,,,
2016-07-23,0.205983321838386,,,
2016-07-24,0.202911338133784,,,
2016-07-25,0.193329550037847,,,
2016-07-26,0.216182694910605,,,
2016-07-27,0.194234197271484,,,
2016-07-28,0.197406327768913,,,
2016-07-29,0.196804110370607,,,
2016-07-30,0.20633349461875,,,
2016-07-31,0.216657646187841,,,
2016-08-01,0.227770049479314,,,
2016-08-02,0.347065970873114,,,
2016-08-03,0.406248484449656,,,
2016-08-04,0.410002153370253,,,
2016-08-05,0.41046118655422,,,
2016-08-06,0.412084350048816,,,
2016-08-07,0.412249593563422,,,
2016-08-08,0.41133874938859,,,
2016-08-09,0.406573245529555,,,
2016-08-10,0.406595144333353,,,
2016-08-11,0.381847367085044,,,
2016-08-12,0.362755172762847,,,
2016-08-13,0.373360104083412,,,
2016-08-14,0.376399342733771,,,
2016-08-15,0.33666839929034,,,
2016-08-16,0.335470100941281,,,
2016-08-17,0.397186229493936,,,
2016-08-18,0.393940411255109,,,
2016-08-19,0.385034190040465,,,
2016-08-20,0.466130058742037,,,
2016-08-21,0.524930195129837,,,
2016-08-22,0.521737859974584,,,
2016-08-23,0.520254403719032,,,
2016-08-24,0.520443101733593,,,
2016-08-25,0.521039328603161,,,
2016-08-26,0.522947158007545,,,
2016-08-27,0.532121807143882,,,
2016-08-28,0.536722657467359,,,
2016-08-29,0.56796899629852,,,
2016-08-30,0.570032835669851,,,
2016-08-31,0.584549139025592,,,
2016-09-01,0.592389487015657,,,
2016-09-02,0.608924308769806,,,
2016-09-03,0.581319297027063,,,
2016-09-04,0.577602339089434,,,
2016-09-05,0.577592226602949,,,
2016-09-06,0.555271933110099,,,
2016-09-07,0.55088554497404,,,
2016-09-08,0.541163668184405,,,
2016-09-09,0.53943256037231,,,
2016-09-10,0.548446418965859,,,
2016-09-11,0.552988626040951,,,
2016-09-12,0.558580702756946,,,
2016-09-13,0.556894870582732,,,
2016-09-14,0.557181147930479,,,
2016-09-15,0.575659085247389,,,
2016-09-16,0.573672490819616,,,
2016-09-17,0.576004660778265,,,
2016-09-18,0.584824384270196,,,
2016-09-19,0.581085455411265,,,
2016-09-20,0.639946904788225,,,
2016-09-21,0.649840099403629,,,
2016-09-22,0.679115370053896,,,
2016-09-23,0.699049621171757,,,
2016-09-24,0.729086596280186,,,
2016-09-25,0.739636107655139,,,
2016-09-26,0.735573851876725,,,
2016-09-27,0.734911406742484,,,
2016-09-28,0.735494832511681,,,
2016-09-29,0.734700000711867,,,
2016-09-30,0.726442369710927,,,
2016-10-01,0.542958971059312,,,
2016-10-02,0.0922954393463378,,,
2016-10-03,0.0259811230319655,,,
2016-10-04,0.0273489624729655,,,
2016-10-05,0.040396118395502,,,
2016-10-06,0.0416622461411719,,,
2016-10-07,0.0404334315110143,,,
2016-10-08,0.0744061412626658,,,
2016-10-09,0.080232121139045,,,
2016-10-10,0.0767284337512504,,,
2016-10-11,0.0688945879770101,,,
2016-10-12,0.0614861412153434,,,
2016-10-13,0.0245226932319261,,,
2016-10-14,0.0175199581609122,,,
2016-10-15,0.0185926419462345,,,
2016-10-16,-0.000421955395858496,,,
2016-10-17,-0.000660184497958903,,,
2016-10-18,-0.0189335028763138,,,
2016-10-19,-0.0234580521915316,,,
2016-10-20,-0.0264355259800724,,,
2016-10-21,-0.0238673345547801,,,
2016-10-22,-0.0337173678943877,,,
2016-10-23,-0.0312194015887026,,,
2016-10-24,-0.0211283813660888,,,
2016-10-25,-0.0365875292080387,,,
2016-10-26,-0.0251895571857891,,,
2016-10-27,-0.0222367463771168,,,
2016-10-28,-0.0272892088779968,,,
2016-10-29,-0.116047944791858,,,
2016-10-30,-0.178136932250576,,,
2016-10-31,-0.170332904195375,,,
2016-11-01,-0.18018387070394,,,
2016-11-02,-0.161635064700381,,,
2016-11-03,-0.139213351722006,,,
2016-11-04,-0.118808440373296,,,
2016-11-05,-0.118189053906116,,,
2016-11-06,-0.121420042698564,,,
2016-11-07,-0.108319696509567,,,
2016-11-08,-0.0997704507944265,,,
2016-11-09,-0.107732379797827,,,
2016-11-10,-0.144627023001701,,,
2016-11-11,-0.142239471981461,,,
2016-11-12,-0.114958049064096,,,
2016-11-13,-0.116664363575786,,,
2016-11-14,-0.115376782453014,,,
2016-11-15,-0.109068954723108,,,
2016-11-16,-0.124608600825719,,,
2016-11-17,-0.119934149498459,,,
2016-11-18,-0.127580600300153,,,
2016-11-19,-0.13332948397271,,,
2016-11-20,-0.185305886220354,,,
2016-11-21,-0.198339426405455,,,
2016-11-22,-0.181339748038443,,,
2016-11-23,-0.184943195564433,,,
2016-11-24,-0.15457697013676,,,
2016-11-25,-0.150730434730191,,,
2016-11-26,-0.143494606357529,,,
2016-11-27,-0.11900523318595,,,
2016-11-28,-0.119129990865471,,,
2016-11-29,-0.114855628279698,,,
2016-11-30,-0.0861780019642939,,,
2016-12-01,-0.0870536368970751,,,
2016-12-02,-0.136846153287402,,,
2016-12-03,-0.150581099020607,,,
2016-12-04,-0.142726640068202,,,
2016-12-05,-0.0747947696748155,,,
2016-12-06,-0.0413592781856803,,,
2016-12-07,-0.0331319419611065,,,
2016-12-08,-0.0344165704073579,,,
2016-12-09,-0.034093571925288,,,
2016-12-10,-0.0399121616202165,,,
2016-12-11,-0.0409502118108631,,,
2016-12-12,-0.0317602643563552,,,
2016-12-13,-0.0312035084155463,,,
2016-12-14,-0.0273901268149276,,,
2016-12-15,-0.0230849464994605,,,
2016-12-16,-0.0203390695133295,,,
2016-12-17,-0.00843885242609981,,,
2016-12-18,-0.022115613826371,,,
2016-12-19,-0.0169663514152883,,,
2016-12-20,-0.0151149294315033,,,
2016-12-21,0.0141030520057755,,,
2016-12-22,-0.0106932130599019,,,
2016-12-23,-0.0710136265694921,,,
2016-12-24,-0.0789850800316488,,,
2016-12-25,-0.0913764735744131,,,
2016-12-26,-0.0921255075406567,,,
2016-12-27,-0.0934568076875331,,,
2016-12-28,0.0241092812998562,,,
2016-12-29,0.0486338783832579,,,
2016-12-30,0.048222361066472,,,
2016-12-31,0.059136587536148,,,
2017-01-01,0.0624724264073017,,,
2017-01-02,0.0919891652472096,,,
2017-01-03,0.102599093351671,,,
2017-01-04,0.28805816781079,,,
2017-01-05,0.345367603122661,,,
2017-01-06,0.313691152650928,,,
2017-01-07,0.311657559128573,,,
2017-01-08,0.314514476816187,,,
2017-01-09,0.313651775179773,,,
2017-01-10,0.313023719916328,,,
2017-01-11,0.342395091745105,,,
2017-01-12,0.337833544071245,,,
2017-01-13,0.337543202363079,,,
2017-01-14,0.336976468403702,,,
2017-01-15,0.349448900200152,,,
2017-01-16,0.346669653790493,,,
2017-01-17,0.384210769919226,,,
2017-01-18,0.383136129422464,,,
2017-01-19,0.383491477372856,,,
2017-01-20,0.3813088118975,,,
2017-01-21,0.383510587058769,,,
2017-01-22,0.383503780759636,,,
2017-01-23,0.382468791525479,,,
2017-01-24,0.387802928767307,,,
2017-01-25,0.386586748272994,,,
2017-01-26,0.384299477877264,,,
2017-01-27,0.3849421167912,,,
2017-01-28,0.388861090992386,,,
2017-01-29,0.388507499148395,,,
2017-01-30,0.391812584849482,,,
2017-01-31,0.422727203262342,,,
2017-02-01,0.425366138758267,,,
2017-02-02,0.428271428045366,,,
2017-02-03,0.424637020358129,,,
2017-02-04,0.465803689665773,,,
2017-02-05,0.478110334594295,,,
2017-02-06,0.478495166835622,,,
2017-02-07,0.479920269299995,,,
2017-02-08,0.486073330131442,,,
2017-02-09,0.50174533639542,,,
2017-02-10,0.502839624766434,,,
2017-02-11,0.503031819133194,,,
2017-02-12,0.503274408402775,,,
2017-02-13,0.50973330563096,,,
2017-02-14,0.471285232178004,,,
2017-02-15,0.47271135609783,,,
2017-02-16,0.468031014540346,,,
2017-02-17,0.465863179617452,,,
2017-02-18,0.466546680602737,,,
2017-02-19,0.462877198766813,,,
2017-02-20,0.478413695424398,,,
2017-02-21,0.53888061266517,,,
2017-02-22,0.541909193227147,,,
2017-02-23,0.548345773846433,,,
2017-02-24,0.549099884694623,,,
2017-02-25,0.543181055448149,,,
2017-02-26,0.5318342565799,,,
2017-02-27,0.552257636109672,,,
2017-02-28,0.551030675973395,,,
2017-03-01,0.557039951619858,,,
2017-03-02,0.558987903231291,,,
2017-03-03,0.55884590215721,,,
2017-03-04,0.599270782292504,,,
2017-03-05,0.539292917798056,,,
2017-03-06,0.475562978820915,,,
2017-03-07,0.515709594899011,,,
2017-03-08,0.578046422771545,,,
2017-03-09,0.589863172163488,,,
2017-03-10,0.471937064143262,,,
2017-03-11,0.514475893210938,,,
2017-03-12,0.496141924569632,,,
2017-03-13,0.424237831877077,,,
2017-03-14,0.428491949822403,,,
2017-03-15,0.386916776695869,,,
2017-03-16,0.157859479267971,,,
2017-03-17,0.178443150058001,,,
2017-03-18,0.329951876451248,,,
2017-03-19,0.384423481949347,,,
2017-03-20,0.379450660445005,,,
2017-03-21,0.362635317902318,,,
2017-03-22,0.371828215667453,,,
2017-03-23,0.369944175818185,,,
2017-03-24,0.247801408749586,,,
2017-03-25,0.223864883179883,,,
2017-03-26,0.226025851351467,,,
2017-03-27,0.197104629686437,,,
2017-03-28,0.197622082235245,,,
2017-03-29,0.196657136486128,,,
2017-03-30,0.195734814285032,,,
2017-03-31,0.18195855833166,,,
2017-04-01,0.188154340411921,,,
2017-04-02,0.186090252605211,,,
2017-04-03,0.165725668625003,,,
2017-04-04,0.166595868345317,,,
2017-04-05,0.165974580021332,,,
2017-04-06,0.143645205025549,,,
2017-04-07,0.145013739391023,,,
2017-04-08,0.146001611582942,,,
2017-04-09,0.140772188632528,,,
2017-04-10,0.125246080696228,,,
2017-04-11,0.123362621162827,,,
2017-04-12,0.122103697852843,,,
2017-04-13,0.111075040883542,,,
2017-04-14,0.109686420340542,,,
2017-04-15,0.106106840941615,,,
2017-04-16,0.106767181786903,,,
2017-04-17,0.108270400828861,,,
2017-04-18,0.111907055291656,,,
2017-04-19,0.110475115841972,,,
2017-04-20,0.109711969333066,,,
2017-04-21,0.113332727748133,,,
2017-04-22,0.117530980314981,,,
2017-04-23,0.117070039777074,,,
2017-04-24,0.115421491354515,,,
2017-04-25,0.112878934966651,,,
2017-04-26,0.116397044603292,,,
2017-04-27,0.133973920219769,,,
2017-04-28,0.13018248523671,,,
2017-04-29,0.127367611472325,,,
2017-04-30,0.124530209345481,,,
2017-05-01,0.105624006755201,,,
2017-05-02,0.103270251522919,,,
2017-05-03,0.0991896157964131,,,
2017-05-04,0.103498284710587,,,
2017-05-05,0.106367540739329,,,
2017-05-06,0.0951102178290043,,,
2017-05-07,0.0838539918515743,,,
2017-05-08,0.129421930200835,,,
2017-05-09,0.148472252954276,,,
2017-05-10,0.126277143623868,,,
2017-05-11,0.115147515328311,,,
2017-05-12,0.134712655284621,,,
2017-05-13,0.135166431738504,,,
2017-05-14,0.13689878785118,,,
2017-05-15,0.248509603198045,,,
2017-05-16,0.247212971991391,,,
2017-05-17,0.086573535889824,,,
2017-05-18,0.00481703468246612,,,
2017-05-19,0.0580493886712655,,,
2017-05-20,0.0581356400244602,,,
2017-05-21,0.0174250989044562,,,
2017-05-22,0.0212552548365697,,,
2017-05-23,0.231626662374025,,,
2017-05-24,0.280379300596826,,,
2017-05-25,0.300801583724001,,,
2017-05-26,0.362147768570784,,,
2017-05-27,0.376284661324924,,,
2017-05-28,0.402976049480133,,,
2017-05-29,0.402941569210089,,,
2017-05-30,0.3390661167402,,,
2017-05-31,0.326277824691803,,,
2017-06-01,0.313741251908337,,,
2017-06-02,0.332455677859236,,,
2017-06-03,0.328640782504657,,,
2017-06-04,0.317301069776774,,,
2017-06-05,0.328355084290596,,,
2017-06-06,0.328291844759465,,,
2017-06-07,0.34381443826382,,,
2017-06-08,0.343359122361653,,,
2017-06-09,0.33686947556751,,,
2017-06-10,0.346423503946693,,,
2017-06-11,0.348884413673903,,,
2017-06-12,0.279617474192557,,,
2017-06-13,0.275761878831307,,,
2017-06-14,0.330934060005273,,,
2017-06-15,0.331341191305169,,,
2017-06-16,0.331762324389967,,,
2017-06-17,0.328456267209702,,,
2017-06-18,0.343903167277065,,,
2017-06-19,0.342382183073891,,,
2017-06-20,0.327681534573878,,,
2017-06-21,0.342103773087789,,,
2017-06-22,0.340320377045539,,,
2017-06-23,0.340734769945516,,,
2017-06-24,0.357589238270969,,,
2017-06-25,0.369146341124413,,,
2017-06-26,0.373077410942886,,,
2017-06-27,0.390812237309233,,,
2017-06-28,0.387652816830508,,,
2017-06-29,0.393585846758121,,,
2017-06-30,0.411298087373672,,,
2017-07-01,0.417733578036651,,,
2017-07-02,0.42270756093849,,,
2017-07-03,0.428128777314511,,,
2017-07-04,0.42333630894719,,,
2017-07-05,0.422608537848118,,,
2017-07-06,0.411691109657967,,,
2017-07-07,0.391705712572702,,,
2017-07-08,0.395945188569136,,,
2017-07-09,0.400464998229469,,,
2017-07-10,0.436300302114593,,,
2017-07-11,0.431222044295675,,,
2017-07-12,0.433307163028918,,,
2017-07-13,0.436156717170291,,,
2017-07-14,0.445082198162363,,,
2017-07-15,0.480602141864945,,,
2017-07-16,0.494129460542798,,,
2017-07-17,0.539413035529399,,,
2017-07-18,0.551814171849877,,,
2017-07-19,0.553276586541315,,,
2017-07-20,0.590820877300015,,,
2017-07-21,0.592560889294661,,,
2017-07-22,0.588320903497634,,,
2017-07-23,0.578845038910534,,,
2017-07-24,0.575091707172867,,,
2017-07-25,0.584657493536385,,,
2017-07-26,0.582719803899453,,,
2017-07-27,0.566565777936556,,,
2017-07-28,0.553443006972305,,,
2017-07-29,0.594881663839715,,,
2017-07-30,0.595771974647214,,,
2017-07-31,0.603878578518443,,,
2017-08-01,0.57142494678662,,,
2017-08-02,0.572441104161416,,,
2017-08-03,0.582509727934261,,,
2017-08-04,0.584420453858298,,,
2017-08-05,0.597081462047423,,,
2017-08-06,0.592898467057319,,,
2017-08-07,0.592441380999316,,,
2017-08-08,0.593282497438456,,,
2017-08-09,0.603151858943072,,,
2017-08-10,0.603938715690373,,,
2017-08-11,0.685358460130297,,,
2017-08-12,0.680995341594195,,,
2017-08-13,0.65698918894872,,,
2017-08-14,0.655518385344314,,,
2017-08-15,0.657192575718914,,,
2017-08-16,0.657880081431167,,,
2017-08-17,0.654548161265459,,,
2017-08-18,0.654047371815647,,,
2017-08-19,0.662338595702374,,,
2017-08-20,0.65560554522097,,,
2017-08-21,0.641444970690608,,,
2017-08-22,0.640738554202819,,,
2017-08-23,0.635852549206528,,,
2017-08-24,0.632825949084088,,,
2017-08-25,0.628452365262072,,,
2017-08-26,0.62588409629866,,,
2017-08-27,0.636286551627493,,,
2017-08-28,0.636682046952554,,,
2017-08-29,0.636037185139759,,,
2017-08-30,0.63161569945717,,,
2017-08-31,0.628493375843223,,,
2017-09-01,0.629304398011423,,,
2017-09-02,0.644427194865482,,,
2017-09-03,0.644176754461246,,,
2017-09-04,0.653886937962406,,,
2017-09-05,0.647687632810473,,,
2017-09-06,0.648851230402058,,,
2017-09-07,0.647549092713063,,,
2017-09-08,0.639151327318393,,,
2017-09-09,0.640685044694541,,,
2017-09-10,0.652977591240217,,,
2017-09-11,0.65283961349688,,,
2017-09-12,0.649849340283556,,,
2017-09-13,0.631030962109097,,,
2017-09-14,0.67462723221246,,,
2017-09-15,0.656952278436348,,,
2017-09-16,0.683973474710275,,,
2017-09-17,0.703079809478862,,,
2017-09-18,0.676533076042941,,,
2017-09-19,0.677402169390902,,,
2017-09-20,0.670425591553381,,,
2017-09-21,0.683759573471421,,,
2017-09-22,0.682940669358219,,,
2017-09-23,0.672028226050856,,,
2017-09-24,0.670418346614338,,,
2017-09-25,0.677625654965546,,,
2017-09-26,0.704461699127466,,,
2017-09-27,0.73811971951823,,,
2017-09-28,0.745738845621601,,,
2017-09-29,0.746376708164808,,,
2017-09-30,0.820364723766336,,,
2017-10-01,0.819816734943323,,,
2017-10-02,0.818800796902398,,,
2017-10-03,0.82256439738149,,,
2017-10-04,0.805162310712398,,,
2017-10-05,0.818026786486823,,,
2017-10-06,0.819549557817496,,,
2017-10-07,0.836100318176151,,,
2017-10-08,0.834324099186017,,,
2017-10-09,0.817191676578381,,,
2017-10-10,0.81835770253778,,,
2017-10-11,0.828921288105287,,,
2017-10-12,0.809621553925361,,,
2017-10-13,0.810417150701089,,,
2017-10-14,0.806902615266106,,,
2017-10-15,0.804542638214085,,,
2017-10-16,0.805185760451935,,,
2017-10-17,0.806866108407546,,,
2017-10-18,0.807006415961626,,,
2017-10-19,0.807472958978856,,,
2017-10-20,0.826539954524873,,,
2017-10-21,0.829172325597194,,,
2017-10-22,0.82931616251237,,,
2017-10-23,0.830511804261375,,,
2017-10-24,0.79283032342449,,,
2017-10-25,0.790605372658062,,,
2017-10-26,0.793083820260867,,,
2017-10-27,0.790000670169557,,,
2017-10-28,0.786627765831669,,,
2017-10-29,0.790866894910855,,,
2017-10-30,0.789653431835727,,,
2017-10-31,0.784211268145437,,,
2017-11-01,0.752659140978986,,,
2017-11-02,0.742895600808939,,,
2017-11-03,0.727234769961238,,,
2017-11-04,0.722353769921164,,,
2017-11-05,0.721594719984642,,,
2017-11-06,0.708601228061817,,,
2017-11-07,0.69394244248973,,,
2017-11-08,0.697446946878083,,,
2017-11-09,0.675673496540164,,,
2017-11-10,0.685723697343354,,,
2017-11-11,0.654737313368748,,,
2017-11-12,0.643036786876889,,,
2017-11-13,0.531212239323162,,,
2017-11-14,0.440805317503005,,,
2017-11-15,0.411176619147511,,,
2017-11-16,0.400228102036234,,,
2017-11-17,0.330654125929681,,,
2017-11-18,0.309653669907967,,,
2017-11-19,0.311713930552967,,,
2017-11-20,0.250018063372404,,,
2017-11-21,0.261677435283856,,,
2017-11-22,0.245894494713638,,,
2017-11-23,0.197103672649706,,,
2017-11-24,0.174190543781015,,,
2017-11-25,0.154639480034557,,,
2017-11-26,0.114104925722711,,,
2017-11-27,0.108644179415782,,,
2017-11-28,0.096724387176067,,,
2017-11-29,0.111417837184107,,,
2017-11-30,0.112050447866347,,,
2017-12-01,0.134952787451414,,,
2017-12-02,0.128021492953529,,,
2017-12-03,0.126444187291547,,,
2017-12-04,0.125804550163672,,,
2017-12-05,0.129054199520771,,,
2017-12-06,0.0207029055945944,,,
2017-12-07,0.00147991819385513,,,
2017-12-08,-0.025510023755077,,,
2017-12-09,-0.0508689271457037,,,
2017-12-10,-0.0533196902586371,,,
2017-12-11,0.0148674061522864,,,
2017-12-12,0.0223117683255785,,,
2017-12-13,0.0179263999464334,,,
2017-12-14,0.0147868757154774,,,
2017-12-15,0.00808298180550953,,,
2017-12-16,-0.0101395287758214,,,
2017-12-17,-0.0188366563419978,,,
2017-12-18,-0.0295644607767967,,,
2017-12-19,-0.0363953102036696,,,
2017-12-20,-0.0174246412033373,,,
2017-12-21,-0.0140577286642621,,,
2017-12-22,0.0482034983924994,,,
2017-12-23,0.062352026364596,,,
2017-12-24,0.0839586892186943,,,
2017-12-25,0.0818132926468024,,,
2017-12-26,0.077606409687697,,,
2017-12-27,0.0802613946606695,,,
2017-12-28,0.093754281059258,,,
2017-12-29,0.0930642713360922,,,
2017-12-30,0.122906377478221,,,
2017-12-31,0.13662395691512,,,
2018-01-01,0.141756489763219,,,
2018-01-02,0.173402755387095,,,
2018-01-03,0.175758056109148,,,
2018-01-04,0.174014285567747,,,
2018-01-05,0.160973000588497,,,
2018-01-06,0.160485233943026,,,
2018-01-07,0.13614863323232,,,
2018-01-08,0.134607009730616,,,
2018-01-09,0.086881962208076,,,
2018-01-10,0.0916534803149307,,,
2018-01-11,0.116186989534691,,,
2018-01-12,0.125571115096026,,,
2018-01-13,0.129463212684227,,,
2018-01-14,0.149343767971325,,,
2018-01-15,0.161627913437258,,,
2018-01-16,0.24910699607008,,,
2018-01-17,0.254126362320417,,,
2018-01-18,0.254012667651309,,,
2018-01-19,0.252685039393331,,,
2018-01-20,0.27347062524406,,,
2018-01-21,0.302071570865773,,,
2018-01-22,0.319498624623941,,,
2018-01-23,0.32117440903138,,,
2018-01-24,0.330980114789535,,,
2018-01-25,0.334187022889612,,,
2018-01-26,0.336109486900534,,,
2018-01-27,0.340082361848798,,,
2018-01-28,0.341139248347306,,,
2018-01-29,0.346916783104857,,,
2018-01-30,0.36633728953059,,,
2018-01-31,0.367505464644653,,,
2018-02-01,0.384053091857448,,,
2018-02-02,0.387190120638291,,,
2018-02-03,0.392163869886231,,,
2018-02-04,0.480349471138508,,,
2018-02-05,0.582570903978059,,,
2018-02-06,0.610019600873688,,,
2018-02-07,0.620267947379494,,,
2018-02-08,0.640302759935429,,,
2018-02-09,0.631877639392605,,,
2018-02-10,0.688770529021657,,,
2018-02-11,0.696392645115007,,,
2018-02-12,0.699834068404926,,,
2018-02-13,0.712911115324108,,,
2018-02-14,0.736567147906776,,,
2018-02-15,0.732762777984526,,,
2018-02-16,0.739890478217554,,,
2018-02-17,0.752095474564494,,,
2018-02-18,0.753820611392288,,,
2018-02-19,0.752759646092911,,,
2018-02-20,0.739876061387111,,,
2018-02-21,0.740837336093096,,,
2018-02-22,0.740125215791449,,,
2018-02-23,0.744584597384992,,,
2018-02-24,0.760257516525192,,,
2018-02-25,0.759941206524026,,,
2018-02-26,0.756232771821282,,,
2018-02-27,0.754569563789338,,,
2018-02-28,0.756248532615432,,,
2018-03-01,0.75458708014345,,,
2018-03-02,0.756298958269327,,,
2018-03-03,0.742971424298052,,,
2018-03-04,0.747557718199337,,,
2018-03-05,0.746823384440275,,,
2018-03-06,0.771605400832669,,,
2018-03-07,0.776963035162467,,,
2018-03-08,0.812179956790671,,,
2018-03-09,0.829524842966497,,,
2018-03-10,0.880180683415124,,,
2018-03-11,0.887173820667032,,,
2018-03-12,0.884870936041642,,,
2018-03-13,0.890160267636715,,,
2018-03-14,0.90097668051863,,,
2018-03-15,0.902600651759742,,,
2018-03-16,0.905999442730685,,,
2018-03-17,0.896462607268669,,,
2018-03-18,0.890155178145616,,,
2018-03-19,0.890354738118954,,,
2018-03-20,0.889285363027882,,,
2018-03-21,0.881504902532685,,,
2018-03-22,0.876827303542097,,,
2018-03-23,0.876469455745656,,,
2018-03-24,0.876832576400658,,,
2018-03-25,0.876927940155202,,,
2018-03-26,0.876978505583459,,,
2018-03-27,0.876743145682521,,,
2018-03-28,0.877517445811995,,,
2018-03-29,0.900851182580668,,,
2018-03-30,0.890103017691592,,,
2018-03-31,0.886681821210569,,,
2018-04-01,0.890400611338549,,,
2018-04-02,0.891517532780159,,,
2018-04-03,0.899415451798211,,,
2018-04-04,0.902592525288185,,,
2018-04-05,0.89782807691664,,,
2018-04-06,0.881002404395768,,,
2018-04-07,0.868767281303251,,,
2018-04-08,0.867243390777376,,,
2018-04-09,0.856669383874763,,,
2018-04-10,0.851554265778324,,,
2018-04-11,0.849387182523708,,,
2018-04-12,0.867158671347365,,,
2018-04-13,0.862112783667089,,,
2018-04-14,0.861978187835297,,,
2018-04-15,0.851972466240698,,,
2018-04-16,0.859437450898543,,,
2018-04-17,0.859341688762513,,,
2018-04-18,0.862704309706375,,,
2018-04-19,0.846713667853787,,,
2018-04-20,0.855899540377319,,,
2018-04-21,0.867055642336952,,,
2018-04-22,0.862306519848991,,,
2018-04-23,0.861207785255301,,,
2018-04-24,0.86974359380516,,,
2018-04-25,0.877076475195144,,,
2018-04-26,0.879528947072667,,,
2018-04-27,0.884770664663001,,,
2018-04-28,0.887735910733714,,,
2018-04-29,0.887569038473533,,,
2018-04-30,0.892494157483505,,,
2018-05-01,0.892261682908698,,,
2018-05-02,0.89779130469862,,,
2018-05-03,0.894724671307529,,,
2018-05-04,0.895563820338296,,,
2018-05-05,0.897161334972225,,,
2018-05-06,0.89421438750828,,,
2018-05-07,0.891644651338721,,,
2018-05-08,0.895112022292833,,,
2018-05-09,0.892396089681606,,,
2018-05-10,0.898829064585263,,,
2018-05-11,0.900662161973617,,,
2018-05-12,0.901138080198887,,,
2018-05-13,0.891795400756346,,,
2018-05-14,0.892123716977332,,,
2018-05-15,0.895198199878766,,,
2018-05-16,0.8900812398511,,,
2018-05-17,0.908160045100595,,,
2018-05-18,0.912211457707115,,,
2018-05-19,0.919164343050266,,,
2018-05-20,0.918229660312709,,,
2018-05-21,0.918175886689492,,,
2018-05-22,0.920325206403301,,,
2018-05-23,0.922282801304645,,,
2018-05-24,0.921675178606922,,,
2018-05-25,0.921769644115316,,,
2018-05-26,0.920810480652748,,,
2018-05-27,0.921236877484998,,,
2018-05-28,0.903336875896559,,,
2018-05-29,0.917148220331757,,,
2018-05-30,0.918151541247744,,,
2018-05-31,0.918844305021933,,,
2018-06-01,0.922533341945058,,,
2018-06-02,0.920025278973155,,,
2018-06-03,0.914773090467204,,,
2018-06-04,0.915730459839215,,,
2018-06-05,0.914998085598848,,,
2018-06-06,0.915465392320451,,,
2018-06-07,0.914735197944476,,,
2018-06-08,0.919895900384374,,,
2018-06-09,0.921091776917745,,,
2018-06-10,0.927920989699441,,,
2018-06-11,0.92549473877311,,,
2018-06-12,0.927760675446517,,,
2018-06-13,0.927849556390696,,,
2018-06-14,0.929999019426297,,,
2018-06-15,0.93039308088215,,,
2018-06-16,0.930493404487697,,,
2018-06-17,0.930019676111487,,,
2018-06-18,0.93650106534795,,,
2018-06-19,0.932151038188001,,,
2018-06-20,0.933848949251834,,,
2018-06-21,0.93617146152741,,,
2018-06-22,0.939911647678656,,,
2018-06-23,0.938245879477623,,,
2018-06-24,0.926611017748798,,,
2018-06-25,0.922348737979486,,,
2018-06-26,0.922679895312159,,,
2018-06-27,0.921398620317758,,,
2018-06-28,0.921674458730089,,,
2018-06-29,0.913135087621436,,,
2018-06-30,0.916896978981295,,,
2018-07-01,0.916449659607,,,
2018-07-02,0.916345680288783,,,
2018-07-03,0.916989466879265,,,
2018-07-04,0.91755353588138,,,
2018-07-05,0.916771754684243,,,
2018-07-06,0.91591867136907,,,
2018-07-07,0.918769223940486,,,
2018-07-08,0.918742101365839,,,
2018-07-09,0.916926344465274,,,
2018-07-10,0.921693398171677,,,
2018-07-11,0.921377856436051,,,
2018-07-12,0.923657733611038,,,
2018-07-13,0.92384953362412,,,
2018-07-14,0.92367119485969,,,
2018-07-15,0.926429672264508,,,
2018-07-16,0.92726417977299,,,
2018-07-17,0.907650841084485,,,
2018-07-18,0.899471462276308,,,
2018-07-19,0.89450506148019,,,
2018-07-20,0.894325438081389,,,
2018-07-21,0.890087758215254,,,
2018-07-22,0.883243888833389,,,
2018-07-23,0.866823960522521,,,
2018-07-24,0.866182800175763,,,
2018-07-25,0.868399002363642,,,
2018-07-26,0.867269694688947,,,
2018-07-27,0.872349692611309,,,
2018-07-28,0.87326369051008,,,
2018-07-29,0.873165052489865,,,
2018-07-30,0.874395369866226,,,
2018-07-31,0.876991779289263,,,
2018-08-01,0.877311565430797,,,
2018-08-02,0.883640415768389,,,
2018-08-03,0.87439978495782,,,
2018-08-04,0.868126673771224,,,
2018-08-05,0.868092935458761,,,
2018-08-06,0.86752329209667,,,
2018-08-07,0.867382849835079,,,
2018-08-08,0.871354582779384,,,
2018-08-09,0.853179389920587,,,
2018-08-10,0.861049018270186,,,
2018-08-11,0.844852483400492,,,
2018-08-12,0.843731351893223,,,
2018-08-13,0.808329674616991,,,
2018-08-14,0.805208206700778,,,
2018-08-15,0.805293194042414,,,
2018-08-16,0.804468338778035,,,
2018-08-17,0.797530584997274,,,
2018-08-18,0.804734553403618,,,
2018-08-19,0.805312888764597,,,
2018-08-20,0.804322151625606,,,
2018-08-21,0.782191441440359,,,
2018-08-22,0.782374273548695,,,
2018-08-23,0.786508907641352,,,
2018-08-24,0.787928384713614,,,
2018-08-25,0.785352755381972,,,
2018-08-26,0.787143147636628,,,
2018-08-27,0.783439854220025,,,
2018-08-28,0.783925116835198,,,
2018-08-29,0.78234399032641,,,
2018-08-30,0.783231997215868,,,
2018-08-31,0.777278542587505,,,
2018-09-01,0.777127997823949,,,
2018-09-02,0.776267465302641,,,
2018-09-03,0.778488821380863,,,
2018-09-04,0.77663804047655,,,
2018-09-05,0.7950382096175,,,
2018-09-06,0.790897863953336,,,
2018-09-07,0.789130222902329,,,
2018-09-08,0.78436300155258,,,
2018-09-09,0.785678989255697,,,
2018-09-10,0.782994137589804,,,
2018-09-11,0.778364466899518,,,
2018-09-12,0.778305461633304,,,
2018-09-13,0.737555965355145,,,
2018-09-14,0.72611498246659,,,
2018-09-15,0.723325697911687,,,
2018-09-16,0.728901902307666,,,
2018-09-17,0.73881775075578,,,
2018-09-18,0.734867515198191,,,
2018-09-19,0.734312070037749,,,
2018-09-20,0.734090899443287,,,
2018-09-21,0.759575280245893,,,
2018-09-22,0.763036164297608,,,
2018-09-23,0.765188906002267,,,
2018-09-24,0.771767054651239,,,
2018-09-25,0.776573526746005,,,
2018-09-26,0.775371295496014,,,
2018-09-27,0.781860087649672,,,
2018-09-28,0.781778008845264,,,
2018-09-29,0.776309715874195,,,
2018-09-30,0.775880025432649,,,
2018-10-01,0.775631699142736,,,
2018-10-02,0.783390804347248,,,
2018-10-03,0.801940912511532,,,
2018-10-04,0.802038264930085,,,
2018-10-05,0.803701769907371,,,
2018-10-06,0.799705688312682,,,
2018-10-07,0.811067387290543,,,
2018-10-08,0.818847467542452,,,
2018-10-09,0.81605210300795,,,
2018-10-10,0.835998507702827,,,
2018-10-11,0.853831173845345,,,
2018-10-12,0.867169896972433,,,
2018-10-13,0.866262937626491,,,
2018-10-14,0.865764142571646,,,
2018-10-15,0.868854550720162,,,
2018-10-16,0.860446455877071,,,
2018-10-17,0.857672892812676,,,
2018-10-18,0.857823023016358,,,
2018-10-19,0.850747359980917,,,
2018-10-20,0.852231891075688,,,
2018-10-21,0.851025744359644,,,
2018-10-22,0.853369120835657,,,
2018-10-23,0.856505035718539,,,
2018-10-24,0.858479326927965,,,
2018-10-25,0.858261870725591,,,
2018-10-26,0.856476049158559,,,
2018-10-27,0.859304462909333,,,
2018-10-28,0.858851716074375,,,
2018-10-29,0.859566888277394,,,
2018-10-30,0.861682735479328,,,
2018-10-31,0.859517253845208,,,
2018-11-01,0.863529412149506,,,
2018-11-02,0.863568991195235,,,
2018-11-03,0.870781924261821,,,
2018-11-04,0.837425326777377,,,
2018-11-05,0.872689980881881,,,
2018-11-06,0.870129843424121,,,
2018-11-07,0.856296568594366,,,
2018-11-08,0.862002291882108,,,
2018-11-09,0.862300985062104,,,
2018-11-10,0.872622200696276,,,
2018-11-11,0.877553104631089,,,
2018-11-12,0.89935775270981,,,
2018-11-13,0.900160965192702,,,
2018-11-14,0.876824123820823,,,
2018-11-15,0.875763139714228,,,
2018-11-16,0.870267282058915,,,
2018-11-17,0.873843318825529,,,
2018-11-18,0.875701079933103,,,
2018-11-19,0.891929894485021,,,
2018-11-20,0.908342844379737,,,
2018-11-21,0.913776479562263,,,
2018-11-22,0.917957760785324,,,
2018-11-23,0.92145323154455,,,
2018-11-24,0.907143073545209,,,
2018-11-25,0.908773608930131,,,
2018-11-26,0.909636266858749,,,
2018-11-27,0.91261622668228,,,
2018-11-28,0.928847298322294,,,
2018-11-29,0.921780180961354,,,
2018-11-30,0.917754078915834,,,
2018-12-01,0.920061583630977,,,
2018-12-02,0.92122252243299,,,
2018-12-03,0.922535823216637,,,
2018-12-04,0.923489397629213,,,
2018-12-05,0.924828624342177,,,
2018-12-06,0.92366833563681,,,
2018-12-07,0.909955717529946,,,
2018-12-08,0.907385644459169,,,
2018-12-09,0.907555541834672,,,
2018-12-10,0.922718168144791,,,
2018-12-11,0.923163909119701,,,
2018-12-12,0.924118466689896,,,
2018-12-13,0.925542099905654,,,
2018-12-14,0.924029648856211,,,
2018-12-15,0.923883631381057,,,
2018-12-16,0.923937017745284,,,
2018-12-17,0.932609673638081,,,
2018-12-18,0.934321891143309,,,
2018-12-19,0.933756802645938,,,
2018-12-20,0.939707509790913,,,
2018-12-21,0.940277768092167,,,
2018-12-22,0.939324336921936,,,
2018-12-23,0.898828867225765,,,
2018-12-24,0.895794400016448,,,
2018-12-25,0.898939089112765,,,
2018-12-26,0.899180644500875,,,
2018-12-27,0.897151439113128,,,
2018-12-28,0.898018335611833,,,
2018-12-29,0.893471467244667,,,
2018-12-30,0.892842910760855,,,
2018-12-31,0.893514873860327,,,
2019-01-01,0.894691740632423,,,
2019-01-02,0.889035452257765,,,
2019-01-03,0.890123919314516,,,
2019-01-04,0.890239126844205,,,
2019-01-05,0.891380202786685,,,
2019-01-06,0.881256352019183,,,
2019-01-07,0.880458212538521,,,
2019-01-08,0.880218194107661,,,
2019-01-09,0.880122646694957,,,
2019-01-10,0.886227291894826,,,
2019-01-11,0.885697447313504,,,
2019-01-12,0.885980924453515,,,
2019-01-13,0.878239410392138,,,
2019-01-14,0.879056670003435,,,
2019-01-15,0.878904432071807,,,
2019-01-16,0.879062775077852,,,
2019-01-17,0.878589429268805,,,
2019-01-18,0.866910763002378,,,
2019-01-19,0.857800878153549,,,
2019-01-20,0.856955865020459,,,
2019-01-21,0.853393228451016,,,
2019-01-22,0.854804604589675,,,
2019-01-23,0.857793286077243,,,
2019-01-24,0.858569967998768,,,
2019-01-25,0.854858322659335,,,
2019-01-26,0.854484730024326,,,
2019-01-27,0.852228031667388,,,
2019-01-28,0.858849481989393,,,
2019-01-29,0.862627999760163,,,
2019-01-30,0.862521155054208,,,
2019-01-31,0.862316649462462,,,
2019-02-01,0.860543178031973,,,
2019-02-02,0.861009602646587,,,
2019-02-03,0.858160930945088,,,
2019-02-04,0.852311140182645,,,
2019-02-05,0.864988329579584,,,
2019-02-06,0.868583870739952,,,
2019-02-07,0.871672962709793,,,
2019-02-08,0.880444487722032,,,
2019-02-09,0.879887372990391,,,
2019-02-10,0.878689981571867,,,
2019-02-11,0.87935204014108,,,
2019-02-12,0.878741192498177,,,
2019-02-13,0.878719196254941,,,
2019-02-14,0.878778598474886,,,
2019-02-15,0.874412718057411,,,
2019-02-16,0.872196198043576,,,
2019-02-17,0.866430080604264,,,
2019-02-18,0.858332040835205,,,
2019-02-19,0.856723559277312,,,
2019-02-20,0.854104221555967,,,
2019-02-21,0.894655174129693,,,
2019-02-22,0.895476685740158,,,
2019-02-23,0.895213238123487,,,
2019-02-24,0.906605111050102,,,
2019-02-25,0.89961981547576,,,
2019-02-26,0.884770598259919,,,
2019-02-27,0.896424607189693,,,
2019-02-28,0.896737791051172,,,
2019-03-01,0.894193362137734,,,
2019-03-02,0.890396010501924,,,
2019-03-03,0.902607906226138,,,
2019-03-04,0.901788161939488,,,
2019-03-05,0.90622779946747,,,
2019-03-06,0.90758566469523,,,
2019-03-07,0.944806473863338,,,
2019-03-08,0.944142633565382,,,
2019-03-09,0.944551150788281,,,
2019-03-10,0.944484692726644,,,
2019-03-11,0.933703094111328,,,
2019-03-12,0.9343351914514,,,
2019-03-13,0.934107941032714,,,
2019-03-14,0.932373174725061,,,
2019-03-15,0.930238533305225,,,
2019-03-16,0.930823765684558,,,
2019-03-17,0.930806677839735,,,
2019-03-18,0.931512149613658,,,
2019-03-19,0.93150845219999,,,
2019-03-20,0.9303496607799,,,
2019-03-21,0.931455698452033,,,
2019-03-22,0.931800531116038,,,
2019-03-23,0.931475366777282,,,
2019-03-24,0.931303039450644,,,
2019-03-25,0.931355128375278,,,
2019-03-26,0.931566657392025,,,
2019-03-27,0.932954143688114,,,
2019-03-28,0.934232901983729,,,
2019-03-29,0.932360566957453,,,
2019-03-30,0.9322276065904,,,
2019-03-31,0.932298609576088,,,
2019-04-01,0.929945329664664,,,
2019-04-02,0.905370935456747,,,
2019-04-03,0.897104650837904,,,
2019-04-04,0.896773832882788,,,
2019-04-05,0.896462142839373,,,
2019-04-06,0.896469693793847,,,
2019-04-07,0.895683089768381,,,
2019-04-08,0.895417234043832,,,
2019-04-09,0.889082583060546,,,
2019-04-10,0.887305053012086,,,
2019-04-11,0.90019465023769,,,
2019-04-12,0.89917247831855,,,
2019-04-13,0.89999658079574,,,
2019-04-14,0.900190441017972,,,
2019-04-15,0.901240509597276,,,
2019-04-16,0.902451556600026,,,
2019-04-17,0.902652933858118,,,
2019-04-18,0.925208985229998,,,
2019-04-19,0.919996687197166,,,
2019-04-20,0.921049479362953,,,
2019-04-21,0.922517380600419,,,
2019-04-22,0.92203461718912,,,
2019-04-23,0.914837786736406,,,
2019-04-24,0.915636869509568,,,
2019-04-25,0.908548824476395,,,
2019-04-26,0.908095125893101,,,
2019-04-27,0.906560426301221,,,
2019-04-28,0.907267879479449,,,
2019-04-29,0.908183826339275,,,
2019-04-30,0.906007335343444,,,
2019-05-01,0.905161549715641,,,
2019-05-02,0.904561334889122,,,
2019-05-03,0.901850252336587,,,
2019-05-04,0.900361821930929,,,
2019-05-05,0.900740465227604,,,
2019-05-06,0.862412004780888,,,
2019-05-07,0.855169841342323,,,
2019-05-08,0.85259961587127,,,
2019-05-09,0.845104566625609,,,
2019-05-10,0.840856208857162,,,
2019-05-11,0.882115433824011,,,
2019-05-12,0.887768896050294,,,
2019-05-13,0.862190435090216,,,
2019-05-14,0.827959404142928,,,
2019-05-15,0.793600387507087,,,
2019-05-16,0.749098442482493,,,
2019-05-17,0.764492460890875,,,
2019-05-18,0.764828530095321,,,
2019-05-19,0.784230601416777,,,
2019-05-20,0.786081837982396,,,
2019-05-21,0.785185525330529,,,
2019-05-22,0.790127868249732,,,
2019-05-23,0.787733714626318,,,
2019-05-24,0.78646226991664,,,
2019-05-25,0.786215499176238,,,
2019-05-26,0.790128415395966,,,
2019-05-27,0.789266078493314,,,
2019-05-28,0.790228589808008,,,
2019-05-29,0.79050743061074,,,
2019-05-30,0.796019158736297,,,
2019-05-31,0.796952096999471,,,
2019-06-01,0.752054029070085,,,
2019-06-02,0.757460822975534,,,
2019-06-03,0.768601645802306,,,
2019-06-04,0.773793967594594,,,
2019-06-05,0.774006893591311,,,
2019-06-06,0.77343484776346,,,
2019-06-07,0.772346975314002,,,
2019-06-08,0.771702984856232,,,
2019-06-09,0.777340171090063,,,
2019-06-10,0.773496916768997,,,
2019-06-11,0.773886353507276,,,
2019-06-12,0.773687129079789,,,
2019-06-13,0.771465407815256,,,
2019-06-14,0.769655945162012,,,
2019-06-15,0.768534036350302,,,
2019-06-16,0.767557668178691,,,
2019-06-17,0.769576468092129,,,
2019-06-18,0.772979167943688,,,
2019-06-19,0.773140962670781,,,
2019-06-20,0.772116579454743,,,
2019-06-21,0.776940420472238,,,
2019-06-22,0.782409795481134,,,
2019-06-23,0.779578845864687,,,
2019-06-24,0.768146406559231,,,
2019-06-25,0.761614010309044,,,
2019-06-26,0.762869113422333,,,
2019-06-27,0.793530738444613,,,
2019-06-28,0.790120875412269,,,
2019-06-29,0.779367937876116,,,
2019-06-30,0.793698804140173,,,
2019-07-01,0.791168135571493,,,
2019-07-02,0.788332042739029,,,
2019-07-03,0.783833010779836,,,
2019-07-04,0.790637566625566,,,
2019-07-05,0.802087042834167,,,
2019-07-06,0.804017898975148,,,
2019-07-07,0.800564498310186,,,
2019-07-08,0.798155608560319,,,
2019-07-09,0.795912086438409,,,
2019-07-10,0.771756297795019,,,
2019-07-11,0.774617281891579,,,
2019-07-12,0.782973002482772,,,
2019-07-13,0.807805496222525,,,
2019-07-14,0.850596533528546,,,
2019-07-15,0.878070093955436,,,
2019-07-16,0.887915388785596,,,
2019-07-17,0.882895534546645,,,
2019-07-18,0.877480397990026,,,
2019-07-19,0.87676103157012,,,
2019-07-20,0.878048693470252,,,
2019-07-21,0.876741088078825,,,
2019-07-22,0.878149804074572,,,
2019-07-23,0.877141746363806,,,
2019-07-24,0.873766343969741,,,
2019-07-25,0.869468379210086,,,
2019-07-26,0.869537763256655,,,
2019-07-27,0.871089435352534,,,
2019-07-28,0.870279043331435,,,
2019-07-29,0.868206805929125,,,
2019-07-30,0.868188107699472,,,
2019-07-31,0.869740383679637,,,
2019-08-01,0.866966661603515,,,
2019-08-02,0.862749380465703,,,
2019-08-03,0.861340835492187,,,
2019-08-04,0.861972797910344,,,
2019-08-05,0.864305035423337,,,
2019-08-06,0.865224846995109,,,
2019-08-07,0.861234398689533,,,
2019-08-08,0.858895818076882,,,
2019-08-09,0.856844864042669,,,
2019-08-10,0.854381372405727,,,
2019-08-11,0.854517046555979,,,
2019-08-12,0.855963024516617,,,
2019-08-13,0.850074791446885,,,
2019-08-14,0.85556906069395,,,
2019-08-15,0.855645923632267,,,
2019-08-16,0.855014587314552,,,
2019-08-17,0.85237393706338,,,
2019-08-18,0.846055376424605,,,
2019-08-19,0.84803475245106,,,
2019-08-20,0.848018948258484,,,
2019-08-21,0.847533581604823,,,
2019-08-22,0.844446029496366,,,
2019-08-23,0.844729527845153,,,
2019-08-24,0.845939888218974,,,
2019-08-25,0.840718962601083,,,
2019-08-26,0.822573803965,,,
2019-08-27,0.818876305003853,,,
2019-08-28,0.838138245249654,,,
2019-08-29,0.829637622513772,,,
2019-08-30,0.835875044388614,,,
2019-08-31,0.835261881814309,,,
2019-09-01,0.842357693019869,,,
2019-09-02,0.841699388992784,,,
2019-09-03,0.847479104693534,,,
2019-09-04,0.847497373415667,,,
2019-09-05,0.855185761666474,,,
2019-09-06,0.860914739743194,,,
2019-09-07,0.858968415360037,,,
2019-09-08,0.853173989290424,,,
2019-09-09,0.846038806284525,,,
2019-09-10,0.842434310644741,,,
2019-09-11,0.842417029410799,,,
2019-09-12,0.827549434153852,,,
2019-09-13,0.843224105042765,,,
2019-09-14,0.788691187252542,,,
2019-09-15,0.793726492403053,,,
2019-09-16,0.75050373928529,,,
2019-09-17,0.719764756399906,,,
2019-09-18,0.712224496590129,,,
2019-09-19,0.703407079497925,,,
2019-09-20,0.699117160783108,,,
2019-09-21,0.698031256960512,,,
2019-09-22,0.69930961378317,,,
2019-09-23,0.707449980566806,,,
2019-09-24,0.775008916482236,,,
2019-09-25,0.762128271405625,,,
2019-09-26,0.76080885755123,,,
2019-09-27,0.758335444503245,,,
2019-09-28,0.759256011354606,,,
2019-09-29,0.754881503172672,,,
2019-09-30,0.768022502465297,,,
2019-10-01,0.766388826706611,,,
2019-10-02,0.765280461385461,,,
2019-10-03,0.766055651142958,,,
2019-10-04,0.765589681181032,,,
2019-10-05,0.76375304927499,,,
2019-10-06,0.78551882527071,,,
2019-10-07,0.800095557644891,,,
2019-10-08,0.808926923731847,,,
2019-10-09,0.825463045279322,,,
2019-10-10,0.822277568499678,,,
2019-10-11,0.825283984273272,,,
2019-10-12,0.832945383798787,,,
2019-10-13,0.81154652706614,,,
2019-10-14,0.816572538187922,,,
2019-10-15,0.821929316723513,,,
2019-10-16,0.824354319018705,,,
2019-10-17,0.826070983767315,,,
2019-10-18,0.826663722375602,,,
2019-10-19,0.827403967037484,,,
2019-10-20,0.82125578465757,,,
2019-10-21,0.822362184299834,,,
2019-10-22,0.825580597706522,,,
2019-10-23,0.829074321236877,,,
2019-10-24,0.83161723101074,,,
2019-10-25,0.846234351818743,,,
2019-10-26,0.810477194271869,,,
2019-10-27,0.806972490041872,,,
2019-10-28,0.804738754902843,,,
2019-10-29,0.803709706738691,,,
2019-10-30,0.806817802677008,,,
2019-10-31,0.810092760983684,,,
2019-11-01,0.808154406613225,,,
2019-11-02,0.810459093257522,,,
2019-11-03,0.812884119057875,,,
2019-11-04,0.813947743755863,,,
2019-11-05,0.809609690414269,,,
2019-11-06,0.811796104253864,,,
2019-11-07,0.815246043077217,,,
2019-11-08,0.811611082993008,,,
2019-11-09,0.811956096874488,,,
2019-11-10,0.814352916283446,,,
2019-11-11,0.816015068792464,,,
2019-11-12,0.816453807527398,,,
2019-11-13,0.820909331522874,,,
2019-11-14,0.821555187638341,,,
2019-11-15,0.831811377891604,,,
2019-11-16,0.852098843358661,,,
2019-11-17,0.852586669262241,,,
2019-11-18,0.860393732143246,,,
2019-11-19,0.860593209140286,,,
2019-11-20,0.861107120514344,,,
2019-11-21,0.870644424745263,,,
2019-11-22,0.870912971790092,,,
2019-11-23,0.84941338844141,,,
2019-11-24,0.860938988313329,,,
2019-11-25,0.864073229797703,,,
2019-11-26,0.869944192353115,,,
2019-11-27,0.872153755405909,,,
2019-11-28,0.871935890852527,,,
2019-11-29,0.874153656949268,,,
2019-11-30,0.876251164353606,,,
2019-12-01,0.87675997705187,,,
2019-12-02,0.87804612605633,,,
2019-12-03,0.879331460344834,,,
2019-12-04,0.879611207533379,,,
2019-12-05,0.877963267138722,,,
2019-12-06,0.874467078203095,,,
2019-12-07,0.874550409909104,,,
2019-12-08,0.869467011170062,,,
2019-12-09,0.871034142795387,,,
2019-12-10,0.871710604189521,,,
2019-12-11,0.870865522789177,,,
2019-12-12,0.870490050033592,,,
2019-12-13,0.874197310647919,,,
2019-12-14,0.874491527276764,,,
2019-12-15,0.874475765206078,,,
2019-12-16,0.867070133553637,,,
2019-12-17,0.860441923693621,,,
2019-12-18,0.879642465891807,,,
2019-12-19,0.877965730183613,,,
2019-12-20,0.878087261800473,,,
2019-12-21,0.878060531990605,,,
2019-12-22,0.876235359881201,,,
2019-12-23,0.876943864924715,,,
2019-12-24,0.836387301723272,,,
2019-12-25,0.888001670919878,,,
2019-12-26,0.885909900572859,,,
2019-12-27,0.889402142855702,,,
2019-12-28,0.896308984371829,,,
2019-12-29,0.884081582400197,,,
2019-12-30,0.884973802924093,,,
2019-12-31,0.884260507397776,,,
2020-01-01,0.883746273114272,,,
2020-01-02,0.884149012480713,,,
2020-01-03,0.89027207014858,,,
2020-01-04,0.896887164869743,,,
2020-01-05,0.897153384807348,,,
2020-01-06,0.905033947660304,,,
2020-01-07,0.89099520777669,,,
2020-01-08,0.891271172771562,,,
2020-01-09,0.889951523801614,,,
2020-01-10,0.895356448054324,,,
2020-01-11,0.894572937597026,,,
2020-01-12,0.896553338023689,,,
2020-01-13,0.896272466827417,,,
2020-01-14,0.9018647703893,,,
2020-01-15,0.902679939710182,,,
2020-01-16,0.902923783755446,,,
2020-01-17,0.902872344276924,,,
2020-01-18,0.899883640884045,,,
2020-01-19,0.901222477446851,,,
2020-01-20,0.893692287290796,,,
2020-01-21,0.888879101448577,,,
2020-01-22,0.889581656355763,,,
2020-01-23,0.883866841797809,,,
2020-01-24,0.882047407586963,,,
2020-01-25,0.882547411722534,,,
2020-01-26,0.885099668296275,,,
2020-01-27,0.880115333415798,,,
2020-01-28,0.883091842364958,,,
2020-01-29,0.884128645838585,,,
2020-01-30,0.883130887563584,,,
2020-01-31,0.883588408293714,,,
2020-02-01,0.881937576027763,,,
2020-02-02,0.874833684015645,,,
2020-02-03,0.874878540274638,,,
2020-02-04,0.876304842735787,,,
2020-02-05,0.881301624975383,,,
2020-02-06,0.881208427917303,,,
2020-02-07,0.87277879152358,,,
2020-02-08,0.871734827381178,,,
2020-02-09,0.87149154889896,,,
2020-02-10,0.872502575356007,,,
2020-02-11,0.876433977483253,,,
2020-02-12,0.822934457499516,,,
2020-02-13,0.821720919046147,,,
2020-02-14,0.809185606217216,,,
2020-02-15,0.811419756388427,,,
2020-02-16,0.800815791563875,,,
2020-02-17,0.781337895300684,,,
2020-02-18,0.788573429477041,,,
2020-02-19,0.805846089419981,,,
2020-02-20,0.808086752016071,,,
2020-02-21,0.804578499516216,,,
2020-02-22,0.803896577236371,,,
2020-02-23,0.806805410759794,,,
2020-02-24,0.812435906682534,,,
2020-02-25,0.818672073680873,,,
2020-02-26,0.834075083226334,,,
2020-02-27,0.836490827894332,,,
2020-02-28,0.834179601809104,,,
2020-02-29,0.835745396124504,,,
2020-03-01,0.836114574182214,,,
2020-03-02,0.838132081180658,,,
2020-03-03,0.8378725306172,,,
2020-03-04,0.838218989034036,,,
2020-03-05,0.8322823439085,,,
2020-03-06,0.818036649669905,,,
2020-03-07,0.849103139757864,,,
2020-03-08,0.873430025907271,,,
2020-03-09,0.872131638640192,,,
2020-03-10,0.87187195438549,,,
2020-03-11,0.865046019400441,,,
2020-03-12,0.94088249160475,,,
2020-03-13,0.946075420853941,,,
2020-03-14,0.945709198246102,,,
2020-03-15,0.942847609530603,,,
2020-03-16,0.942995720025684,,,
2020-03-17,0.941495374482631,,,
2020-03-18,0.941773225329612,,,
2020-03-19,0.945519094829657,,,
2020-03-20,0.943595172610221,,,
2020-03-21,0.943583265809872,,,
2020-03-22,0.94420619473414,,,
2020-03-23,0.944316771700989,,,
2020-03-24,0.943539660338161,,,
2020-03-25,0.943446451850423,,,
2020-03-26,0.943281704559913,,,
2020-03-27,0.944672580879391,,,
2020-03-28,0.944684711843357,,,
2020-03-29,0.944807174310096,,,
2020-03-30,0.942617882393327,,,
2020-03-31,0.942610945999924,,,
2020-04-01,0.942063433992453,,,
2020-04-02,0.94312361736277,,,
2020-04-03,0.943154425984213,,,
2020-04-04,0.943252025059193,,,
2020-04-05,0.94306334938273,,,
2020-04-06,0.937302270836068,,,
2020-04-07,0.938428100471501,,,
2020-04-08,0.938443988048032,,,
2020-04-09,0.938513448070881,,,
2020-04-10,0.939354937906419,,,
2020-04-11,0.938916554912841,,,
2020-04-12,0.951443795719316,,,
2020-04-13,0.951896220849155,,,
2020-04-14,0.954137394279,,,
2020-04-15,0.954122929426707,,,
2020-04-16,0.954669317922813,,,
2020-04-17,0.95791979028063,,,
2020-04-18,0.954120528687057,,,
2020-04-19,0.95341936760773,,,
2020-04-20,0.953739752508184,,,
2020-04-21,0.95394451375001,,,
2020-04-22,0.954192517502149,,,
2020-04-23,0.951621176136433,,,
2020-04-24,0.951424546048124,,,
2020-04-25,0.950903398298411,,,
2020-04-26,0.950492729104404,,,
2020-04-27,0.950110427875844,,,
2020-04-28,0.950276934949802,,,
2020-04-29,0.946764827313888,,,
2020-04-30,0.946249420186068,,,
2020-05-01,0.946026907598783,,,
2020-05-02,0.945949150837657,,,
2020-05-03,0.945933707410068,,,
2020-05-04,0.946475500373788,,,
2020-05-05,0.949935332319285,,,
2020-05-06,0.947496636611318,,,
2020-05-07,0.945360185964934,,,
2020-05-08,0.945524934012364,,,
2020-05-09,0.944622737417921,,,
2020-05-10,0.947698650123568,,,
2020-05-11,0.902571511308473,,,
2020-05-12,0.893846288923051,,,
2020-05-13,0.888444155287555,,,
2020-05-14,0.887243827936991,,,
2020-05-15,0.883746435682054,,,
2020-05-16,0.880833863418722,,,
2020-05-17,0.881118223633447,,,
2020-05-18,0.85585216679721,,,
2020-05-19,0.858794748604145,,,
2020-05-20,0.859662793591467,,,
2020-05-21,0.857320278365162,,,
2020-05-22,0.843394894701178,,,
2020-05-23,0.844553215005559,,,
2020-05-24,0.843570346269058,,,
2020-05-25,0.84350940228171,,,
2020-05-26,0.84136512685903,,,
2020-05-27,0.842668488432317,,,
2020-05-28,0.841596705770531,,,
2020-05-29,0.842042010801892,,,
2020-05-30,0.830776525494515,,,
2020-05-31,0.835319556597983,,,
2020-06-01,0.83928672038826,,,
2020-06-02,0.841452062073039,,,
2020-06-03,0.841312336630437,,,
2020-06-04,0.838795349717302,,,
2020-06-05,0.85036878809434,,,
2020-06-06,0.849926161470264,,,
2020-06-07,0.850812647585316,,,
2020-06-08,0.850358490139435,,,
2020-06-09,0.841158373322877,,,
2020-06-10,0.841191898857493,,,
2020-06-11,0.849763405688777,,,
2020-06-12,0.849138197049547,,,
2020-06-13,0.849473246606472,,,
2020-06-14,0.846811332695181,,,
2020-06-15,0.839041637573132,,,
2020-06-16,0.838610935831682,,,
2020-06-17,0.856280863894889,,,
2020-06-18,0.856984217944812,,,
2020-06-19,0.852902769136317,,,
2020-06-20,0.852609617420675,,,
2020-06-21,0.853359743242754,,,
2020-06-22,0.86072659994138,,,
2020-06-23,0.86101537294691,,,
2020-06-24,0.868056203950671,,,
2020-06-25,0.867837718938118,,,
2020-06-26,0.869460147987796,,,
2020-06-27,0.868810808331463,,,
2020-06-28,0.86053440960505,,,
2020-06-29,0.863219765452118,,,
2020-06-30,0.861932573004701,,,
2020-07-01,0.861998043064651,,,
2020-07-02,0.862849507018166,,,
2020-07-03,0.863883708176816,,,
2020-07-04,0.867563382974759,,,
2020-07-05,0.88224956865891,,,
2020-07-06,0.88652574922539,,,
2020-07-07,0.887177714337855,,,
2020-07-08,0.890853722451842,,,
2020-07-09,0.870066046101229,,,
2020-07-10,0.868406761843701,,,
2020-07-11,0.868470158934092,,,
2020-07-12,0.863678069652743,,,
2020-07-13,0.880138169265321,,,
2020-07-14,0.876415895021957,,,
2020-07-15,0.878044762292316,,,
2020-07-16,0.875388799710601,,,
2020-07-17,0.880386315264005,,,
2020-07-18,0.881029559017338,,,
2020-07-19,0.88030159042977,,,
2020-07-20,0.872506846737131,,,
2020-07-21,0.879145032283668,,,
2020-07-22,0.859208041361571,,,
2020-07-23,0.858079414515991,,,
2020-07-24,0.854675255052489,,,
2020-07-25,0.83100391079725,,,
2020-07-26,0.830324205525939,,,
2020-07-27,0.748500595767356,,,
2020-07-28,0.752202573182016,,,
2020-07-29,0.765997233093213,,,
2020-07-30,0.740453112100762,,,
2020-07-31,0.711089825650273,,,
2020-08-01,0.698700483976778,,,
2020-08-02,0.708095766928309,,,
2020-08-03,0.715114454546588,,,
2020-08-04,0.711196057009999,,,
2020-08-05,0.705398339556847,,,
2020-08-06,0.701448491762266,,,
2020-08-07,0.704453580789657,,,
2020-08-08,0.705749088759852,,,
2020-08-09,0.706395653423355,,,
2020-08-10,0.671522583223404,,,
2020-08-11,0.685700538969082,,,
2020-08-12,0.686673383220864,,,
2020-08-13,0.666180370597692,,,
2020-08-14,0.665906597858219,,,
2020-08-15,0.660747205522869,,,
2020-08-16,0.659038980969881,,,
2020-08-17,0.639640375586347,,,
2020-08-18,0.644204502078066,,,
2020-08-19,0.654200677810116,,,
2020-08-20,0.65339203642696,,,
2020-08-21,0.650725182967002,,,
2020-08-22,0.651163609803936,,,
2020-08-23,0.640429313845534,,,
2020-08-24,0.637410082484523,,,
2020-08-25,0.655170412622143,,,
2020-08-26,0.648290788218537,,,
2020-08-27,0.650354689219709,,,
2020-08-28,0.652652720448702,,,
2020-08-29,0.650570183556867,,,
2020-08-30,0.649720383654078,,,
2020-08-31,0.6438768676226,,,
2020-09-01,0.642358314945944,,,
2020-09-02,0.672018377252295,,,
2020-09-03,0.736950618856806,,,
2020-09-04,0.729392356921511,,,
2020-09-05,0.72147914417578,,,
2020-09-06,0.717517209958096,,,
2020-09-07,0.713669161425209,,,
2020-09-08,0.719477183902431,,,
2020-09-09,0.719098943934782,,,
2020-09-10,0.719180726229248,,,
2020-09-11,0.7187828117534,,,
2020-09-12,0.718031276331871,,,
2020-09-13,0.716519047606387,,,
2020-09-14,0.715069241345551,,,
2020-09-15,0.706980456283007,,,
2020-09-16,0.704713488539231,,,
2020-09-17,0.692392518739051,,,
2020-09-18,0.691375298350663,,,
2020-09-19,0.688313843977891,,,
2020-09-20,0.69278675932612,,,
2020-09-21,0.706789793943539,,,
2020-09-22,0.708582675045235,,,
2020-09-23,0.719557243712407,,,
2020-09-24,0.732554713182655,,,
2020-09-25,0.790244298123684,,,
2020-09-26,0.789776643416782,,,
2020-09-27,0.792903300809236,,,
2020-09-28,0.799164462121536,,,
2020-09-29,0.797877338436623,,,
2020-09-30,0.787962614729998,,,
2020-10-01,0.79859087210327,,,
2020-10-02,0.797087762109559,,,
2020-10-03,0.798159808663638,,,
2020-10-04,0.809171842316409,,,
2020-10-05,0.81048137625195,,,
2020-10-06,0.810828379144669,,,
2020-10-07,0.809241452154128,,,
2020-10-08,0.810026871503294,,,
2020-10-09,0.811992530702019,,,
2020-10-10,0.810217512401293,,,
2020-10-11,0.80970356608848,,,
2020-10-12,0.818604814650942,,,
2020-10-13,0.822265838482535,,,
2020-10-14,0.825039401843601,,,
2020-10-15,0.82396042745823,,,
2020-10-16,0.84160429996848,,,
2020-10-17,0.843642253868055,,,
2020-10-18,0.842406027367712,,,
2020-10-19,0.836153755695487,,,
2020-10-20,0.817463591507616,,,
2020-10-21,0.807385344714679,,,
2020-10-22,0.804593625271089,,,
2020-10-23,0.806452111508828,,,
2020-10-24,0.798911180063,,,
2020-10-25,0.799460785133667,,,
2020-10-26,0.796173820282066,,,
2020-10-27,0.787412898951156,,,
2020-10-28,0.792189139077915,,,
2020-10-29,0.791996433330042,,,
2020-10-30,0.793397977352295,,,
2020-10-31,0.800878041034024,,,
2020-11-01,0.780183112158364,,,
2020-11-02,0.731203535759732,,,
2020-11-03,0.728760729229795,,,
2020-11-04,0.715354147652959,,,
2020-11-05,0.67453620872319,,,
2020-11-06,0.620780575420854,,,
2020-11-07,0.624115833121426,,,
2020-11-08,0.637774273723885,,,
2020-11-09,0.645929190352166,,,
2020-11-10,0.644608773155754,,,
2020-11-11,0.653542290453063,,,
2020-11-12,0.639008965198847,,,
2020-11-13,0.628891337734389,,,
2020-11-14,0.64380541280861,,,
2020-11-15,0.647465503657335,,,
2020-11-16,0.684591884330866,,,
2020-11-17,0.693673181209707,,,
2020-11-18,0.6932622875812,,,
2020-11-19,0.68864604498725,,,
2020-11-20,0.676709498922911,,,
2020-11-21,0.642279028974274,,,
2020-11-22,0.605887396677746,,,
2020-11-23,0.535516855694413,,,
2020-11-24,0.517388759241959,,,
2020-11-25,0.535450455199558,,,
2020-11-26,0.607027737640168,,,
2020-11-27,0.607043610933806,,,
2020-11-28,0.614639281252056,,,
2020-11-29,0.615498251358582,,,
2020-11-30,0.631974391413654,,,
2020-12-01,0.644598879274872,,,
2020-12-02,0.644746056599942,,,
2020-12-03,0.643987801470873,,,
2020-12-04,0.662430433441564,,,
2020-12-05,0.657500079015316,,,
2020-12-06,0.657415340189886,,,
2020-12-07,0.658946634845765,,,
2020-12-08,0.678693372848593,,,
2020-12-09,0.677167817096651,,,
2020-12-10,0.680472248417679,,,
2020-12-11,0.68403568866499,,,
2020-12-12,0.687097726593079,,,
2020-12-13,0.686283627588186,,,
2020-12-14,0.686149240283309,,,
2020-12-15,0.682635424674008,,,
2020-12-16,0.702193041328485,,,
2020-12-17,0.688340822908495,,,
2020-12-18,0.689588143719095,,,
2020-12-19,0.694357808087712,,,
2020-12-20,0.686149120304787,,,
2020-12-21,0.700263000376534,,,
2020-12-22,0.701862902276617,,,
2020-12-23,0.703308780771163,,,
2020-12-24,0.700908630904059,,,
2020-12-25,0.702877412973475,,,
2020-12-26,0.689247533650842,,,
2020-12-27,0.651807207465605,,,
2020-12-28,0.650945356908163,,,
2020-12-29,0.65173157168406,,,
2020-12-30,0.649208126841127,,,
2020-12-31,0.653035307522873,,,
2021-01-01,0.648368363463849,,,
2021-01-02,0.658339592857195,,,
2021-01-03,0.567996002751112,,,
2021-01-04,0.557187527106342,,,
2021-01-05,0.585451233647386,,,
2021-01-06,0.588994926460461,,,
2021-01-07,0.575753465671076,,,
2021-01-08,0.565292229675276,,,
2021-01-09,0.552844011293923,,,
2021-01-10,0.55514389244047,,,
2021-01-11,0.609134328276393,,,
2021-01-12,0.618747557332292,,,
2021-01-13,0.626597105563648,,,
2021-01-14,0.628616172042294,,,
2021-01-15,0.635867748581302,,,
2021-01-16,0.623348666690053,,,
2021-01-17,0.623467959673865,,,
2021-01-18,0.622642858327595,,,
2021-01-19,0.591631960896258,,,
2021-01-20,0.602274932424282,,,
2021-01-21,0.664105353113659,,,
2021-01-22,0.682856248880114,,,
2021-01-23,0.688414023365975,,,
2021-01-24,0.666725877062922,,,
2021-01-25,0.644689286642149,,,
2021-01-26,0.64371477940475,,,
2021-01-27,0.658553568021733,,,
2021-01-28,0.662213945429497,,,
2021-01-29,0.658697914737553,,,
2021-01-30,0.653312457778135,,,
2021-01-31,0.658779433312147,,,
2021-02-01,0.658371758379844,,,
2021-02-02,0.658673630598745,,,
2021-02-03,0.664040072972672,,,
2021-02-04,0.666006550725414,,,
2021-02-05,0.664449422830088,,,
2021-02-06,0.647402473379899,,,
2021-02-07,0.649403796215432,,,
2021-02-08,0.629527229055365,,,
2021-02-09,0.627042341227194,,,
2021-02-10,0.628317658956808,,,
2021-02-11,0.62434987135416,,,
2021-02-12,0.621210160407829,,,
2021-02-13,0.622459523013491,,,
2021-02-14,0.612137727803294,,,
2021-02-15,0.622011743793337,,,
2021-02-16,0.620361139020464,,,
2021-02-17,0.621053154649975,,,
2021-02-18,0.612830041799375,,,
2021-02-19,0.59726440649518,,,
2021-02-20,0.597468626174396,,,
2021-02-21,0.592316579278578,,,
2021-02-22,0.608886369103774,,,
2021-02-23,0.637392211153439,,,
2021-02-24,0.645198546785966,,,
2021-02-25,0.661609213076463,,,
2021-02-26,0.664658632320816,,,
2021-02-27,0.66442670853409,,,
2021-02-28,0.66748932238607,,,
2021-03-01,0.677543344510077,,,
2021-03-02,0.68153533435766,,,
2021-03-03,0.682941070651472,,,
2021-03-04,0.745688388592989,,,
2021-03-05,0.761483407320009,,,
2021-03-06,0.745658913402456,,,
2021-03-07,0.73909822757925,,,
2021-03-08,0.7439493409733,,,
2021-03-09,0.746038226785185,,,
2021-03-10,0.747029959095098,,,
2021-03-11,0.747759453867263,,,
2021-03-12,0.732857769708849,,,
2021-03-13,0.735624851373834,,,
2021-03-14,0.72911070003382,,,
2021-03-15,0.729508474116796,,,
2021-03-16,0.726528128047323,,,
2021-03-17,0.736714015298912,,,
2021-03-18,0.738269661778641,,,
2021-03-19,0.738127325574094,,,
2021-03-20,0.770012483196687,,,
2021-03-21,0.770293621864639,,,
2021-03-22,0.738186991458085,,,
2021-03-23,0.731234759941401,,,
2021-03-24,0.738298037079653,,,
2021-03-25,0.777295613599683,,,
2021-03-26,0.788266239951105,,,
2021-03-27,0.790289785153011,,,
2021-03-28,0.77891846801443,,,
2021-03-29,0.766258299205382,,,
2021-03-30,0.766622709802482,,,
2021-03-31,0.760527226898299,,,
2021-04-01,0.752616349999987,,,
2021-04-02,0.735169325144418,,,
2021-04-03,0.734943845398599,,,
2021-04-04,0.729171423586042,,,
2021-04-05,0.728047633197356,,,
2021-04-06,0.73065888007287,,,
2021-04-07,0.744799702394111,,,
2021-04-08,0.74680411104217,,,
2021-04-09,0.764186923497398,,,
2021-04-10,0.765715417316932,,,
2021-04-11,0.766610119904865,,,
2021-04-12,0.773663600870173,,,
2021-04-13,0.789964185317643,,,
2021-04-14,0.771526549067041,,,
2021-04-15,0.776436006349177,,,
2021-04-16,0.778622998809646,,,
2021-04-17,0.784108624107518,,,
2021-04-18,0.788470553801421,,,
2021-04-19,0.800530569929637,,,
2021-04-20,0.816553153309004,,,
2021-04-21,0.803480785501756,,,
2021-04-22,0.789693718247273,,,
2021-04-23,0.778741627973114,,,
2021-04-24,0.742238861830209,,,
2021-04-25,0.727406909870184,,,
2021-04-26,0.742498186257143,,,
2021-04-27,0.739594661762496,,,
2021-04-28,0.735516726750542,,,
2021-04-29,0.732639872935263,,,
2021-04-30,0.672943999442394,,,
2021-05-01,0.657304420649842,,,
2021-05-02,0.647033807937937,,,
2021-05-03,0.591678516961677,,,
2021-05-04,0.608686069844952,,,
2021-05-05,0.636104624076487,,,
2021-05-06,0.63632055460422,,,
2021-05-07,0.631031959942195,,,
2021-05-08,0.633815311550988,,,
2021-05-09,0.653064270122445,,,
2021-05-10,0.651226054972148,,,
2021-05-11,0.6534714341846,,,
2021-05-12,0.641873110477744,,,
2021-05-13,0.642858719795749,,,
2021-05-14,0.62417994270321,,,
2021-05-15,0.647046032915155,,,
2021-05-16,0.657163396711353,,,
2021-05-17,0.67050205467036,,,
2021-05-18,0.667897773150677,,,
2021-05-19,0.727990154284865,,,
2021-05-20,0.737509128329063,,,
2021-05-21,0.752135343886933,,,
2021-05-22,0.743945202286224,,,
2021-05-23,0.752207053499963,,,
2021-05-24,0.784403557281259,,,
2021-05-25,0.782985513956546,,,
2021-05-26,0.786885392816678,,,
2021-05-27,0.787256773248744,,,
2021-05-28,0.793979107233353,,,
2021-05-29,0.795373179785208,,,
2021-05-30,0.796355690659157,,,
2021-05-31,0.801625942631058,,,
2021-06-01,0.804858361882296,,,
2021-06-02,0.803811855593711,,,
2021-06-03,0.804715012207268,,,
2021-06-04,0.80810916108492,,,
2021-06-05,0.809042500996545,,,
2021-06-06,0.808889425576859,,,
2021-06-07,0.808845352595579,,,
2021-06-08,0.808108091847828,,,
2021-06-09,0.778384609785881,,,
2021-06-10,0.777218547363659,,,
2021-06-11,0.768326077434177,,,
2021-06-12,0.760076451248689,,,
2021-06-13,0.75676353210819,,,
2021-06-14,0.755694373680231,,,
2021-06-15,0.754670137119737,,,
2021-06-16,0.757805169571155,,,
2021-06-17,0.757062154091334,,,
2021-06-18,0.761165854548225,,,
2021-06-19,0.760951064373403,,,
2021-06-20,0.766749716647999,,,
2021-06-21,0.788410276877343,,,
2021-06-22,0.784103423259701,,,
2021-06-23,0.787158218570385,,,
2021-06-24,0.790022940289826,,,
2021-06-25,0.789629630820758,,,
2021-06-26,0.787565778034567,,,
2021-06-27,0.794070038642671,,,
2021-06-28,0.792070652870193,,,
2021-06-29,0.80872105269936,,,
2021-06-30,0.804471509231072,,,
2021-07-01,0.807121928190447,,,
2021-07-02,0.825923430259211,,,
2021-07-03,0.826796911943886,,,
2021-07-04,0.824400651330045,,,
2021-07-05,0.825438323664188,,,
2021-07-06,0.826292073927567,,,
2021-07-07,0.829897760997788,,,
2021-07-08,0.829379986950616,,,
2021-07-09,0.834205666136974,,,
2021-07-10,0.834368797028375,,,
2021-07-11,0.845408728560529,,,
2021-07-12,0.84587531319984,,,
2021-07-13,0.854195569039236,,,
2021-07-14,0.850676916424125,,,
2021-07-15,0.850956814356427,,,
2021-07-16,0.848317375522494,,,
2021-07-17,0.852284569043715,,,
2021-07-18,0.837398947333446,,,
2021-07-19,0.830839050147779,,,
2021-07-20,0.818323894777637,,,
2021-07-21,0.834522979956617,,,
2021-07-22,0.827708963694457,,,
2021-07-23,0.815584068043763,,,
2021-07-24,0.820620032477994,,,
2021-07-25,0.819237398516327,,,
2021-07-26,0.814023143019667,,,
2021-07-27,0.80071475753077,,,
2021-07-28,0.798519182778253,,,
2021-07-29,0.793804335935288,,,
2021-07-30,0.80212977742392,,,
2021-07-31,0.795972976321399,,,
2021-08-01,0.78351691269337,,,
2021-08-02,0.773858153753119,,,
2021-08-03,0.768932616306706,,,
2021-08-04,0.767885013861395,,,
2021-08-05,0.771817408638416,,,
2021-08-06,0.768450693785308,,,
2021-08-07,0.768993927274464,,,
2021-08-08,0.794407311538932,,,
2021-08-09,0.79709898918748,,,
2021-08-10,0.810739766925528,,,
2021-08-11,0.824279391643775,,,
2021-08-12,0.832373975343003,,,
2021-08-13,0.841952161862689,,,
2021-08-14,0.842268713001018,,,
2021-08-15,0.835746932524356,,,
2021-08-16,0.837260675258298,,,
2021-08-17,0.83365794618657,,,
2021-08-18,0.83415886892214,,,
2021-08-19,0.838708263357219,,,
2021-08-20,0.801718112023686,,,
2021-08-21,0.810071978559593,,,
2021-08-22,0.807313251122732,,,
2021-08-23,0.808860866503031,,,
2021-08-24,0.794930767899646,,,
2021-08-25,0.795324648240097,,,
2021-08-26,0.784287627318813,,,
2021-08-27,0.805283044297387,,,
2021-08-28,0.802910398156969,,,
2021-08-29,0.832697087089258,,,
2021-08-30,0.812770451474508,,,
2021-08-31,0.797748066211114,,,
2021-09-01,0.786700234846016,,,
2021-09-02,0.784358811247386,,,
2021-09-03,0.775345022453664,,,
2021-09-04,0.780504832558894,,,
2021-09-05,0.777068438178172,,,
2021-09-06,0.768079193622737,,,
2021-09-07,0.814380149478399,,,
2021-09-08,0.807426785698586,,,
2021-09-09,0.804710126392038,,,
2021-09-10,0.805311037408633,,,
2021-09-11,0.805727558854369,,,
2021-09-12,0.807792857252488,,,
2021-09-13,0.806560516833713,,,
2021-09-14,0.807137205954862,,,
2021-09-15,0.807522073811703,,,
2021-09-16,0.808498505128271,,,
2021-09-17,0.803134601215315,,,
2021-09-18,0.800581329674463,,,
2021-09-19,0.785123955824384,,,
2021-09-20,0.812823002787516,,,
2021-09-21,0.819938876255048,,,
2021-09-22,0.832134686970726,,,
2021-09-23,0.836242279307718,,,
2021-09-24,0.852916588696697,,,
2021-09-25,0.857685248921279,,,
2021-09-26,0.858354741964854,,,
2021-09-27,0.861355577765444,,,
2021-09-28,0.865235831226086,,,
2021-09-29,0.869261648629951,,,
2021-09-30,0.885151846502238,,,
2021-10-01,0.897327866563008,,,
2021-10-02,0.891802676189566,,,
2021-10-03,0.892690281248326,,,
2021-10-04,0.887103170394091,,,
2021-10-05,0.890569819090392,,,
2021-10-06,0.874963743313438,,,
2021-10-07,0.870963409433235,,,
2021-10-08,0.869662018200414,,,
2021-10-09,0.869322683386694,,,
2021-10-10,0.866431007600243,,,
2021-10-11,0.862671222942225,,,
2021-10-12,0.853096066657893,,,
2021-10-13,0.853257501047896,,,
2021-10-14,0.84399665085192,,,
2021-10-15,0.829757830837389,,,
2021-10-16,0.82735907643134,,,
2021-10-17,0.827112225809209,,,
2021-10-18,0.821385419833375,,,
2021-10-19,0.823864768300353,,,
2021-10-20,0.8210071084912,,,
2021-10-21,0.816057919856835,,,
2021-10-22,0.818307463467709,,,
2021-10-23,0.810886703657333,,,
2021-10-24,0.811180557428847,,,
2021-10-25,0.809967348070015,,,
2021-10-26,0.806146100046084,,,
2021-10-27,0.808989539595212,,,
2021-10-28,0.807945763858734,,,
2021-10-29,0.816008441211242,,,
2021-10-30,0.827181061997245,,,
2021-10-31,0.839103761836707,,,