Time,Pearson: BTC-DOGE / PriceUSD,,,
2014-03-24,0.439186956783214,,,
2014-03-25,0.490675565304776,,,
2014-03-26,0.488131392637169,,,
2014-03-27,0.522942059842276,,,
2014-03-28,0.507617036088825,,,
2014-03-29,0.485374046109849,,,
2014-03-30,0.49995822350313,,,
2014-03-31,0.498290096774296,,,
2014-04-01,0.509642622748182,,,
2014-04-02,0.554552211800269,,,
2014-04-03,0.555276982818263,,,
2014-04-04,0.557872669888509,,,
2014-04-05,0.566861215072275,,,
2014-04-06,0.588885384773233,,,
2014-04-07,0.590369627924614,,,
2014-04-08,0.578723465843582,,,
2014-04-09,0.5858401067344,,,
2014-04-10,0.636114676348447,,,
2014-04-11,0.697767920211332,,,
2014-04-12,0.735074981777052,,,
2014-04-13,0.737535810049279,,,
2014-04-14,0.745874617705838,,,
2014-04-15,0.769934159281624,,,
2014-04-16,0.752932219739209,,,
2014-04-17,0.755181571008307,,,
2014-04-18,0.758199130054412,,,
2014-04-19,0.760303097024073,,,
2014-04-20,0.760722314413288,,,
2014-04-21,0.760356278351495,,,
2014-04-22,0.77065854014685,,,
2014-04-23,0.770257178798133,,,
2014-04-24,0.778659070161653,,,
2014-04-25,0.779531461261101,,,
2014-04-26,0.779035395017037,,,
2014-04-27,0.768806972664006,,,
2014-04-28,0.766930735860857,,,
2014-04-29,0.763644298736445,,,
2014-04-30,0.763523092482903,,,
2014-05-01,0.764125891522058,,,
2014-05-02,0.794562562033248,,,
2014-05-03,0.793060067091845,,,
2014-05-04,0.79151996817174,,,
2014-05-05,0.792983742094168,,,
2014-05-06,0.790032982112072,,,
2014-05-07,0.790640863047949,,,
2014-05-08,0.79228665066602,,,
2014-05-09,0.796960461757674,,,
2014-05-10,0.796096033889372,,,
2014-05-11,0.824422130982949,,,
2014-05-12,0.831566578467753,,,
2014-05-13,0.83306085190249,,,
2014-05-14,0.836232373553787,,,
2014-05-15,0.83571455575877,,,
2014-05-16,0.837131326973612,,,
2014-05-17,0.837039818940308,,,
2014-05-18,0.837203612121077,,,
2014-05-19,0.835212892090712,,,
2014-05-20,0.833060872670053,,,
2014-05-21,0.831147224090233,,,
2014-05-22,0.795507137452109,,,
2014-05-23,0.805435437450309,,,
2014-05-24,0.803617455131127,,,
2014-05-25,0.78087982595403,,,
2014-05-26,0.745083165604652,,,
2014-05-27,0.731757324021722,,,
2014-05-28,0.773308119399096,,,
2014-05-29,0.765395729795054,,,
2014-05-30,0.728907483454536,,,
2014-05-31,0.719208059865471,,,
2014-06-01,0.673069230387869,,,
2014-06-02,0.665436495201198,,,
2014-06-03,0.665851382964971,,,
2014-06-04,0.671546395321224,,,
2014-06-05,0.668592545219721,,,
2014-06-06,0.664230584077424,,,
2014-06-07,0.664353293089468,,,
2014-06-08,0.664810087716433,,,
2014-06-09,0.608723642783415,,,
2014-06-10,0.497978263859128,,,
2014-06-11,0.470780076115389,,,
2014-06-12,0.494156636699192,,,
2014-06-13,0.453110524579767,,,
2014-06-14,0.288953330124968,,,
2014-06-15,0.285047081464154,,,
2014-06-16,0.259174036190491,,,
2014-06-17,0.241946771869618,,,
2014-06-18,0.221772771529048,,,
2014-06-19,0.220881933525956,,,
2014-06-20,0.220471233725361,,,
2014-06-21,0.214918076866459,,,
2014-06-22,0.209730772349751,,,
2014-06-23,0.209266088107001,,,
2014-06-24,0.140664579571519,,,
2014-06-25,0.164542302669987,,,
2014-06-26,0.170461181856236,,,
2014-06-27,0.17715065947737,,,
2014-06-28,0.182401038677258,,,
2014-06-29,0.178988617062164,,,
2014-06-30,0.2027316813403,,,
2014-07-01,0.199723571548857,,,
2014-07-02,0.195752131760865,,,
2014-07-03,0.19059268599678,,,
2014-07-04,0.164696406534351,,,
2014-07-05,0.169961983901389,,,
2014-07-06,0.16021355735819,,,
2014-07-07,0.171652067437806,,,
2014-07-08,0.144907214959264,,,
2014-07-09,0.14183581676022,,,
2014-07-10,0.130166798494736,,,
2014-07-11,0.13236100853321,,,
2014-07-12,0.130829224122042,,,
2014-07-13,0.12946234314211,,,
2014-07-14,0.14021196232219,,,
2014-07-15,0.139735528238505,,,
2014-07-16,0.147265428881979,,,
2014-07-17,0.150902527626494,,,
2014-07-18,0.147405071170905,,,
2014-07-19,0.0822733873854104,,,
2014-07-20,0.0891829919730411,,,
2014-07-21,0.140038695056341,,,
2014-07-22,0.140181248015328,,,
2014-07-23,0.137110010621013,,,
2014-07-24,0.16722617137202,,,
2014-07-25,0.19673744544429,,,
2014-07-26,0.209335505865411,,,
2014-07-27,0.207584994054964,,,
2014-07-28,0.205533958672575,,,
2014-07-29,0.276279108760484,,,
2014-07-30,0.306929009651782,,,
2014-07-31,0.344040932459619,,,
2014-08-01,0.376961634044628,,,
2014-08-02,0.379831216554353,,,
2014-08-03,0.3562578298579,,,
2014-08-04,0.368563892410921,,,
2014-08-05,0.382165189150453,,,
2014-08-06,0.37959065075019,,,
2014-08-07,0.375661075684185,,,
2014-08-08,0.371028721912864,,,
2014-08-09,0.371711416605362,,,
2014-08-10,0.431053601038201,,,
2014-08-11,0.392183589651906,,,
2014-08-12,0.342204519910604,,,
2014-08-13,0.379047834431451,,,
2014-08-14,0.396358521021872,,,
2014-08-15,0.397327498451885,,,
2014-08-16,0.405296734675864,,,
2014-08-17,0.406972139929524,,,
2014-08-18,0.450522229496052,,,
2014-08-19,0.471218747086833,,,
2014-08-20,0.523958858553054,,,
2014-08-21,0.533737152940492,,,
2014-08-22,0.50210617880154,,,
2014-08-23,0.422258151686634,,,
2014-08-24,0.419632953401846,,,
2014-08-25,0.404160712039243,,,
2014-08-26,0.412565504493878,,,
2014-08-27,0.409252024003247,,,
2014-08-28,0.416964988976973,,,
2014-08-29,0.412665641398675,,,
2014-08-30,0.416241106729556,,,
2014-08-31,0.422750851628552,,,
2014-09-01,0.422332689110395,,,
2014-09-02,0.436930386120039,,,
2014-09-03,0.441815333345683,,,
2014-09-04,0.470112617136399,,,
2014-09-05,0.461485952396555,,,
2014-09-06,0.453923039421853,,,
2014-09-07,0.45165650326136,,,
2014-09-08,0.456119455745884,,,
2014-09-09,0.466826409714403,,,
2014-09-10,0.463514082214081,,,
2014-09-11,0.461211549702291,,,
2014-09-12,0.45751564567179,,,
2014-09-13,0.453012685295042,,,
2014-09-14,0.426876835831001,,,
2014-09-15,0.420384647175735,,,
2014-09-16,0.436174602473975,,,
2014-09-17,0.439581986414497,,,
2014-09-18,0.387118530312254,,,
2014-09-19,0.397714375875945,,,
2014-09-20,0.40868988426851,,,
2014-09-21,0.410426447495739,,,
2014-09-22,0.408900594150476,,,
2014-09-23,0.39529660791498,,,
2014-09-24,0.374052648857244,,,
2014-09-25,0.362810198055117,,,
2014-09-26,0.35120255913654,,,
2014-09-27,0.348269134055719,,,
2014-09-28,0.328990017270964,,,
2014-09-29,0.325700180093221,,,
2014-09-30,0.322633233087827,,,
2014-10-01,0.32443148661817,,,
2014-10-02,0.332835906417175,,,
2014-10-03,0.338707996972962,,,
2014-10-04,0.353328913893662,,,
2014-10-05,0.357375523043928,,,
2014-10-06,0.360145273586064,,,
2014-10-07,0.36491012198022,,,
2014-10-08,0.353677678593145,,,
2014-10-09,0.340732481521473,,,
2014-10-10,0.333262644571133,,,
2014-10-11,0.340005426544286,,,
2014-10-12,0.33281982205945,,,
2014-10-13,0.306226662236306,,,
2014-10-14,0.300654463011798,,,
2014-10-15,0.305324097079758,,,
2014-10-16,0.303857694124317,,,
2014-10-17,0.275184797915421,,,
2014-10-18,0.267432107660219,,,
2014-10-19,0.235131582912917,,,
2014-10-20,0.238556110795296,,,
2014-10-21,0.245321471032507,,,
2014-10-22,0.270265983412842,,,
2014-10-23,0.268013282219339,,,
2014-10-24,0.266831228966617,,,
2014-10-25,0.249710063570661,,,
2014-10-26,0.252384330420748,,,
2014-10-27,0.252734278785607,,,
2014-10-28,0.255593863981957,,,
2014-10-29,0.272672595154874,,,
2014-10-30,0.270114740325733,,,
2014-10-31,0.271566690905325,,,
2014-11-01,0.279067748880319,,,
2014-11-02,0.27379731173163,,,
2014-11-03,0.242696290902664,,,
2014-11-04,0.242660968740067,,,
2014-11-05,0.242444300310184,,,
2014-11-06,0.258336705455151,,,
2014-11-07,0.259724557252792,,,
2014-11-08,0.257497772821461,,,
2014-11-09,0.254967797055507,,,
2014-11-10,0.257122645031966,,,
2014-11-11,0.257229889782539,,,
2014-11-12,0.303572812102751,,,
2014-11-13,0.352665255906892,,,
2014-11-14,0.370385511580398,,,
2014-11-15,0.374868047951188,,,
2014-11-16,0.370319597782043,,,
2014-11-17,0.423902893291244,,,
2014-11-18,0.406273830243607,,,
2014-11-19,0.392692324747482,,,
2014-11-20,0.385315544260069,,,
2014-11-21,0.388419126393935,,,
2014-11-22,0.364783239937251,,,
2014-11-23,0.437127952757321,,,
2014-11-24,0.454994621629734,,,
2014-11-25,0.515404310630688,,,
2014-11-26,0.544301872414807,,,
2014-11-27,0.567463484734457,,,
2014-11-28,0.57030667403915,,,
2014-11-29,0.566575005632845,,,
2014-11-30,0.564831147267536,,,
2014-12-01,0.560158500229602,,,
2014-12-02,0.552698885096855,,,
2014-12-03,0.529893973356328,,,
2014-12-04,0.530229463631961,,,
2014-12-05,0.533002072244069,,,
2014-12-06,0.531712761631276,,,
2014-12-07,0.536562136973442,,,
2014-12-08,0.560762745826871,,,
2014-12-09,0.566886878417574,,,
2014-12-10,0.567687628003527,,,
2014-12-11,0.55717462683472,,,
2014-12-12,0.57000238725923,,,
2014-12-13,0.576254824608809,,,
2014-12-14,0.567009447413588,,,
2014-12-15,0.563125726517742,,,
2014-12-16,0.583201302957496,,,
2014-12-17,0.563917187595423,,,
2014-12-18,0.570961199153335,,,
2014-12-19,0.566954283554174,,,
2014-12-20,0.581757055223532,,,
2014-12-21,0.62333305417349,,,
2014-12-22,0.621895297155504,,,
2014-12-23,0.623958178642086,,,
2014-12-24,0.62763606652666,,,
2014-12-25,0.626750968452869,,,
2014-12-26,0.633595303452227,,,
2014-12-27,0.639983384303064,,,
2014-12-28,0.628707117345221,,,
2014-12-29,0.630277186590489,,,
2014-12-30,0.63078961789265,,,
2014-12-31,0.634259410423984,,,
2015-01-01,0.646685821314747,,,
2015-01-02,0.647464896515657,,,
2015-01-03,0.671142561446673,,,
2015-01-04,0.680121199696971,,,
2015-01-05,0.673534504605677,,,
2015-01-06,0.68596871171119,,,
2015-01-07,0.688973800224589,,,
2015-01-08,0.700464490492781,,,
2015-01-09,0.702152936355469,,,
2015-01-10,0.713636146696088,,,
2015-01-11,0.704001752740386,,,
2015-01-12,0.711823640212512,,,
2015-01-13,0.739021198063119,,,
2015-01-14,0.754198708371383,,,
2015-01-15,0.825288270753138,,,
2015-01-16,0.827933920648085,,,
2015-01-17,0.827748675349997,,,
2015-01-18,0.822298596932419,,,
2015-01-19,0.827858761338763,,,
2015-01-20,0.825794225001129,,,
2015-01-21,0.834321873593784,,,
2015-01-22,0.864900680672672,,,
2015-01-23,0.872641405363352,,,
2015-01-24,0.877636296781855,,,
2015-01-25,0.878567185748447,,,
2015-01-26,0.869460589092837,,,
2015-01-27,0.870222523133201,,,
2015-01-28,0.87618647389371,,,
2015-01-29,0.87635632403911,,,
2015-01-30,0.87632215110363,,,
2015-01-31,0.87671655864522,,,
2015-02-01,0.878825339246182,,,
2015-02-02,0.880375399099927,,,
2015-02-03,0.88060163366581,,,
2015-02-04,0.882040431020325,,,
2015-02-05,0.882481059292564,,,
2015-02-06,0.882450928557724,,,
2015-02-07,0.881944711284918,,,
2015-02-08,0.882333042832237,,,
2015-02-09,0.882631267729272,,,
2015-02-10,0.883079019154804,,,
2015-02-11,0.883884334478868,,,
2015-02-12,0.888282938088591,,,
2015-02-13,0.88594970244565,,,
2015-02-14,0.888860366768618,,,
2015-02-15,0.900613374086713,,,
2015-02-16,0.900598775310424,,,
2015-02-17,0.914092392284864,,,
2015-02-18,0.916074264935411,,,
2015-02-19,0.920215587452905,,,
2015-02-20,0.920679555527624,,,
2015-02-21,0.920602413071794,,,
2015-02-22,0.920220467132853,,,
2015-02-23,0.920239773433363,,,
2015-02-24,0.920256101973289,,,
2015-02-25,0.91993604764426,,,
2015-02-26,0.919958391605095,,,
2015-02-27,0.91765810161883,,,
2015-02-28,0.917668609531728,,,
2015-03-01,0.918234609138779,,,
2015-03-02,0.916360865841657,,,
2015-03-03,0.905090276112653,,,
2015-03-04,0.899684121586209,,,
2015-03-05,0.897277122406224,,,
2015-03-06,0.896736094422147,,,
2015-03-07,0.896081463744115,,,
2015-03-08,0.895558081894731,,,
2015-03-09,0.895064565828348,,,
2015-03-10,0.892526623695035,,,
2015-03-11,0.894839486240074,,,
2015-03-12,0.907229032126243,,,
2015-03-13,0.908672199117466,,,
2015-03-14,0.891155964998953,,,
2015-03-15,0.875888014395219,,,
2015-03-16,0.821856824499892,,,
2015-03-17,0.821769638412976,,,
2015-03-18,0.836648403030125,,,
2015-03-19,0.835677353231851,,,
2015-03-20,0.834244076897098,,,
2015-03-21,0.841579134214706,,,
2015-03-22,0.837658976956648,,,
2015-03-23,0.841757146481078,,,
2015-03-24,0.845649285522224,,,
2015-03-25,0.832017420855941,,,
2015-03-26,0.819081926648575,,,
2015-03-27,0.859912596463652,,,
2015-03-28,0.856910783021111,,,
2015-03-29,0.83203074587272,,,
2015-03-30,0.834099525069358,,,
2015-03-31,0.833770046775536,,,
2015-04-01,0.830002859386991,,,
2015-04-02,0.828497056267022,,,
2015-04-03,0.817267210181437,,,
2015-04-04,0.806406735278575,,,
2015-04-05,0.799841045683722,,,
2015-04-06,0.795747573216948,,,
2015-04-07,0.794066580293097,,,
2015-04-08,0.797640581713218,,,
2015-04-09,0.796294368161516,,,
2015-04-10,0.797489098691058,,,
2015-04-11,0.794144002693737,,,
2015-04-12,0.792511360258731,,,
2015-04-13,0.800876238842397,,,
2015-04-14,0.800366764107325,,,
2015-04-15,0.775335469172829,,,
2015-04-16,0.745700653839909,,,
2015-04-17,0.748751238598315,,,
2015-04-18,0.739097865750856,,,
2015-04-19,0.730880577339541,,,
2015-04-20,0.729592527303882,,,
2015-04-21,0.741447888752715,,,
2015-04-22,0.741956956248233,,,
2015-04-23,0.737698504563587,,,
2015-04-24,0.730865466838441,,,
2015-04-25,0.732222988358741,,,
2015-04-26,0.7359922773724,,,
2015-04-27,0.732383427611651,,,
2015-04-28,0.727182938888846,,,
2015-04-29,0.725911021293741,,,
2015-04-30,0.73725936694936,,,
2015-05-01,0.733104899776916,,,
2015-05-02,0.77644604309058,,,
2015-05-03,0.721308168122845,,,
2015-05-04,0.696989364293278,,,
2015-05-05,0.659114912518587,,,
2015-05-06,0.661051784472677,,,
2015-05-07,0.591172161154696,,,
2015-05-08,0.591248964496913,,,
2015-05-09,0.585753018691813,,,
2015-05-10,0.582074736036451,,,
2015-05-11,0.583235514292146,,,
2015-05-12,0.468790600367455,,,
2015-05-13,0.47356653416738,,,
2015-05-14,0.472570809664066,,,
2015-05-15,0.472735689925254,,,
2015-05-16,0.467020325585042,,,
2015-05-17,0.417315525172022,,,
2015-05-18,0.408922474327793,,,
2015-05-19,0.405632319253316,,,
2015-05-20,0.396674668129062,,,
2015-05-21,0.38773581509871,,,
2015-05-22,0.375277224083143,,,
2015-05-23,0.352081782408753,,,
2015-05-24,0.354923585150382,,,
2015-05-25,0.345359984399077,,,
2015-05-26,0.332418494040933,,,
2015-05-27,0.314786099943212,,,
2015-05-28,0.310074967278607,,,
2015-05-29,0.307015467637571,,,
2015-05-30,0.313146662879179,,,
2015-05-31,0.320852226681666,,,
2015-06-01,0.326995909001224,,,
2015-06-02,0.337660004219774,,,
2015-06-03,0.33343812927006,,,
2015-06-04,0.349016882832855,,,
2015-06-05,0.345106322002564,,,
2015-06-06,0.345105171279741,,,
2015-06-07,0.330390708295736,,,
2015-06-08,0.325390476970323,,,
2015-06-09,0.319741494413961,,,
2015-06-10,0.318917293631343,,,
2015-06-11,0.319592814887748,,,
2015-06-12,0.29483534537563,,,
2015-06-13,0.285114044135271,,,
2015-06-14,0.287118795410726,,,
2015-06-15,0.283818200669967,,,
2015-06-16,0.349981081877879,,,
2015-06-17,0.335795332249137,,,
2015-06-18,0.335785208673345,,,
2015-06-19,0.337722384285999,,,
2015-06-20,0.335688628464973,,,
2015-06-21,0.335687019606992,,,
2015-06-22,0.329599741897422,,,
2015-06-23,0.322396816611155,,,
2015-06-24,0.314927019757972,,,
2015-06-25,0.306065721623658,,,
2015-06-26,0.285212952175236,,,
2015-06-27,0.299041425153953,,,
2015-06-28,0.306106216193884,,,
2015-06-29,0.313930741188977,,,
2015-06-30,0.28732732372326,,,
2015-07-01,0.306324937391745,,,
2015-07-02,0.343883061906413,,,
2015-07-03,0.339129400721859,,,
2015-07-04,0.353499063695266,,,
2015-07-05,0.331737623004351,,,
2015-07-06,0.405965400913136,,,
2015-07-07,0.38405630240345,,,
2015-07-08,0.387186297557444,,,
2015-07-09,0.381947622894299,,,
2015-07-10,0.381321310507737,,,
2015-07-11,0.420297778471548,,,
2015-07-12,0.431332663345594,,,
2015-07-13,0.489005978249631,,,
2015-07-14,0.491222180495425,,,
2015-07-15,0.493849554348515,,,
2015-07-16,0.516466444383447,,,
2015-07-17,0.51517988650094,,,
2015-07-18,0.514340105515142,,,
2015-07-19,0.538685842936931,,,
2015-07-20,0.542787708655151,,,
2015-07-21,0.558025310644928,,,
2015-07-22,0.565576589173809,,,
2015-07-23,0.564677648774343,,,
2015-07-24,0.580988521243894,,,
2015-07-25,0.607470092693778,,,
2015-07-26,0.698690063877172,,,
2015-07-27,0.698553049533703,,,
2015-07-28,0.705753856647058,,,
2015-07-29,0.703232483914747,,,
2015-07-30,0.697238571952632,,,
2015-07-31,0.69070673060787,,,
2015-08-01,0.718825628639884,,,
2015-08-02,0.728333875172373,,,
2015-08-03,0.724466306962793,,,
2015-08-04,0.721540846254448,,,
2015-08-05,0.723412804694194,,,
2015-08-06,0.725615127863759,,,
2015-08-07,0.72843719726092,,,
2015-08-08,0.75234032697167,,,
2015-08-09,0.756845825440484,,,
2015-08-10,0.757804413905493,,,
2015-08-11,0.758545483381461,,,
2015-08-12,0.759405569206205,,,
2015-08-13,0.762017111708434,,,
2015-08-14,0.762834319112,,,
2015-08-15,0.731159199272214,,,
2015-08-16,0.770676414550445,,,
2015-08-17,0.768015393026828,,,
2015-08-18,0.841305413907927,,,
2015-08-19,0.846885027810375,,,
2015-08-20,0.85095359666906,,,
2015-08-21,0.835657823042062,,,
2015-08-22,0.834557510962973,,,
2015-08-23,0.833036941026288,,,
2015-08-24,0.841123926790071,,,
2015-08-25,0.828366263054726,,,
2015-08-26,0.825803758675144,,,
2015-08-27,0.826568767134219,,,
2015-08-28,0.822874714349481,,,
2015-08-29,0.825928291698086,,,
2015-08-30,0.825502386968944,,,
2015-08-31,0.825705441651967,,,
2015-09-01,0.823753988853049,,,
2015-09-02,0.821915963472083,,,
2015-09-03,0.821597071002165,,,
2015-09-04,0.828620852661048,,,
2015-09-05,0.82896811113457,,,
2015-09-06,0.827088400421807,,,
2015-09-07,0.83271071199679,,,
2015-09-08,0.827714723454513,,,
2015-09-09,0.83893441214244,,,
2015-09-10,0.828965594757756,,,
2015-09-11,0.817291357307623,,,
2015-09-12,0.817404103905949,,,
2015-09-13,0.818945137936284,,,
2015-09-14,0.825024704823384,,,
2015-09-15,0.825039569228437,,,
2015-09-16,0.831767415369518,,,
2015-09-17,0.838196507494716,,,
2015-09-18,0.837769739155246,,,
2015-09-19,0.837340282363986,,,
2015-09-20,0.862270331583574,,,
2015-09-21,0.865902487044602,,,
2015-09-22,0.851291601364872,,,
2015-09-23,0.846075850056052,,,
2015-09-24,0.847584867920964,,,
2015-09-25,0.848386456293736,,,
2015-09-26,0.849181880959561,,,
2015-09-27,0.848413233329602,,,
2015-09-28,0.853723247590528,,,
2015-09-29,0.854108861668184,,,
2015-09-30,0.858219582705516,,,
2015-10-01,0.859562551197238,,,
2015-10-02,0.861457593965397,,,
2015-10-03,0.865845850147947,,,
2015-10-04,0.866138107132594,,,
2015-10-05,0.857533281366796,,,
2015-10-06,0.858383988298038,,,
2015-10-07,0.846384491004453,,,
2015-10-08,0.849175455748512,,,
2015-10-09,0.848766641999518,,,
2015-10-10,0.847168448339615,,,
2015-10-11,0.845152124858219,,,
2015-10-12,0.844299752139946,,,
2015-10-13,0.84347716535889,,,
2015-10-14,0.843346554419055,,,
2015-10-15,0.841696222449866,,,
2015-10-16,0.839973398990826,,,
2015-10-17,0.67600854924741,,,
2015-10-18,0.662260424493175,,,
2015-10-19,0.636490650062485,,,
2015-10-20,0.69232416584713,,,
2015-10-21,0.708274060470196,,,
2015-10-22,0.717386822031489,,,
2015-10-23,0.587048088594594,,,
2015-10-24,0.615568308055838,,,
2015-10-25,0.606324241686982,,,
2015-10-26,0.595415659485144,,,
2015-10-27,0.593900351413608,,,
2015-10-28,0.614637923311417,,,
2015-10-29,0.63982762952934,,,
2015-10-30,0.68245090466774,,,
2015-10-31,0.713780178663129,,,
2015-11-01,0.691920993745853,,,
2015-11-02,0.686618323410045,,,
2015-11-03,0.653846310071653,,,
2015-11-04,0.616582025370089,,,
2015-11-05,0.540003187255173,,,
2015-11-06,0.545192143907342,,,
2015-11-07,0.488145538659365,,,
2015-11-08,0.454833836492791,,,
2015-11-09,0.452926285648165,,,
2015-11-10,0.576651970973973,,,
2015-11-11,0.481798786481178,,,
2015-11-12,0.492674904419829,,,
2015-11-13,0.490052569392425,,,
2015-11-14,0.495675439223427,,,
2015-11-15,0.499668553196156,,,
2015-11-16,0.506353149900168,,,
2015-11-17,0.506481689076545,,,
2015-11-18,0.50682041127998,,,
2015-11-19,0.515976165342232,,,
2015-11-20,0.520595842210767,,,
2015-11-21,0.52451588980663,,,
2015-11-22,0.526425270859059,,,
2015-11-23,0.524902865015388,,,
2015-11-24,0.527162894543343,,,
2015-11-25,0.530058694630958,,,
2015-11-26,0.542932233426458,,,
2015-11-27,0.52731509812266,,,
2015-11-28,0.516867216225719,,,
2015-11-29,0.5184055953342,,,
2015-11-30,0.50966733275715,,,
2015-12-01,0.522929397930515,,,
2015-12-02,0.517076854887349,,,
2015-12-03,0.51554868347212,,,
2015-12-04,0.51908042875804,,,
2015-12-05,0.517006836106658,,,
2015-12-06,0.512162319728845,,,
2015-12-07,0.51080701714282,,,
2015-12-08,0.520690356042182,,,
2015-12-09,0.514632141940772,,,
2015-12-10,0.517778587115514,,,
2015-12-11,0.541035502844538,,,
2015-12-12,0.557310191822711,,,
2015-12-13,0.558216457419205,,,
2015-12-14,0.558432916135285,,,
2015-12-15,0.5600266013788,,,
2015-12-16,0.562347904062038,,,
2015-12-17,0.551828680632507,,,
2015-12-18,0.551555281445906,,,
2015-12-19,0.553477812576018,,,
2015-12-20,0.567900785594252,,,
2015-12-21,0.563442176982779,,,
2015-12-22,0.573676256893036,,,
2015-12-23,0.571170606817987,,,
2015-12-24,0.574506609158758,,,
2015-12-25,0.576551210309577,,,
2015-12-26,0.569991469596643,,,
2015-12-27,0.56606560925828,,,
2015-12-28,0.561769326230521,,,
2015-12-29,0.556370743323127,,,
2015-12-30,0.545090085513397,,,
2015-12-31,0.545564777750298,,,
2016-01-01,0.519732450696326,,,
2016-01-02,0.517252412247316,,,
2016-01-03,0.546637807582165,,,
2016-01-04,0.583483387656891,,,
2016-01-05,0.57730101152277,,,
2016-01-06,0.623068845663205,,,
2016-01-07,0.64785549997285,,,
2016-01-08,0.574306813426984,,,
2016-01-09,0.360820999834067,,,
2016-01-10,0.41803511823193,,,
2016-01-11,0.404871217107356,,,
2016-01-12,0.394820732332485,,,
2016-01-13,0.388604935102755,,,
2016-01-14,0.38219088936418,,,
2016-01-15,0.532539335417178,,,
2016-01-16,0.549806898643249,,,
2016-01-17,0.552257946586911,,,
2016-01-18,0.546921347874877,,,
2016-01-19,0.54828751364831,,,
2016-01-20,0.613531663561037,,,
2016-01-21,0.613985055058859,,,
2016-01-22,0.595047047253729,,,
2016-01-23,0.594444349455025,,,
2016-01-24,0.602189942773835,,,
2016-01-25,0.553258439643627,,,
2016-01-26,0.297181715530314,,,
2016-01-27,0.279985638998658,,,
2016-01-28,0.312339378619549,,,
2016-01-29,0.314978014925115,,,
2016-01-30,0.302760409100983,,,
2016-01-31,0.29770271946326,,,
2016-02-01,0.295663080987977,,,
2016-02-02,0.295943756163151,,,
2016-02-03,0.305168114745746,,,
2016-02-04,0.315381281834325,,,
2016-02-05,0.313989114917152,,,
2016-02-06,0.313728573171656,,,
2016-02-07,0.309810868233123,,,
2016-02-08,0.309561949263764,,,
2016-02-09,0.311231273246559,,,
2016-02-10,0.301400509484082,,,
2016-02-11,0.301288569113211,,,
2016-02-12,0.302240722050441,,,
2016-02-13,0.302541796111592,,,
2016-02-14,0.298729243987631,,,
2016-02-15,0.300227569409308,,,
2016-02-16,0.297403754031066,,,
2016-02-17,0.289539674311258,,,
2016-02-18,0.278141685719753,,,
2016-02-19,0.276528021189087,,,
2016-02-20,0.267074976679156,,,
2016-02-21,0.266058757689963,,,
2016-02-22,0.266639728564884,,,
2016-02-23,0.269348724723329,,,
2016-02-24,0.270178080980779,,,
2016-02-25,0.269639654402004,,,
2016-02-26,0.265652287352956,,,
2016-02-27,0.264267360524508,,,
2016-02-28,0.263093703033354,,,
2016-02-29,0.261871885302384,,,
2016-03-01,0.263350931572323,,,
2016-03-02,0.266597941584277,,,
2016-03-03,0.265441989110346,,,
2016-03-04,0.271313508142833,,,
2016-03-05,0.278046689763836,,,
2016-03-06,0.275903788835769,,,
2016-03-07,0.283207189158057,,,
2016-03-08,0.28932476760004,,,
2016-03-09,0.300953953613195,,,
2016-03-10,0.303483042315714,,,
2016-03-11,0.302928211550154,,,
2016-03-12,0.30681814914319,,,
2016-03-13,0.30750297585683,,,
2016-03-14,0.305211363185532,,,
2016-03-15,0.243560866089087,,,
2016-03-16,0.232992048190318,,,
2016-03-17,0.228080275207555,,,
2016-03-18,0.23492813261247,,,
2016-03-19,0.232443533152149,,,
2016-03-20,0.17030004133108,,,
2016-03-21,0.168458444344897,,,
2016-03-22,0.184589099320609,,,
2016-03-23,0.182440403436813,,,
2016-03-24,0.158052400329781,,,
2016-03-25,0.190162888210243,,,
2016-03-26,0.312830601434213,,,
2016-03-27,0.373654826565944,,,
2016-03-28,0.263493521825806,,,
2016-03-29,0.15016861166541,,,
2016-03-30,0.160992784515161,,,
2016-03-31,0.198630639746691,,,
2016-04-01,0.201509167908547,,,
2016-04-02,0.2026027259647,,,
2016-04-03,0.211325218429322,,,
2016-04-04,0.120446027406941,,,
2016-04-05,0.137382824880526,,,
2016-04-06,0.15736828202485,,,
2016-04-07,0.161967627508309,,,
2016-04-08,0.169461018946049,,,
2016-04-09,0.167630058227372,,,
2016-04-10,0.160925974481288,,,
2016-04-11,0.157299358255438,,,
2016-04-12,0.159808984366114,,,
2016-04-13,0.174512518999252,,,
2016-04-14,0.149716812316028,,,
2016-04-15,0.147000732553255,,,
2016-04-16,0.15104620886615,,,
2016-04-17,0.184384507592618,,,
2016-04-18,0.187222312855745,,,
2016-04-19,0.20346753648704,,,
2016-04-20,0.232718015674291,,,
2016-04-21,0.233917065119002,,,
2016-04-22,0.234672861416179,,,
2016-04-23,0.243586109600138,,,
2016-04-24,0.236220740981195,,,
2016-04-25,0.235112116315836,,,
2016-04-26,0.257481439661422,,,
2016-04-27,0.299286629137959,,,
2016-04-28,0.30411549353039,,,
2016-04-29,0.310635704965606,,,
2016-04-30,0.315665014903741,,,
2016-05-01,0.306641101917027,,,
2016-05-02,0.314534506273681,,,
2016-05-03,0.29056205827994,,,
2016-05-04,0.246685219725876,,,
2016-05-05,0.250895896860722,,,
2016-05-06,0.219280741313926,,,
2016-05-07,0.212094858250118,,,
2016-05-08,0.211960636684722,,,
2016-05-09,0.198500346306705,,,
2016-05-10,0.196807648245459,,,
2016-05-11,0.188326119039527,,,
2016-05-12,0.188467497172682,,,
2016-05-13,0.19483770701605,,,
2016-05-14,0.194241721629829,,,
2016-05-15,0.194895537590404,,,
2016-05-16,0.208215752570542,,,
2016-05-17,0.177187297952108,,,
2016-05-18,0.179495657867255,,,
2016-05-19,0.20708509989631,,,
2016-05-20,0.209274383486871,,,
2016-05-21,0.20483135293617,,,
2016-05-22,0.211574634527326,,,
2016-05-23,0.208093708869814,,,
2016-05-24,0.203235271600899,,,
2016-05-25,0.201497876002399,,,
2016-05-26,0.194345289412847,,,
2016-05-27,0.172798719112439,,,
2016-05-28,0.19734652295234,,,
2016-05-29,0.17745915010953,,,
2016-05-30,0.182192475684392,,,
2016-05-31,0.189772063111196,,,
2016-06-01,0.194281231801639,,,
2016-06-02,0.193699798148973,,,
2016-06-03,0.235492816850624,,,
2016-06-04,0.238144912507445,,,
2016-06-05,0.239000540437006,,,
2016-06-06,0.228992818743751,,,
2016-06-07,0.218154422121339,,,
2016-06-08,0.216332817999651,,,
2016-06-09,0.154113522153126,,,
2016-06-10,0.158584311322076,,,
2016-06-11,0.165939466758948,,,
2016-06-12,0.178841412694189,,,
2016-06-13,0.252589949145493,,,
2016-06-14,0.15891619371471,,,
2016-06-15,0.158224493523144,,,
2016-06-16,0.228338118041516,,,
2016-06-17,0.252948901082933,,,
2016-06-18,0.253081346934242,,,
2016-06-19,0.250927221477923,,,
2016-06-20,0.312993240941235,,,
2016-06-21,0.337622108850378,,,
2016-06-22,0.478527008566937,,,
2016-06-23,0.5048534380582,,,
2016-06-24,0.487678234397568,,,
2016-06-25,0.489632943785161,,,
2016-06-26,0.484991197810173,,,
2016-06-27,0.489455922513937,,,
2016-06-28,0.482084602602585,,,
2016-06-29,0.478751547769026,,,
2016-06-30,0.490213817387175,,,
2016-07-01,0.485860793457859,,,
2016-07-02,0.489387913748338,,,
2016-07-03,0.520893952669879,,,
2016-07-04,0.523469654302948,,,
2016-07-05,0.523970993629529,,,
2016-07-06,0.522030882748566,,,
2016-07-07,0.532046609449555,,,
2016-07-08,0.527457956872704,,,
2016-07-09,0.529258323006115,,,
2016-07-10,0.530170187238783,,,
2016-07-11,0.537844441253795,,,
2016-07-12,0.533399247049719,,,
2016-07-13,0.536414458799933,,,
2016-07-14,0.536150497343524,,,
2016-07-15,0.533414848897142,,,
2016-07-16,0.53305227405207,,,
2016-07-17,0.532344204549258,,,
2016-07-18,0.525702974396254,,,
2016-07-19,0.526080263623903,,,
2016-07-20,0.528735320730308,,,
2016-07-21,0.526978257533365,,,
2016-07-22,0.527208347605384,,,
2016-07-23,0.519314700259046,,,
2016-07-24,0.518252046274184,,,
2016-07-25,0.520370644035654,,,
2016-07-26,0.525920609549504,,,
2016-07-27,0.611608359261239,,,
2016-07-28,0.612494300323136,,,
2016-07-29,0.613546733686477,,,
2016-07-30,0.61353600715335,,,
2016-07-31,0.613839392318443,,,
2016-08-01,0.618350105234564,,,
2016-08-02,0.642151508855132,,,
2016-08-03,0.662162678443527,,,
2016-08-04,0.661676679271755,,,
2016-08-05,0.661522782749679,,,
2016-08-06,0.663516450048613,,,
2016-08-07,0.607415544017315,,,
2016-08-08,0.604482809129383,,,
2016-08-09,0.604839745013294,,,
2016-08-10,0.608894240375474,,,
2016-08-11,0.631303541021692,,,
2016-08-12,0.616557128420496,,,
2016-08-13,0.66120423208963,,,
2016-08-14,0.64752677443151,,,
2016-08-15,0.637776993326166,,,
2016-08-16,0.637391817931993,,,
2016-08-17,0.634345202292306,,,
2016-08-18,0.63275432804156,,,
2016-08-19,0.613058193233769,,,
2016-08-20,0.618463068636238,,,
2016-08-21,0.547207807518118,,,
2016-08-22,0.516163606824032,,,
2016-08-23,0.538312248775272,,,
2016-08-24,0.534028432264757,,,
2016-08-25,0.52668456225239,,,
2016-08-26,0.519236364479141,,,
2016-08-27,0.527656786972656,,,
2016-08-28,0.529429170933679,,,
2016-08-29,0.511912187090604,,,
2016-08-30,0.516314319349178,,,
2016-08-31,0.509202780375956,,,
2016-09-01,0.467739605392733,,,
2016-09-02,0.463323002925258,,,
2016-09-03,0.45594402629723,,,
2016-09-04,0.455997629623802,,,
2016-09-05,0.447131022223413,,,
2016-09-06,0.450255584290253,,,
2016-09-07,0.4475700689639,,,
2016-09-08,0.446232876951565,,,
2016-09-09,0.442439603553548,,,
2016-09-10,0.451928259808218,,,
2016-09-11,0.453797214137907,,,
2016-09-12,0.455027664154122,,,
2016-09-13,0.453112547621789,,,
2016-09-14,0.45257631529129,,,
2016-09-15,0.450006749022363,,,
2016-09-16,0.438793256568551,,,
2016-09-17,0.43175059196217,,,
2016-09-18,0.430583202079225,,,
2016-09-19,0.432225086086798,,,
2016-09-20,0.432096217212912,,,
2016-09-21,0.42641604202879,,,
2016-09-22,0.430586600109683,,,
2016-09-23,0.426590060704872,,,
2016-09-24,0.426815160823333,,,
2016-09-25,0.427820167607428,,,
2016-09-26,0.42988903002474,,,
2016-09-27,0.432518363471271,,,
2016-09-28,0.432573873220379,,,
2016-09-29,0.429986130600589,,,
2016-09-30,0.421325724815871,,,
2016-10-01,0.331004758734908,,,
2016-10-02,0.23119344152715,,,
2016-10-03,0.235510659360577,,,
2016-10-04,0.247102893543645,,,
2016-10-05,0.223016554714573,,,
2016-10-06,0.218590883682391,,,
2016-10-07,0.221574621921959,,,
2016-10-08,0.225688008030478,,,
2016-10-09,0.222477440785629,,,
2016-10-10,0.222128371717703,,,
2016-10-11,0.196755131877872,,,
2016-10-12,0.204170388682013,,,
2016-10-13,0.269049865392186,,,
2016-10-14,0.257183712833207,,,
2016-10-15,0.194261666999695,,,
2016-10-16,0.174333257788285,,,
2016-10-17,0.178480240698709,,,
2016-10-18,0.179808878772541,,,
2016-10-19,0.173797576020854,,,
2016-10-20,0.169839074747018,,,
2016-10-21,0.176086003367438,,,
2016-10-22,0.214267094446326,,,
2016-10-23,0.235153614975424,,,
2016-10-24,0.236796488058077,,,
2016-10-25,0.244901508121883,,,
2016-10-26,0.15194045006541,,,
2016-10-27,0.157684374007213,,,
2016-10-28,0.151358125761656,,,
2016-10-29,0.176392565854734,,,
2016-10-30,0.158539872315995,,,
2016-10-31,0.156133701935721,,,
2016-11-01,0.142392941134589,,,
2016-11-02,0.152330733164688,,,
2016-11-03,0.231134287607727,,,
2016-11-04,0.253996909343998,,,
2016-11-05,0.261976554800814,,,
2016-11-06,0.265233144648347,,,
2016-11-07,0.192052065833404,,,
2016-11-08,0.185574072615817,,,
2016-11-09,0.17757832701344,,,
2016-11-10,0.154226981807344,,,
2016-11-11,0.154810704566075,,,
2016-11-12,0.16961262802897,,,
2016-11-13,0.167697608643452,,,
2016-11-14,0.179608206489166,,,
2016-11-15,0.19873714614536,,,
2016-11-16,0.20600693381291,,,
2016-11-17,0.213618850519672,,,
2016-11-18,0.200548806332429,,,
2016-11-19,0.198784298503382,,,
2016-11-20,0.161563843165291,,,
2016-11-21,0.16000071355853,,,
2016-11-22,0.170819697669841,,,
2016-11-23,0.191918875467077,,,
2016-11-24,0.169944598562814,,,
2016-11-25,0.167383437159519,,,
2016-11-26,0.17031626512502,,,
2016-11-27,0.180118707656379,,,
2016-11-28,0.179551885436354,,,
2016-11-29,0.178504410694899,,,
2016-11-30,0.183104939130087,,,
2016-12-01,0.186389815239833,,,
2016-12-02,0.196087416750821,,,
2016-12-03,0.190903772763137,,,
2016-12-04,0.194014624917089,,,
2016-12-05,0.171971246716941,,,
2016-12-06,0.163947688700669,,,
2016-12-07,0.165746874989904,,,
2016-12-08,0.16742401893228,,,
2016-12-09,0.167109830873658,,,
2016-12-10,0.175552853196077,,,
2016-12-11,0.134268221402921,,,
2016-12-12,0.128726947977707,,,
2016-12-13,0.128998716638842,,,
2016-12-14,0.118566916248474,,,
2016-12-15,0.12121597540606,,,
2016-12-16,0.119592992390501,,,
2016-12-17,0.118355772235318,,,
2016-12-18,0.10952799125238,,,
2016-12-19,0.114293739738209,,,
2016-12-20,0.125042605428387,,,
2016-12-21,0.0772835060014033,,,
2016-12-22,0.0804841065674968,,,
2016-12-23,0.166499296855241,,,
2016-12-24,0.163071791469387,,,
2016-12-25,0.201693828217609,,,
2016-12-26,0.199707856359645,,,
2016-12-27,0.158784962733428,,,
2016-12-28,0.115165873187921,,,
2016-12-29,0.111406920823517,,,
2016-12-30,0.103752283280661,,,
2016-12-31,0.107293713860473,,,
2017-01-01,0.0934089365248209,,,
2017-01-02,-0.0110301477681937,,,
2017-01-03,-0.019363188284487,,,
2017-01-04,-0.117931067289838,,,
2017-01-05,-0.219710191638533,,,
2017-01-06,-0.0806837539616289,,,
2017-01-07,-0.0742962219137733,,,
2017-01-08,-0.0711812697239615,,,
2017-01-09,-0.0862352382878277,,,
2017-01-10,-0.0831953338196954,,,
2017-01-11,0.102260700430445,,,
2017-01-12,0.113500503187275,,,
2017-01-13,0.112548267854518,,,
2017-01-14,0.118836331996692,,,
2017-01-15,0.115064230319966,,,
2017-01-16,0.107743362342244,,,
2017-01-17,0.181813866790922,,,
2017-01-18,0.195432816572068,,,
2017-01-19,0.216605071546863,,,
2017-01-20,0.218054456704405,,,
2017-01-21,0.202549712457756,,,
2017-01-22,0.195788085440258,,,
2017-01-23,0.20669616332847,,,
2017-01-24,0.226806925217704,,,
2017-01-25,0.226650025367665,,,
2017-01-26,0.229719054647617,,,
2017-01-27,0.22951516619454,,,
2017-01-28,0.22858907670111,,,
2017-01-29,0.231003425383164,,,
2017-01-30,0.228021443001549,,,
2017-01-31,0.218747832714897,,,
2017-02-01,0.222233849962403,,,
2017-02-02,0.218804642394727,,,
2017-02-03,0.226334317447844,,,
2017-02-04,0.231311419177264,,,
2017-02-05,0.239489725581703,,,
2017-02-06,0.241130728627288,,,
2017-02-07,0.231696390725167,,,
2017-02-08,0.231865284930812,,,
2017-02-09,0.247915264875598,,,
2017-02-10,0.249402039957348,,,
2017-02-11,0.25315035372675,,,
2017-02-12,0.255071844426119,,,
2017-02-13,0.253948972490674,,,
2017-02-14,0.255039001060668,,,
2017-02-15,0.255944676847191,,,
2017-02-16,0.263446163909192,,,
2017-02-17,0.255668577798794,,,
2017-02-18,0.256269157908305,,,
2017-02-19,0.257728221086416,,,
2017-02-20,0.257984966793472,,,
2017-02-21,0.224749761567232,,,
2017-02-22,0.221630174349761,,,
2017-02-23,0.250835225319635,,,
2017-02-24,0.252646572115963,,,
2017-02-25,0.278182185143395,,,
2017-02-26,0.295638414310913,,,
2017-02-27,0.304513080646892,,,
2017-02-28,0.308846263101947,,,
2017-03-01,0.272008168997246,,,
2017-03-02,0.288022108922895,,,
2017-03-03,0.304524931111895,,,
2017-03-04,0.308154152618421,,,
2017-03-05,0.387065069421033,,,
2017-03-06,0.53532720808856,,,
2017-03-07,0.545016279535273,,,
2017-03-08,0.528774053261213,,,
2017-03-09,0.53937659593819,,,
2017-03-10,0.619090927663792,,,
2017-03-11,0.661017554402908,,,
2017-03-12,0.631196069894322,,,
2017-03-13,0.531144100463697,,,
2017-03-14,0.532950001818382,,,
2017-03-15,0.521727546710432,,,
2017-03-16,0.521300044431859,,,
2017-03-17,0.585850927863882,,,
2017-03-18,0.455397928190466,,,
2017-03-19,0.473226978353666,,,
2017-03-20,0.467239951603742,,,
2017-03-21,0.49300050885482,,,
2017-03-22,0.514148771325814,,,
2017-03-23,0.51508290138082,,,
2017-03-24,0.340443253097098,,,
2017-03-25,0.345676737653294,,,
2017-03-26,0.343366202021827,,,
2017-03-27,0.219846996904462,,,
2017-03-28,0.200087592728739,,,
2017-03-29,0.20182587567351,,,
2017-03-30,0.18423860889191,,,
2017-03-31,0.204956099092111,,,
2017-04-01,0.213888444332445,,,
2017-04-02,0.154893233721805,,,
2017-04-03,0.116929524495129,,,
2017-04-04,0.117510736298286,,,
2017-04-05,0.116655866305822,,,
2017-04-06,0.113161425261339,,,
2017-04-07,0.114833691631811,,,
2017-04-08,0.114482074956337,,,
2017-04-09,0.0999260671301334,,,
2017-04-10,0.0965480680436778,,,
2017-04-11,0.096919935127313,,,
2017-04-12,0.096194490315251,,,
2017-04-13,0.0888948323065773,,,
2017-04-14,0.0885102406351335,,,
2017-04-15,0.0894153268314656,,,
2017-04-16,0.0879912923834926,,,
2017-04-17,0.0879523175802271,,,
2017-04-18,0.0898486058413839,,,
2017-04-19,0.0893479741196029,,,
2017-04-20,0.0864754520825551,,,
2017-04-21,0.0878108315826842,,,
2017-04-22,0.0893960773780828,,,
2017-04-23,0.0896129475624104,,,
2017-04-24,0.0847047667161818,,,
2017-04-25,0.0861165706245178,,,
2017-04-26,0.0826651995002715,,,
2017-04-27,0.104219828572389,,,
2017-04-28,0.103969985101824,,,
2017-04-29,0.10400085880666,,,
2017-04-30,0.113728990165649,,,
2017-05-01,0.0885053158425412,,,
2017-05-02,0.0787908613615349,,,
2017-05-03,0.0875162673355558,,,
2017-05-04,0.0897992321435103,,,
2017-05-05,0.0862566623592188,,,
2017-05-06,0.102945362683149,,,
2017-05-07,0.093970250423508,,,
2017-05-08,0.147491084399024,,,
2017-05-09,0.103763985401551,,,
2017-05-10,0.100565156957479,,,
2017-05-11,0.0906599851136053,,,
2017-05-12,0.105576042466624,,,
2017-05-13,0.0979773166608656,,,
2017-05-14,0.0990664578178797,,,
2017-05-15,0.100806752833957,,,
2017-05-16,0.0595658710864159,,,
2017-05-17,0.0808455293662745,,,
2017-05-18,0.0919834304998183,,,
2017-05-19,0.0887945892905718,,,
2017-05-20,0.107980422126466,,,
2017-05-21,0.0499295283394692,,,
2017-05-22,0.0467625672538067,,,
2017-05-23,0.0832912718330463,,,
2017-05-24,0.0542500212076408,,,
2017-05-25,0.0805138104660391,,,
2017-05-26,0.149635936603894,,,
2017-05-27,0.20487207581149,,,
2017-05-28,0.20525537764037,,,
2017-05-29,0.212557538341444,,,
2017-05-30,0.23452236229851,,,
2017-05-31,0.230757303131111,,,
2017-06-01,0.259613382700169,,,
2017-06-02,0.290601484273148,,,
2017-06-03,0.292845412726541,,,
2017-06-04,0.297077160904565,,,
2017-06-05,0.322422949626429,,,
2017-06-06,0.29557441291939,,,
2017-06-07,0.326954568059918,,,
2017-06-08,0.335664993944745,,,
2017-06-09,0.337630959222229,,,
2017-06-10,0.328238671408145,,,
2017-06-11,0.328860400366606,,,
2017-06-12,0.362934325104772,,,
2017-06-13,0.360987374731643,,,
2017-06-14,0.386236366058113,,,
2017-06-15,0.391113143430322,,,
2017-06-16,0.392282153672404,,,
2017-06-17,0.393340770297849,,,
2017-06-18,0.406022068210709,,,
2017-06-19,0.406113578469562,,,
2017-06-20,0.402003049585121,,,
2017-06-21,0.410867013469061,,,
2017-06-22,0.415226295399237,,,
2017-06-23,0.415650889030702,,,
2017-06-24,0.422884818935667,,,
2017-06-25,0.429731346719498,,,
2017-06-26,0.428086003825351,,,
2017-06-27,0.427553734177752,,,
2017-06-28,0.4285369810335,,,
2017-06-29,0.431557243558677,,,
2017-06-30,0.452232225297857,,,
2017-07-01,0.462708166399477,,,
2017-07-02,0.460476060551205,,,
2017-07-03,0.46055381567777,,,
2017-07-04,0.464116514638557,,,
2017-07-05,0.48489519269157,,,
2017-07-06,0.490278007134851,,,
2017-07-07,0.471159402011202,,,
2017-07-08,0.488338479508212,,,
2017-07-09,0.489297530841432,,,
2017-07-10,0.524357097591667,,,
2017-07-11,0.527609918670435,,,
2017-07-12,0.536290967770551,,,
2017-07-13,0.53800844213628,,,
2017-07-14,0.540594800038301,,,
2017-07-15,0.552771045870722,,,
2017-07-16,0.560635013542493,,,
2017-07-17,0.575709710292019,,,
2017-07-18,0.582710799569813,,,
2017-07-19,0.581046053301318,,,
2017-07-20,0.768561668681941,,,
2017-07-21,0.76857990831036,,,
2017-07-22,0.767477475158136,,,
2017-07-23,0.784983727709852,,,
2017-07-24,0.783966756070517,,,
2017-07-25,0.79635156443864,,,
2017-07-26,0.786978444308366,,,
2017-07-27,0.780915742436927,,,
2017-07-28,0.773383676702176,,,
2017-07-29,0.767159794060794,,,
2017-07-30,0.763812517719623,,,
2017-07-31,0.758209018194968,,,
2017-08-01,0.734472445280219,,,
2017-08-02,0.739846436673133,,,
2017-08-03,0.738791363672512,,,
2017-08-04,0.743350470536655,,,
2017-08-05,0.773044378872917,,,
2017-08-06,0.767512974131969,,,
2017-08-07,0.764197564484481,,,
2017-08-08,0.76426373738011,,,
2017-08-09,0.772276796759683,,,
2017-08-10,0.778305584218559,,,
2017-08-11,0.76001763719895,,,
2017-08-12,0.752259756221326,,,
2017-08-13,0.734474828332581,,,
2017-08-14,0.724874394282254,,,
2017-08-15,0.72701897512875,,,
2017-08-16,0.721361102959642,,,
2017-08-17,0.716490271960337,,,
2017-08-18,0.712797905751182,,,
2017-08-19,0.710891904612583,,,
2017-08-20,0.700865884223921,,,
2017-08-21,0.697985062270317,,,
2017-08-22,0.698480272383822,,,
2017-08-23,0.695819269484564,,,
2017-08-24,0.695564112091629,,,
2017-08-25,0.693771908378635,,,
2017-08-26,0.690969578288765,,,
2017-08-27,0.694116050728826,,,
2017-08-28,0.692241292704475,,,
2017-08-29,0.69216000633376,,,
2017-08-30,0.663135340353522,,,
2017-08-31,0.65819117467284,,,
2017-09-01,0.634386437945244,,,
2017-09-02,0.647844110725104,,,
2017-09-03,0.658071154965246,,,
2017-09-04,0.666712599812859,,,
2017-09-05,0.660551123093452,,,
2017-09-06,0.661310961665838,,,
2017-09-07,0.659597936465494,,,
2017-09-08,0.654522306002529,,,
2017-09-09,0.654777789956221,,,
2017-09-10,0.657683243929297,,,
2017-09-11,0.656558562940709,,,
2017-09-12,0.649981215303068,,,
2017-09-13,0.643915027348524,,,
2017-09-14,0.703819386598929,,,
2017-09-15,0.656135213295909,,,
2017-09-16,0.668696041455566,,,
2017-09-17,0.667139798762384,,,
2017-09-18,0.656639932233752,,,
2017-09-19,0.677183935810341,,,
2017-09-20,0.668947691519444,,,
2017-09-21,0.679606127067837,,,
2017-09-22,0.67507398159203,,,
2017-09-23,0.644431557672785,,,
2017-09-24,0.651068631837555,,,
2017-09-25,0.640157852554826,,,
2017-09-26,0.649161206729608,,,
2017-09-27,0.64112469009631,,,
2017-09-28,0.642515849975246,,,
2017-09-29,0.643688744882485,,,
2017-09-30,0.67418508500533,,,
2017-10-01,0.669779425777658,,,
2017-10-02,0.670558581904949,,,
2017-10-03,0.671490741877641,,,
2017-10-04,0.650456481661831,,,
2017-10-05,0.649621231674754,,,
2017-10-06,0.652309670459698,,,
2017-10-07,0.652681203913094,,,
2017-10-08,0.650975496520456,,,
2017-10-09,0.637115304721491,,,
2017-10-10,0.64772452066519,,,
2017-10-11,0.657990054361753,,,
2017-10-12,0.645389691068742,,,
2017-10-13,0.653399743295567,,,
2017-10-14,0.655591836321742,,,
2017-10-15,0.655202914782291,,,
2017-10-16,0.649579372895674,,,
2017-10-17,0.656865491790347,,,
2017-10-18,0.656964638719039,,,
2017-10-19,0.662748936229138,,,
2017-10-20,0.661631862655436,,,
2017-10-21,0.66109806685302,,,
2017-10-22,0.655694820042715,,,
2017-10-23,0.653835146396501,,,
2017-10-24,0.621949125853207,,,
2017-10-25,0.618968266663238,,,
2017-10-26,0.616487343185589,,,
2017-10-27,0.617525004824655,,,
2017-10-28,0.614670599895423,,,
2017-10-29,0.646794530694072,,,
2017-10-30,0.649917128975711,,,
2017-10-31,0.654392537936348,,,
2017-11-01,0.637009295711752,,,
2017-11-02,0.640162680504366,,,
2017-11-03,0.627594229603594,,,
2017-11-04,0.628907311364314,,,
2017-11-05,0.626204039161748,,,
2017-11-06,0.621225938575933,,,
2017-11-07,0.609146365561739,,,
2017-11-08,0.612180952035616,,,
2017-11-09,0.560218781509479,,,
2017-11-10,0.583477828051863,,,
2017-11-11,0.575260398915593,,,
2017-11-12,0.586281408897204,,,
2017-11-13,0.515327552568671,,,
2017-11-14,0.539508274329824,,,
2017-11-15,0.552683181581167,,,
2017-11-16,0.558037573418614,,,
2017-11-17,0.547754182781064,,,
2017-11-18,0.532891670417121,,,
2017-11-19,0.530005842904767,,,
2017-11-20,0.503104181390973,,,
2017-11-21,0.5071854691569,,,
2017-11-22,0.4235167545015,,,
2017-11-23,0.409821501582402,,,
2017-11-24,0.380550807081305,,,
2017-11-25,0.389867231110869,,,
2017-11-26,0.385972554235934,,,
2017-11-27,0.379367650754728,,,
2017-11-28,0.371857421627281,,,
2017-11-29,0.377525036053145,,,
2017-11-30,0.378604777507686,,,
2017-12-01,0.37302598717037,,,
2017-12-02,0.366363448405057,,,
2017-12-03,0.364630862056117,,,
2017-12-04,0.367684105324845,,,
2017-12-05,0.368181724199441,,,
2017-12-06,0.358137134378566,,,
2017-12-07,0.319713048362857,,,
2017-12-08,0.321496511565175,,,
2017-12-09,0.338602667791347,,,
2017-12-10,0.338537740460406,,,
2017-12-11,0.348255758697807,,,
2017-12-12,0.34404671201618,,,
2017-12-13,0.327312651279046,,,
2017-12-14,0.322565955898332,,,
2017-12-15,0.320306817562535,,,
2017-12-16,0.360211890558858,,,
2017-12-17,0.355550410273585,,,
2017-12-18,0.353187063140963,,,
2017-12-19,0.380102523522927,,,
2017-12-20,0.332342342782802,,,
2017-12-21,0.315413870664905,,,
2017-12-22,0.342992337753181,,,
2017-12-23,0.35598469153373,,,
2017-12-24,0.327595150400995,,,
2017-12-25,0.330362442741224,,,
2017-12-26,0.315721423104381,,,
2017-12-27,0.321084844546483,,,
2017-12-28,0.323540291369886,,,
2017-12-29,0.319595399764268,,,
2017-12-30,0.361756330567177,,,
2017-12-31,0.375876717659902,,,
2018-01-01,0.380510871661784,,,
2018-01-02,0.374711540897806,,,
2018-01-03,0.375019053711868,,,
2018-01-04,0.37428821865747,,,
2018-01-05,0.408342493372939,,,
2018-01-06,0.40361362072861,,,
2018-01-07,0.386134393914972,,,
2018-01-08,0.417889866197941,,,
2018-01-09,0.406914222208521,,,
2018-01-10,0.403830444601913,,,
2018-01-11,0.406515614686716,,,
2018-01-12,0.395134888187069,,,
2018-01-13,0.391571578145813,,,
2018-01-14,0.397354818835386,,,
2018-01-15,0.397005219616862,,,
2018-01-16,0.458967086592286,,,
2018-01-17,0.45188510430846,,,
2018-01-18,0.453738013048889,,,
2018-01-19,0.45454317712826,,,
2018-01-20,0.451136530443414,,,
2018-01-21,0.494274423120559,,,
2018-01-22,0.499686300265999,,,
2018-01-23,0.500600446030566,,,
2018-01-24,0.500232640382114,,,
2018-01-25,0.508167533884596,,,
2018-01-26,0.511436812108346,,,
2018-01-27,0.512144236469421,,,
2018-01-28,0.512144287857436,,,
2018-01-29,0.517859492994437,,,
2018-01-30,0.538758847267076,,,
2018-01-31,0.538707918567814,,,
2018-02-01,0.55254489257558,,,
2018-02-02,0.551420032232983,,,
2018-02-03,0.555460995129724,,,
2018-02-04,0.588362150029897,,,
2018-02-05,0.664771663475012,,,
2018-02-06,0.685862609640351,,,
2018-02-07,0.684497899389724,,,
2018-02-08,0.684038806402837,,,
2018-02-09,0.695157182318417,,,
2018-02-10,0.694398704808317,,,
2018-02-11,0.699522520467647,,,
2018-02-12,0.698450552302278,,,
2018-02-13,0.705768858283793,,,
2018-02-14,0.718260598875359,,,
2018-02-15,0.720658963964636,,,
2018-02-16,0.719484801213885,,,
2018-02-17,0.703000809662216,,,
2018-02-18,0.745155183116308,,,
2018-02-19,0.758606071346989,,,
2018-02-20,0.751994714154956,,,
2018-02-21,0.755716858438468,,,
2018-02-22,0.79304759700453,,,
2018-02-23,0.793968553506593,,,
2018-02-24,0.808497932348499,,,
2018-02-25,0.808914519104302,,,
2018-02-26,0.805746215729706,,,
2018-02-27,0.807378848798866,,,
2018-02-28,0.800862573389142,,,
2018-03-01,0.795709497582881,,,
2018-03-02,0.783932254803618,,,
2018-03-03,0.78785118946247,,,
2018-03-04,0.787250034290311,,,
2018-03-05,0.78556506011997,,,
2018-03-06,0.774227528403093,,,
2018-03-07,0.790531434305573,,,
2018-03-08,0.821817237296658,,,
2018-03-09,0.816366646306297,,,
2018-03-10,0.81637376696054,,,
2018-03-11,0.81799703029245,,,
2018-03-12,0.813986405137575,,,
2018-03-13,0.813808807385162,,,
2018-03-14,0.819375303651568,,,
2018-03-15,0.818710932374078,,,
2018-03-16,0.830647784924075,,,
2018-03-17,0.813629481596723,,,
2018-03-18,0.831696248852514,,,
2018-03-19,0.832856022959311,,,
2018-03-20,0.834453980483734,,,
2018-03-21,0.835328448937963,,,
2018-03-22,0.826915429520268,,,
2018-03-23,0.826159750597574,,,
2018-03-24,0.825644935073132,,,
2018-03-25,0.824077442183114,,,
2018-03-26,0.832824461698298,,,
2018-03-27,0.833881388245122,,,
2018-03-28,0.833644576848757,,,
2018-03-29,0.838426288909622,,,
2018-03-30,0.835571159211661,,,
2018-03-31,0.828492041968552,,,
2018-04-01,0.828904544801736,,,
2018-04-02,0.821015449274723,,,
2018-04-03,0.82736905797254,,,
2018-04-04,0.840646447179358,,,
2018-04-05,0.832441879019684,,,
2018-04-06,0.808505907581435,,,
2018-04-07,0.790369085031687,,,
2018-04-08,0.790610831252785,,,
2018-04-09,0.788613723695144,,,
2018-04-10,0.770603582304747,,,
2018-04-11,0.76153683184179,,,
2018-04-12,0.786015158201199,,,
2018-04-13,0.7717297017594,,,
2018-04-14,0.783113023691216,,,
2018-04-15,0.76165087741517,,,
2018-04-16,0.749628925618647,,,
2018-04-17,0.746415168933247,,,
2018-04-18,0.757236992880663,,,
2018-04-19,0.750264702291913,,,
2018-04-20,0.739768747912161,,,
2018-04-21,0.737618058993893,,,
2018-04-22,0.728862626015909,,,
2018-04-23,0.725899846052117,,,
2018-04-24,0.71940006768816,,,
2018-04-25,0.729870171538026,,,
2018-04-26,0.734686808543162,,,
2018-04-27,0.736721291912596,,,
2018-04-28,0.742840536857089,,,
2018-04-29,0.739951896673595,,,
2018-04-30,0.738728460281153,,,
2018-05-01,0.773766253629351,,,
2018-05-02,0.787533917065064,,,
2018-05-03,0.788764798305014,,,
2018-05-04,0.79140914200275,,,
2018-05-05,0.77820547115446,,,
2018-05-06,0.767800031984933,,,
2018-05-07,0.77814946622093,,,
2018-05-08,0.765771385320972,,,
2018-05-09,0.75297759505995,,,
2018-05-10,0.75414081206876,,,
2018-05-11,0.762722307052778,,,
2018-05-12,0.764226203302283,,,
2018-05-13,0.750454943147396,,,
2018-05-14,0.750445176250883,,,
2018-05-15,0.749812453047396,,,
2018-05-16,0.742211930002467,,,
2018-05-17,0.761959689805716,,,
2018-05-18,0.757130217787508,,,
2018-05-19,0.753346211882417,,,
2018-05-20,0.753848104946258,,,
2018-05-21,0.753388230860952,,,
2018-05-22,0.760442278304606,,,
2018-05-23,0.770095384122431,,,
2018-05-24,0.769875780994868,,,
2018-05-25,0.768133689313945,,,
2018-05-26,0.766017690434951,,,
2018-05-27,0.765147879850588,,,
2018-05-28,0.746762406206765,,,
2018-05-29,0.75520124914714,,,
2018-05-30,0.75573749247572,,,
2018-05-31,0.754990479558298,,,
2018-06-01,0.754653069537761,,,
2018-06-02,0.746774965644723,,,
2018-06-03,0.728387663338719,,,
2018-06-04,0.73172421622317,,,
2018-06-05,0.730637372274093,,,
2018-06-06,0.727421873964139,,,
2018-06-07,0.727356405392201,,,
2018-06-08,0.725710539004359,,,
2018-06-09,0.740035245620047,,,
2018-06-10,0.780329843835205,,,
2018-06-11,0.764923215574262,,,
2018-06-12,0.772349133126203,,,
2018-06-13,0.771350523668127,,,
2018-06-14,0.774938773580166,,,
2018-06-15,0.784451123889093,,,
2018-06-16,0.795528528411424,,,
2018-06-17,0.810704723952766,,,
2018-06-18,0.818195246194161,,,
2018-06-19,0.844176957880932,,,
2018-06-20,0.85233930836992,,,
2018-06-21,0.854112579300651,,,
2018-06-22,0.865506383734787,,,
2018-06-23,0.881078672580945,,,
2018-06-24,0.865364196136114,,,
2018-06-25,0.859706804789827,,,
2018-06-26,0.861567132891067,,,
2018-06-27,0.864569619022991,,,
2018-06-28,0.868770277902113,,,
2018-06-29,0.872266536590767,,,
2018-06-30,0.873832604795019,,,
2018-07-01,0.873949959375054,,,
2018-07-02,0.878554865472732,,,
2018-07-03,0.883715260083555,,,
2018-07-04,0.88777641038986,,,
2018-07-05,0.886443865461021,,,
2018-07-06,0.889870037406497,,,
2018-07-07,0.917765263155644,,,
2018-07-08,0.929805665009464,,,
2018-07-09,0.929189444810752,,,
2018-07-10,0.927551695601687,,,
2018-07-11,0.927276573470098,,,
2018-07-12,0.927225656821304,,,
2018-07-13,0.926486417379204,,,
2018-07-14,0.934864441091617,,,
2018-07-15,0.935023311384165,,,
2018-07-16,0.914898270000781,,,
2018-07-17,0.924583962919297,,,
2018-07-18,0.894099673628827,,,
2018-07-19,0.895846797914184,,,
2018-07-20,0.886830355062838,,,
2018-07-21,0.883321157432246,,,
2018-07-22,0.877384091317158,,,
2018-07-23,0.858347515774183,,,
2018-07-24,0.845234634643499,,,
2018-07-25,0.844185728746439,,,
2018-07-26,0.847598125139946,,,
2018-07-27,0.844460469927645,,,
2018-07-28,0.839476879363922,,,
2018-07-29,0.834837997611984,,,
2018-07-30,0.834209577503984,,,
2018-07-31,0.841005082738686,,,
2018-08-01,0.834671045426109,,,
2018-08-02,0.834603294999425,,,
2018-08-03,0.833853431347207,,,
2018-08-04,0.827114891578439,,,
2018-08-05,0.828171671124595,,,
2018-08-06,0.827980774749891,,,
2018-08-07,0.829390423747865,,,
2018-08-08,0.835666619595529,,,
2018-08-09,0.824978053763274,,,
2018-08-10,0.826660705824709,,,
2018-08-11,0.818747247214996,,,
2018-08-12,0.818150378384044,,,
2018-08-13,0.810941309990088,,,
2018-08-14,0.809372917539819,,,
2018-08-15,0.809136345896953,,,
2018-08-16,0.808612515828128,,,
2018-08-17,0.810052379290078,,,
2018-08-18,0.811721913172696,,,
2018-08-19,0.81228107738719,,,
2018-08-20,0.813920676460873,,,
2018-08-21,0.798622932674391,,,
2018-08-22,0.799719600836088,,,
2018-08-23,0.802899259574896,,,
2018-08-24,0.803309419208423,,,
2018-08-25,0.800150968940311,,,
2018-08-26,0.79840951721011,,,
2018-08-27,0.791894841715618,,,
2018-08-28,0.794535980527072,,,
2018-08-29,0.792905533766441,,,
2018-08-30,0.68371081570518,,,
2018-08-31,0.486649581798044,,,
2018-09-01,0.481092296945703,,,
2018-09-02,0.451569839581503,,,
2018-09-03,0.448617548733381,,,
2018-09-04,0.448797893825503,,,
2018-09-05,0.464858227463278,,,
2018-09-06,0.458007627048057,,,
2018-09-07,0.454064215058982,,,
2018-09-08,0.423939296166625,,,
2018-09-09,0.425190438814968,,,
2018-09-10,0.413656577571664,,,
2018-09-11,0.411585921844556,,,
2018-09-12,0.411890981349162,,,
2018-09-13,0.409970034721621,,,
2018-09-14,0.37843540911114,,,
2018-09-15,0.347679077851115,,,
2018-09-16,0.345139330500054,,,
2018-09-17,0.35086487556342,,,
2018-09-18,0.337842504879454,,,
2018-09-19,0.331788407271441,,,
2018-09-20,0.331475844331814,,,
2018-09-21,0.337662670899577,,,
2018-09-22,0.342142991622961,,,
2018-09-23,0.340914869962664,,,
2018-09-24,0.336175148434246,,,
2018-09-25,0.336670979390777,,,
2018-09-26,0.336499964893199,,,
2018-09-27,0.339562631400391,,,
2018-09-28,0.339778038662449,,,
2018-09-29,0.317992014176411,,,
2018-09-30,0.319187682209722,,,
2018-10-01,0.31859891135424,,,
2018-10-02,0.317042956174273,,,
2018-10-03,0.313601835595496,,,
2018-10-04,0.310376819426921,,,
2018-10-05,0.305371566259366,,,
2018-10-06,0.298687202450822,,,
2018-10-07,0.266999680477303,,,
2018-10-08,0.253521951721472,,,
2018-10-09,0.228702881030595,,,
2018-10-10,0.242029012343815,,,
2018-10-11,0.279970654509341,,,
2018-10-12,0.278653203547919,,,
2018-10-13,0.274229230645921,,,
2018-10-14,0.275511413472477,,,
2018-10-15,0.263484766706451,,,
2018-10-16,0.237119140686313,,,
2018-10-17,0.228785910223245,,,
2018-10-18,0.231069192747583,,,
2018-10-19,0.220700527390357,,,
2018-10-20,0.222630415082224,,,
2018-10-21,0.21644940445669,,,
2018-10-22,0.21742321031373,,,
2018-10-23,0.217548641186814,,,
2018-10-24,0.216349082013732,,,
2018-10-25,0.216555375363436,,,
2018-10-26,0.217378254321668,,,
2018-10-27,0.203501804977672,,,
2018-10-28,0.200379408788083,,,
2018-10-29,0.234755058275155,,,
2018-10-30,0.268852839815937,,,
2018-10-31,0.208513111466555,,,
2018-11-01,0.289837430278344,,,
2018-11-02,0.295855646831403,,,
2018-11-03,0.291633076369905,,,
2018-11-04,0.208443684963747,,,
2018-11-05,0.243155013434839,,,
2018-11-06,0.269480649004154,,,
2018-11-07,0.361028283990564,,,
2018-11-08,0.37150015717004,,,
2018-11-09,0.418327908881918,,,
2018-11-10,0.42169400397209,,,
2018-11-11,0.417383450744058,,,
2018-11-12,0.408038009175361,,,
2018-11-13,0.419244764103043,,,
2018-11-14,0.468012475814794,,,
2018-11-15,0.462059321766015,,,
2018-11-16,0.450990262831764,,,
2018-11-17,0.459380529953284,,,
2018-11-18,0.477607996132424,,,
2018-11-19,0.499794824678994,,,
2018-11-20,0.519745351411357,,,
2018-11-21,0.563832570906259,,,
2018-11-22,0.566376017338802,,,
2018-11-23,0.56533358500018,,,
2018-11-24,0.584802328188823,,,
2018-11-25,0.583132765667785,,,
2018-11-26,0.583644258325224,,,
2018-11-27,0.5826263243339,,,
2018-11-28,0.643155515392659,,,
2018-11-29,0.642696507098299,,,
2018-11-30,0.636613213930131,,,
2018-12-01,0.64334988758964,,,
2018-12-02,0.643414610147903,,,
2018-12-03,0.639035223533322,,,
2018-12-04,0.64025686842273,,,
2018-12-05,0.633622492383735,,,
2018-12-06,0.631947991648273,,,
2018-12-07,0.620343264750832,,,
2018-12-08,0.620387301293529,,,
2018-12-09,0.616386768272727,,,
2018-12-10,0.602417710628859,,,
2018-12-11,0.604799634810546,,,
2018-12-12,0.606861120019375,,,
2018-12-13,0.597275754964551,,,
2018-12-14,0.595916022353632,,,
2018-12-15,0.600707967468864,,,
2018-12-16,0.624478435749547,,,
2018-12-17,0.669867122494944,,,
2018-12-18,0.668725699447189,,,
2018-12-19,0.667942921677726,,,
2018-12-20,0.63797795399204,,,
2018-12-21,0.649170236838472,,,
2018-12-22,0.653481533560414,,,
2018-12-23,0.663425095821326,,,
2018-12-24,0.667065817260656,,,
2018-12-25,0.682371539617135,,,
2018-12-26,0.686515450441452,,,
2018-12-27,0.692259725881465,,,
2018-12-28,0.695029474575033,,,
2018-12-29,0.695235278230369,,,
2018-12-30,0.698113884577923,,,
2018-12-31,0.697386752355454,,,
2019-01-01,0.699715989142438,,,
2019-01-02,0.698387975644756,,,
2019-01-03,0.701283662315711,,,
2019-01-04,0.702252772345714,,,
2019-01-05,0.702102082980634,,,
2019-01-06,0.699014744404156,,,
2019-01-07,0.706833570855292,,,
2019-01-08,0.715823666943732,,,
2019-01-09,0.721301017230054,,,
2019-01-10,0.733086344534259,,,
2019-01-11,0.735194609964103,,,
2019-01-12,0.741942993309854,,,
2019-01-13,0.725286183575218,,,
2019-01-14,0.73392387408218,,,
2019-01-15,0.735057883208916,,,
2019-01-16,0.748116240943398,,,
2019-01-17,0.747677260162085,,,
2019-01-18,0.728652115476711,,,
2019-01-19,0.716804286870634,,,
2019-01-20,0.71375471198953,,,
2019-01-21,0.709848191959243,,,
2019-01-22,0.708663307960611,,,
2019-01-23,0.691548863709966,,,
2019-01-24,0.69535363073412,,,
2019-01-25,0.68315770038111,,,
2019-01-26,0.687034331188305,,,
2019-01-27,0.642055902747728,,,
2019-01-28,0.646987644190579,,,
2019-01-29,0.646836413326843,,,
2019-01-30,0.643654196257364,,,
2019-01-31,0.643177786138245,,,
2019-02-01,0.641690811919351,,,
2019-02-02,0.640559128939483,,,
2019-02-03,0.645134495997163,,,
2019-02-04,0.640667571526617,,,
2019-02-05,0.653962201291735,,,
2019-02-06,0.656809487535471,,,
2019-02-07,0.665119325258261,,,
2019-02-08,0.686256253673539,,,
2019-02-09,0.68502601510594,,,
2019-02-10,0.684686322564997,,,
2019-02-11,0.696181523151133,,,
2019-02-12,0.697663455951603,,,
2019-02-13,0.696997341392741,,,
2019-02-14,0.698244614900414,,,
2019-02-15,0.729814021980038,,,
2019-02-16,0.727858283166115,,,
2019-02-17,0.735594354637169,,,
2019-02-18,0.806630641961565,,,
2019-02-19,0.801775531780634,,,
2019-02-20,0.800164323635563,,,
2019-02-21,0.810125593821922,,,
2019-02-22,0.811832022233879,,,
2019-02-23,0.800155288279993,,,
2019-02-24,0.830627047752193,,,
2019-02-25,0.824700989910681,,,
2019-02-26,0.81918808400933,,,
2019-02-27,0.818174150423677,,,
2019-02-28,0.816873800715131,,,
2019-03-01,0.814408769675179,,,
2019-03-02,0.807250877460505,,,
2019-03-03,0.812084235104088,,,
2019-03-04,0.810421668561247,,,
2019-03-05,0.818040364464048,,,
2019-03-06,0.81759908781495,,,
2019-03-07,0.842234711803993,,,
2019-03-08,0.841707785545914,,,
2019-03-09,0.843100517087973,,,
2019-03-10,0.842905365604328,,,
2019-03-11,0.833474737540182,,,
2019-03-12,0.819272086346611,,,
2019-03-13,0.820363337688341,,,
2019-03-14,0.819848227410651,,,
2019-03-15,0.832083441472359,,,
2019-03-16,0.829220821683161,,,
2019-03-17,0.830166074559445,,,
2019-03-18,0.830377520876433,,,
2019-03-19,0.829526736398985,,,
2019-03-20,0.827002872685723,,,
2019-03-21,0.817175520330679,,,
2019-03-22,0.817153288650737,,,
2019-03-23,0.821453120362681,,,
2019-03-24,0.820853764009014,,,
2019-03-25,0.815697899510503,,,
2019-03-26,0.815074424664284,,,
2019-03-27,0.818878261557629,,,
2019-03-28,0.818721281610369,,,
2019-03-29,0.813683104275937,,,
2019-03-30,0.812861977666349,,,
2019-03-31,0.812114112112594,,,
2019-04-01,0.547480616263946,,,
2019-04-02,0.740350436394725,,,
2019-04-03,0.723484266992825,,,
2019-04-04,0.589365947255596,,,
2019-04-05,0.575172196124588,,,
2019-04-06,0.567663876188247,,,
2019-04-07,0.559173976783156,,,
2019-04-08,0.507270964845642,,,
2019-04-09,0.495900341829821,,,
2019-04-10,0.498236807672,,,
2019-04-11,0.5241668275027,,,
2019-04-12,0.520770104656576,,,
2019-04-13,0.51984092483643,,,
2019-04-14,0.518666736096836,,,
2019-04-15,0.525229753085659,,,
2019-04-16,0.523408572734323,,,
2019-04-17,0.524122442942362,,,
2019-04-18,0.522070930628025,,,
2019-04-19,0.529000077396503,,,
2019-04-20,0.528627424939441,,,
2019-04-21,0.530432666634181,,,
2019-04-22,0.527998924142389,,,
2019-04-23,0.518925141542592,,,
2019-04-24,0.529782407313406,,,
2019-04-25,0.520260217011946,,,
2019-04-26,0.517459204655834,,,
2019-04-27,0.515803311270381,,,
2019-04-28,0.517574652444883,,,
2019-04-29,0.517223150096336,,,
2019-04-30,0.520695278889658,,,
2019-05-01,0.521233281751112,,,
2019-05-02,0.520992909035662,,,
2019-05-03,0.518767165252651,,,
2019-05-04,0.516564345612541,,,
2019-05-05,0.518400876644776,,,
2019-05-06,0.520541204242629,,,
2019-05-07,0.512957115547806,,,
2019-05-08,0.511527813207228,,,
2019-05-09,0.502265293566587,,,
2019-05-10,0.497426490941418,,,
2019-05-11,0.556736334271676,,,
2019-05-12,0.574755536886353,,,
2019-05-13,0.561475540632794,,,
2019-05-14,0.548666113503991,,,
2019-05-15,0.549002506227032,,,
2019-05-16,0.56177039305194,,,
2019-05-17,0.580912422342061,,,
2019-05-18,0.579142059972866,,,
2019-05-19,0.585828658010882,,,
2019-05-20,0.591624829944112,,,
2019-05-21,0.590026093777627,,,
2019-05-22,0.598976645710114,,,
2019-05-23,0.600005730915199,,,
2019-05-24,0.600814883452614,,,
2019-05-25,0.600911182932825,,,
2019-05-26,0.595513667423523,,,
2019-05-27,0.595041044360376,,,
2019-05-28,0.592676733588388,,,
2019-05-29,0.592887723050832,,,
2019-05-30,0.586520374709902,,,
2019-05-31,0.634430598874879,,,
2019-06-01,0.550113388057648,,,
2019-06-02,0.558638208168333,,,
2019-06-03,0.677267721212634,,,
2019-06-04,0.692634930443927,,,
2019-06-05,0.69865038212018,,,
2019-06-06,0.691675675000914,,,
2019-06-07,0.745615495397686,,,
2019-06-08,0.744870153004151,,,
2019-06-09,0.746635300154559,,,
2019-06-10,0.74123199909315,,,
2019-06-11,0.743539121153261,,,
2019-06-12,0.74483183877635,,,
2019-06-13,0.744604538118613,,,
2019-06-14,0.739652876000219,,,
2019-06-15,0.739771565292891,,,
2019-06-16,0.738992533991109,,,
2019-06-17,0.748475930838874,,,
2019-06-18,0.753274579684827,,,
2019-06-19,0.75406978306022,,,
2019-06-20,0.751570154388238,,,
2019-06-21,0.756162118692193,,,
2019-06-22,0.7555619251868,,,
2019-06-23,0.755792108219691,,,
2019-06-24,0.746467710192278,,,
2019-06-25,0.7327139364016,,,
2019-06-26,0.716535812002105,,,
2019-06-27,0.684422472487128,,,
2019-06-28,0.676820978046058,,,
2019-06-29,0.674530877055932,,,
2019-06-30,0.683476917796103,,,
2019-07-01,0.684081658063803,,,
2019-07-02,0.676969828981991,,,
2019-07-03,0.681391809266654,,,
2019-07-04,0.684814275502035,,,
2019-07-05,0.547732682225188,,,
2019-07-06,0.52860936898708,,,
2019-07-07,0.52879832593244,,,
2019-07-08,0.509174345110129,,,
2019-07-09,0.509455763751222,,,
2019-07-10,0.465835402089075,,,
2019-07-11,0.462048273012288,,,
2019-07-12,0.45895320903734,,,
2019-07-13,0.472560738030199,,,
2019-07-14,0.509592536282278,,,
2019-07-15,0.510040997067545,,,
2019-07-16,0.533816769516346,,,
2019-07-17,0.536032456606941,,,
2019-07-18,0.535066561476008,,,
2019-07-19,0.531795399533642,,,
2019-07-20,0.535730647106109,,,
2019-07-21,0.531609047884715,,,
2019-07-22,0.531720639747189,,,
2019-07-23,0.536524325319968,,,
2019-07-24,0.531746113240017,,,
2019-07-25,0.528862563402929,,,
2019-07-26,0.52878992745072,,,
2019-07-27,0.537774387116557,,,
2019-07-28,0.536232303325257,,,
2019-07-29,0.540701376947952,,,
2019-07-30,0.539726868264736,,,
2019-07-31,0.545403029792998,,,
2019-08-01,0.545326511718895,,,
2019-08-02,0.52902015943848,,,
2019-08-03,0.512739807189433,,,
2019-08-04,0.512492089442619,,,
2019-08-05,0.52261512181865,,,
2019-08-06,0.526813412317645,,,
2019-08-07,0.524821620795028,,,
2019-08-08,0.520137469998762,,,
2019-08-09,0.515233382355702,,,
2019-08-10,0.516452911163551,,,
2019-08-11,0.517320264412443,,,
2019-08-12,0.518407452834233,,,
2019-08-13,0.522174878515341,,,
2019-08-14,0.522883652545389,,,
2019-08-15,0.509299650111894,,,
2019-08-16,0.507878614403978,,,
2019-08-17,0.504982845835229,,,
2019-08-18,0.497707433331465,,,
2019-08-19,0.495167092292957,,,
2019-08-20,0.485173004792069,,,
2019-08-21,0.496622879312326,,,
2019-08-22,0.494777144962352,,,
2019-08-23,0.49044574869558,,,
2019-08-24,0.502388651855172,,,
2019-08-25,0.507097331811226,,,
2019-08-26,0.525559339266267,,,
2019-08-27,0.527257640126702,,,
2019-08-28,0.538237042373259,,,
2019-08-29,0.532921760301156,,,
2019-08-30,0.534898647203129,,,
2019-08-31,0.540377661098385,,,
2019-09-01,0.531736161924397,,,
2019-09-02,0.539205052579033,,,
2019-09-03,0.700199351473426,,,
2019-09-04,0.750814613000408,,,
2019-09-05,0.751598071404281,,,
2019-09-06,0.799521041059404,,,
2019-09-07,0.801094392250137,,,
2019-09-08,0.797835523114957,,,
2019-09-09,0.792630879239145,,,
2019-09-10,0.788143205326088,,,
2019-09-11,0.792365997432898,,,
2019-09-12,0.770245342934503,,,
2019-09-13,0.758871525674164,,,
2019-09-14,0.710033408258319,,,
2019-09-15,0.706031372283673,,,
2019-09-16,0.652790065021774,,,
2019-09-17,0.577865362332483,,,
2019-09-18,0.551193043597547,,,
2019-09-19,0.542283812372133,,,
2019-09-20,0.538808087602486,,,
2019-09-21,0.530839867569133,,,
2019-09-22,0.542369670264522,,,
2019-09-23,0.548328616989801,,,
2019-09-24,0.644500933279548,,,
2019-09-25,0.6307074101206,,,
2019-09-26,0.633042182869141,,,
2019-09-27,0.635917950654183,,,
2019-09-28,0.635492901395703,,,
2019-09-29,0.617485323250104,,,
2019-09-30,0.628477385309715,,,
2019-10-01,0.630125922050372,,,
2019-10-02,0.629798414663767,,,
2019-10-03,0.627487171774618,,,
2019-10-04,0.614223461598168,,,
2019-10-05,0.608474202962658,,,
2019-10-06,0.624492022295946,,,
2019-10-07,0.644250315617219,,,
2019-10-08,0.644551268816639,,,
2019-10-09,0.650284281971642,,,
2019-10-10,0.636668980589732,,,
2019-10-11,0.635970159136998,,,
2019-10-12,0.631083008030944,,,
2019-10-13,0.607907787236651,,,
2019-10-14,0.650992378308383,,,
2019-10-15,0.651743802112443,,,
2019-10-16,0.628297371196052,,,
2019-10-17,0.625359779753316,,,
2019-10-18,0.652698621242239,,,
2019-10-19,0.651255053081995,,,
2019-10-20,0.610386239241898,,,
2019-10-21,0.610659945728059,,,
2019-10-22,0.629320731050927,,,
2019-10-23,0.609125139462009,,,
2019-10-24,0.610106373682791,,,
2019-10-25,0.556365517003425,,,
2019-10-26,0.542802371936739,,,
2019-10-27,0.520702899642353,,,
2019-10-28,0.506651036783772,,,
2019-10-29,0.494481657788396,,,
2019-10-30,0.48179136874774,,,
2019-10-31,0.481853412301043,,,
2019-11-01,0.464382033925838,,,
2019-11-02,0.463259284628661,,,
2019-11-03,0.467250494333608,,,
2019-11-04,0.470767408622954,,,
2019-11-05,0.468674520875015,,,
2019-11-06,0.467092374704133,,,
2019-11-07,0.44240603371064,,,
2019-11-08,0.45012064646531,,,
2019-11-09,0.449030565401808,,,
2019-11-10,0.454822178107569,,,
2019-11-11,0.452467888110219,,,
2019-11-12,0.447683057528203,,,
2019-11-13,0.447468717827206,,,
2019-11-14,0.4512120105075,,,
2019-11-15,0.448912657088732,,,
2019-11-16,0.479999805896616,,,
2019-11-17,0.47899989761829,,,
2019-11-18,0.48618221179343,,,
2019-11-19,0.486195551005388,,,
2019-11-20,0.482823472407095,,,
2019-11-21,0.504648302820321,,,
2019-11-22,0.501122146852102,,,
2019-11-23,0.391531598542953,,,
2019-11-24,0.41454520560702,,,
2019-11-25,0.410322754443994,,,
2019-11-26,0.406657888121017,,,
2019-11-27,0.414574368430215,,,
2019-11-28,0.420571513257652,,,
2019-11-29,0.430295650251741,,,
2019-11-30,0.437156049394907,,,
2019-12-01,0.444333544099954,,,
2019-12-02,0.444437749499581,,,
2019-12-03,0.454392437117218,,,
2019-12-04,0.454886434806579,,,
2019-12-05,0.439069450261125,,,
2019-12-06,0.415607264641899,,,
2019-12-07,0.415694431554503,,,
2019-12-08,0.402453887054429,,,
2019-12-09,0.412524427019115,,,
2019-12-10,0.410815877510784,,,
2019-12-11,0.409587404512283,,,
2019-12-12,0.448051766084289,,,
2019-12-13,0.443538713841977,,,
2019-12-14,0.442163015271568,,,
2019-12-15,0.471678561515926,,,
2019-12-16,0.478699043668316,,,
2019-12-17,0.496269022943839,,,
2019-12-18,0.564721947034686,,,
2019-12-19,0.581021718820457,,,
2019-12-20,0.580641053473584,,,
2019-12-21,0.580882711597838,,,
2019-12-22,0.593919337275861,,,
2019-12-23,0.599150208947351,,,
2019-12-24,0.594994814482355,,,
2019-12-25,0.603321742123529,,,
2019-12-26,0.615770708781082,,,
2019-12-27,0.635636844867704,,,
2019-12-28,0.652697418910634,,,
2019-12-29,0.683100744123453,,,
2019-12-30,0.686681264904577,,,
2019-12-31,0.685735223369494,,,
2020-01-01,0.683183213232099,,,
2020-01-02,0.68876347190196,,,
2020-01-03,0.677820030074708,,,
2020-01-04,0.682597000863448,,,
2020-01-05,0.670121420847817,,,
2020-01-06,0.728537777931637,,,
2020-01-07,0.727821445825974,,,
2020-01-08,0.731199117421374,,,
2020-01-09,0.695942798017511,,,
2020-01-10,0.707304151508665,,,
2020-01-11,0.71280704007232,,,
2020-01-12,0.715843250726573,,,
2020-01-13,0.71549338253313,,,
2020-01-14,0.767026859111896,,,
2020-01-15,0.768678119752619,,,
2020-01-16,0.78335723759525,,,
2020-01-17,0.773312797180524,,,
2020-01-18,0.756283429746261,,,
2020-01-19,0.750821474688196,,,
2020-01-20,0.731217231169048,,,
2020-01-21,0.735215555606263,,,
2020-01-22,0.735436211118967,,,
2020-01-23,0.730759996719293,,,
2020-01-24,0.730723174019715,,,
2020-01-25,0.728789763753362,,,
2020-01-26,0.728745862241232,,,
2020-01-27,0.735359332087134,,,
2020-01-28,0.731290343688702,,,
2020-01-29,0.721269912695732,,,
2020-01-30,0.723764981575509,,,
2020-01-31,0.724504327133786,,,
2020-02-01,0.722606819455582,,,
2020-02-02,0.710175947053479,,,
2020-02-03,0.716852362670692,,,
2020-02-04,0.698860642512747,,,
2020-02-05,0.702625296320627,,,
2020-02-06,0.699696575250463,,,
2020-02-07,0.686403637491901,,,
2020-02-08,0.617278931714047,,,
2020-02-09,0.614985597134959,,,
2020-02-10,0.628368174243679,,,
2020-02-11,0.626290866502556,,,
2020-02-12,0.624697773940813,,,
2020-02-13,0.627155630069345,,,
2020-02-14,0.631958835461785,,,
2020-02-15,0.636894699070057,,,
2020-02-16,0.61339893821006,,,
2020-02-17,0.618274225509981,,,
2020-02-18,0.638042114296008,,,
2020-02-19,0.662726391215041,,,
2020-02-20,0.664526053583333,,,
2020-02-21,0.659672741442236,,,
2020-02-22,0.658385172824297,,,
2020-02-23,0.66644036290226,,,
2020-02-24,0.672523424157449,,,
2020-02-25,0.681508354161218,,,
2020-02-26,0.694056671469213,,,
2020-02-27,0.693320231951239,,,
2020-02-28,0.689102172900018,,,
2020-02-29,0.692909605103645,,,
2020-03-01,0.694201345899122,,,
2020-03-02,0.696523829588725,,,
2020-03-03,0.67606925048126,,,
2020-03-04,0.671698980640322,,,
2020-03-05,0.684245185900522,,,
2020-03-06,0.699390657622993,,,
2020-03-07,0.711966153873627,,,
2020-03-08,0.740916023495776,,,
2020-03-09,0.749279745946233,,,
2020-03-10,0.749868013024466,,,
2020-03-11,0.749196690501279,,,
2020-03-12,0.858655588128199,,,
2020-03-13,0.873226200256325,,,
2020-03-14,0.870430620558989,,,
2020-03-15,0.867895664370834,,,
2020-03-16,0.869618022879502,,,
2020-03-17,0.872475478407254,,,
2020-03-18,0.871499116787013,,,
2020-03-19,0.881008847530604,,,
2020-03-20,0.881080752324364,,,
2020-03-21,0.880841657601763,,,
2020-03-22,0.881604956926286,,,
2020-03-23,0.88392216085817,,,
2020-03-24,0.880945304796661,,,
2020-03-25,0.881271391835446,,,
2020-03-26,0.881459340522618,,,
2020-03-27,0.881193486865679,,,
2020-03-28,0.877779137902639,,,
2020-03-29,0.879960436797553,,,
2020-03-30,0.879539956735646,,,
2020-03-31,0.879752278537767,,,
2020-04-01,0.879793649598235,,,
2020-04-02,0.882035740966132,,,
2020-04-03,0.882037824111769,,,
2020-04-04,0.886114747097659,,,
2020-04-05,0.885630340851067,,,
2020-04-06,0.889094199105795,,,
2020-04-07,0.893100151718977,,,
2020-04-08,0.923223583348388,,,
2020-04-09,0.923182731159236,,,
2020-04-10,0.925068276383332,,,
2020-04-11,0.925859423019573,,,
2020-04-12,0.925929321111471,,,
2020-04-13,0.925924363539635,,,
2020-04-14,0.927611815644501,,,
2020-04-15,0.931299197953232,,,
2020-04-16,0.93815490031031,,,
2020-04-17,0.938237586248165,,,
2020-04-18,0.938458893746084,,,
2020-04-19,0.938480438318167,,,
2020-04-20,0.938845203170352,,,
2020-04-21,0.93831681611164,,,
2020-04-22,0.939409284687624,,,
2020-04-23,0.937750307146408,,,
2020-04-24,0.937510757764835,,,
2020-04-25,0.936355325014768,,,
2020-04-26,0.904559202989689,,,
2020-04-27,0.903217665654881,,,
2020-04-28,0.901837098297796,,,
2020-04-29,0.906191266925333,,,
2020-04-30,0.905937978502319,,,
2020-05-01,0.90553570688602,,,
2020-05-02,0.918560280117856,,,
2020-05-03,0.92223576773058,,,
2020-05-04,0.918467311868448,,,
2020-05-05,0.918218168398789,,,
2020-05-06,0.918577968366386,,,
2020-05-07,0.91629338709889,,,
2020-05-08,0.918509793223022,,,
2020-05-09,0.916720086976824,,,
2020-05-10,0.918422739184765,,,
2020-05-11,0.848570649281794,,,
2020-05-12,0.829791008891067,,,
2020-05-13,0.822247774750525,,,
2020-05-14,0.820308841201403,,,
2020-05-15,0.816924864635123,,,
2020-05-16,0.810198782188871,,,
2020-05-17,0.81867690886844,,,
2020-05-18,0.795324582021442,,,
2020-05-19,0.796040900981069,,,
2020-05-20,0.79852232516528,,,
2020-05-21,0.788897122673633,,,
2020-05-22,0.772796638646906,,,
2020-05-23,0.780984881751052,,,
2020-05-24,0.785856511918855,,,
2020-05-25,0.782144207253887,,,
2020-05-26,0.777967481555885,,,
2020-05-27,0.780411715559874,,,
2020-05-28,0.766170277119927,,,
2020-05-29,0.762646103638733,,,
2020-05-30,0.764366416113609,,,
2020-05-31,0.767271789859722,,,
2020-06-01,0.770310615517284,,,
2020-06-02,0.780545571987339,,,
2020-06-03,0.779512544610097,,,
2020-06-04,0.780262494123609,,,
2020-06-05,0.77097027294896,,,
2020-06-06,0.76962052798401,,,
2020-06-07,0.768478878547305,,,
2020-06-08,0.76780189532803,,,
2020-06-09,0.762715046473469,,,
2020-06-10,0.762599825679027,,,
2020-06-11,0.776585098027873,,,
2020-06-12,0.775509137753706,,,
2020-06-13,0.77719484225484,,,
2020-06-14,0.772768339207444,,,
2020-06-15,0.757592709414963,,,
2020-06-16,0.757087471785776,,,
2020-06-17,0.756220643090483,,,
2020-06-18,0.754878872065681,,,
2020-06-19,0.74759463253189,,,
2020-06-20,0.748786973962252,,,
2020-06-21,0.746769971915777,,,
2020-06-22,0.746924924928503,,,
2020-06-23,0.747465172160927,,,
2020-06-24,0.75013436947782,,,
2020-06-25,0.85500514269149,,,
2020-06-26,0.856807603811592,,,
2020-06-27,0.864069547515215,,,
2020-06-28,0.82807432172514,,,
2020-06-29,0.827495764555775,,,
2020-06-30,0.826300994723017,,,
2020-07-01,0.825053667513927,,,
2020-07-02,0.827782628187745,,,
2020-07-03,0.847986888600151,,,
2020-07-04,0.849137225353232,,,
2020-07-05,0.845628525118313,,,
2020-07-06,0.755434948121977,,,
2020-07-07,0.556245663091233,,,
2020-07-08,0.339426971744729,,,
2020-07-09,0.328566341698195,,,
2020-07-10,0.302321159932973,,,
2020-07-11,0.298616386327686,,,
2020-07-12,0.287642730458108,,,
2020-07-13,0.296198338005841,,,
2020-07-14,0.288172096989981,,,
2020-07-15,0.291320683983696,,,
2020-07-16,0.290764227472003,,,
2020-07-17,0.291107905537488,,,
2020-07-18,0.288307928551732,,,
2020-07-19,0.283217428181369,,,
2020-07-20,0.288902109567973,,,
2020-07-21,0.289143432059537,,,
2020-07-22,0.286142879294733,,,
2020-07-23,0.278957011981475,,,
2020-07-24,0.279061018509891,,,
2020-07-25,0.278694483824496,,,
2020-07-26,0.27855207050014,,,
2020-07-27,0.217914798160878,,,
2020-07-28,0.214217292359746,,,
2020-07-29,0.206976997552886,,,
2020-07-30,0.203245127884663,,,
2020-07-31,0.197090106415401,,,
2020-08-01,0.218847740020371,,,
2020-08-02,0.258152356022768,,,
2020-08-03,0.257241691174998,,,
2020-08-04,0.252462125876405,,,
2020-08-05,0.240196447749954,,,
2020-08-06,0.240311144253539,,,
2020-08-07,0.242778361333418,,,
2020-08-08,0.240786767433947,,,
2020-08-09,0.24222436970324,,,
2020-08-10,0.221023584902853,,,
2020-08-11,0.230621496732524,,,
2020-08-12,0.231645264803891,,,
2020-08-13,0.228325598678409,,,
2020-08-14,0.226759320898443,,,
2020-08-15,0.225832115581514,,,
2020-08-16,0.224331225323707,,,
2020-08-17,0.2248444368849,,,
2020-08-18,0.227380119993699,,,
2020-08-19,0.230632280665512,,,
2020-08-20,0.22860690635116,,,
2020-08-21,0.238281048747705,,,
2020-08-22,0.237936445447358,,,
2020-08-23,0.237906390896717,,,
2020-08-24,0.235699859547663,,,
2020-08-25,0.237287306004068,,,
2020-08-26,0.234858996396987,,,
2020-08-27,0.238731972610992,,,
2020-08-28,0.238940674632433,,,
2020-08-29,0.238400148638672,,,
2020-08-30,0.237729605038448,,,
2020-08-31,0.236535443867086,,,
2020-09-01,0.237748862633742,,,
2020-09-02,0.253344605631035,,,
2020-09-03,0.293491849472237,,,
2020-09-04,0.280795317110917,,,
2020-09-05,0.310554729236741,,,
2020-09-06,0.407664996831282,,,
2020-09-07,0.398774483323083,,,
2020-09-08,0.461745161038427,,,
2020-09-09,0.484110103968573,,,
2020-09-10,0.49125264620199,,,
2020-09-11,0.51721478906396,,,
2020-09-12,0.523808792775865,,,
2020-09-13,0.526615113182424,,,
2020-09-14,0.53012912416139,,,
2020-09-15,0.532951370161656,,,
2020-09-16,0.606058376590851,,,
2020-09-17,0.610760474749056,,,
2020-09-18,0.61112572070007,,,
2020-09-19,0.608277911150461,,,
2020-09-20,0.610550846390011,,,
2020-09-21,0.623269462720147,,,
2020-09-22,0.624097736683237,,,
2020-09-23,0.629723477400448,,,
2020-09-24,0.647081610715882,,,
2020-09-25,0.760850693565989,,,
2020-09-26,0.768456542913578,,,
2020-09-27,0.774854704841165,,,
2020-09-28,0.773059023315361,,,
2020-09-29,0.776405734853688,,,
2020-09-30,0.820477807007761,,,
2020-10-01,0.799737208301504,,,
2020-10-02,0.798598267216517,,,
2020-10-03,0.816862001753516,,,
2020-10-04,0.846916068827714,,,
2020-10-05,0.846788709857488,,,
2020-10-06,0.845183554781536,,,
2020-10-07,0.852384153826206,,,
2020-10-08,0.851370573703467,,,
2020-10-09,0.851830917833812,,,
2020-10-10,0.840784386815912,,,
2020-10-11,0.840528249912708,,,
2020-10-12,0.839891742712487,,,
2020-10-13,0.863254236066196,,,
2020-10-14,0.869029425054269,,,
2020-10-15,0.860242115173624,,,
2020-10-16,0.84827637990521,,,
2020-10-17,0.845586169875265,,,
2020-10-18,0.844911738393899,,,
2020-10-19,0.845979155381931,,,
2020-10-20,0.835839857169881,,,
2020-10-21,0.80613820404606,,,
2020-10-22,0.807358580157432,,,
2020-10-23,0.810241366662314,,,
2020-10-24,0.806273752799682,,,
2020-10-25,0.8033953467222,,,
2020-10-26,0.801282409264277,,,
2020-10-27,0.78192791567798,,,
2020-10-28,0.788560664806098,,,
2020-10-29,0.786394554520171,,,
2020-10-30,0.792361981587784,,,
2020-10-31,0.779518155576836,,,
2020-11-01,0.759439459549822,,,
2020-11-02,0.638521719055653,,,
2020-11-03,0.631452122853838,,,
2020-11-04,0.601321819229454,,,
2020-11-05,0.644876530686746,,,
2020-11-06,0.618170987916145,,,
2020-11-07,0.625844081539259,,,
2020-11-08,0.630326224331685,,,
2020-11-09,0.635462572482374,,,
2020-11-10,0.606083569662477,,,
2020-11-11,0.596306060557062,,,
2020-11-12,0.597372961536407,,,
2020-11-13,0.582008987341875,,,
2020-11-14,0.588752378046262,,,
2020-11-15,0.595916413793181,,,
2020-11-16,0.619639214017519,,,
2020-11-17,0.60283634386202,,,
2020-11-18,0.602792826191177,,,
2020-11-19,0.59983896659854,,,
2020-11-20,0.578667462366563,,,
2020-11-21,0.348473298416196,,,
2020-11-22,0.332105164167111,,,
2020-11-23,0.287049581526188,,,
2020-11-24,0.346246388143617,,,
2020-11-25,0.377143047941429,,,
2020-11-26,0.483334226859069,,,
2020-11-27,0.480700036586193,,,
2020-11-28,0.488129505298335,,,
2020-11-29,0.485131694061224,,,
2020-11-30,0.492393461613137,,,
2020-12-01,0.51838627428386,,,
2020-12-02,0.519534811884378,,,
2020-12-03,0.519814997589057,,,
2020-12-04,0.531296833993902,,,
2020-12-05,0.531001987417203,,,
2020-12-06,0.530525700247831,,,
2020-12-07,0.532501647707412,,,
2020-12-08,0.549832846016814,,,
2020-12-09,0.551088889749438,,,
2020-12-10,0.553892738660795,,,
2020-12-11,0.554866783970782,,,
2020-12-12,0.556641239532,,,
2020-12-13,0.557462004926035,,,
2020-12-14,0.558513294120691,,,
2020-12-15,0.560902097174586,,,
2020-12-16,0.583655789978385,,,
2020-12-17,0.603713276206315,,,
2020-12-18,0.603062035971594,,,
2020-12-19,0.606489717886882,,,
2020-12-20,0.50884751962741,,,
2020-12-21,0.492685126780903,,,
2020-12-22,0.460210797499562,,,
2020-12-23,0.467075262187259,,,
2020-12-24,0.441926240243016,,,
2020-12-25,0.437257588949285,,,
2020-12-26,0.42171327931831,,,
2020-12-27,0.413516789590185,,,
2020-12-28,0.410990804922444,,,
2020-12-29,0.411313958649499,,,
2020-12-30,0.415853034305664,,,
2020-12-31,0.414905747092377,,,
2021-01-01,0.38717502301851,,,
2021-01-02,0.420359983686522,,,
2021-01-03,0.410472821793514,,,
2021-01-04,0.43163219606567,,,
2021-01-05,0.420812266995042,,,
2021-01-06,0.414652075476325,,,
2021-01-07,0.388506578850403,,,
2021-01-08,0.386154460465909,,,
2021-01-09,0.385475740098424,,,
2021-01-10,0.392986586215014,,,
2021-01-11,0.415525504070095,,,
2021-01-12,0.424772140896177,,,
2021-01-13,0.418234124093334,,,
2021-01-14,0.42116617491169,,,
2021-01-15,0.417123133471275,,,
2021-01-16,0.424895082055694,,,
2021-01-17,0.425663074685339,,,
2021-01-18,0.425080289812363,,,
2021-01-19,0.428174583342903,,,
2021-01-20,0.437203680217682,,,
2021-01-21,0.44355639051868,,,
2021-01-22,0.44255205515153,,,
2021-01-23,0.435058613059726,,,
2021-01-24,0.429092114157036,,,
2021-01-25,0.411241881577002,,,
2021-01-26,0.411151744472985,,,
2021-01-27,0.424692407980816,,,
2021-01-28,0.372512278659789,,,
2021-01-29,0.380639547088776,,,
2021-01-30,0.376614182177781,,,
2021-01-31,0.364263139469153,,,
2021-02-01,0.363700975983036,,,
2021-02-02,0.351649702090722,,,
2021-02-03,0.352487211953425,,,
2021-02-04,0.342029453862232,,,
2021-02-05,0.337985886941579,,,
2021-02-06,0.337411878938665,,,
2021-02-07,0.32962865935695,,,
2021-02-08,0.282012890093016,,,
2021-02-09,0.281236106119001,,,
2021-02-10,0.282809486547139,,,
2021-02-11,0.275989119864013,,,
2021-02-12,0.276503834104328,,,
2021-02-13,0.277720077452287,,,
2021-02-14,0.282279172596794,,,
2021-02-15,0.287272503934392,,,
2021-02-16,0.28594775478545,,,
2021-02-17,0.278405680950672,,,
2021-02-18,0.277713971047173,,,
2021-02-19,0.265149552356936,,,
2021-02-20,0.268860489044353,,,
2021-02-21,0.263759654858862,,,
2021-02-22,0.266680930218158,,,
2021-02-23,0.274083170794912,,,
2021-02-24,0.28179970541138,,,
2021-02-25,0.285516071588793,,,
2021-02-26,0.287676636921321,,,
2021-02-27,0.288429722250075,,,
2021-02-28,0.293218192302244,,,
2021-03-01,0.284675792178456,,,
2021-03-02,0.285663380556113,,,
2021-03-03,0.247968994789754,,,
2021-03-04,0.252136421758513,,,
2021-03-05,0.250553849346235,,,
2021-03-06,0.255790103198076,,,
2021-03-07,0.25761249975903,,,
2021-03-08,0.268804243473174,,,
2021-03-09,0.264779477882427,,,
2021-03-10,0.262709836430897,,,
2021-03-11,0.258785756016881,,,
2021-03-12,0.253627215104388,,,
2021-03-13,0.24810628330473,,,
2021-03-14,0.257208711202527,,,
2021-03-15,0.258925455917963,,,
2021-03-16,0.259012273529805,,,
2021-03-17,0.255336489765317,,,
2021-03-18,0.255641491508979,,,
2021-03-19,0.256012475335907,,,
2021-03-20,0.255509228938089,,,
2021-03-21,0.255814278061776,,,
2021-03-22,0.256524266666994,,,
2021-03-23,0.261566438998564,,,
2021-03-24,0.262921379024616,,,
2021-03-25,0.263708867761472,,,
2021-03-26,0.259619494246126,,,
2021-03-27,0.258720850093243,,,
2021-03-28,0.2546721863328,,,
2021-03-29,0.0144053036165795,,,
2021-03-30,-0.000360184567460133,,,
2021-03-31,-0.00614282958976286,,,
2021-04-01,0.0359637009395594,,,
2021-04-02,0.0385355507249639,,,
2021-04-03,0.0638411038709989,,,
2021-04-04,0.0402260923002716,,,
2021-04-05,0.0880073919232339,,,
2021-04-06,0.0927807934114198,,,
2021-04-07,0.0835985627542812,,,
2021-04-08,0.147248720026129,,,
2021-04-09,0.191628263470291,,,
2021-04-10,0.205675018520484,,,
2021-04-11,0.207140281446014,,,
2021-04-12,0.231484599141972,,,
2021-04-13,0.293712103544248,,,
2021-04-14,0.237769409492589,,,
2021-04-15,0.215976603107269,,,
2021-04-16,0.0336028676690685,,,
2021-04-17,0.0555727431907479,,,
2021-04-18,0.0628112830115575,,,
2021-04-19,0.0619573229377359,,,
2021-04-20,0.0849275128761382,,,
2021-04-21,0.0965136413397834,,,
2021-04-22,0.114076517104636,,,
2021-04-23,0.10613294770292,,,
2021-04-24,0.068169827455019,,,
2021-04-25,0.0677554767492838,,,
2021-04-26,0.0567777780498606,,,
2021-04-27,0.0515818477929454,,,
2021-04-28,0.046582460516142,,,
2021-04-29,0.0502848839812074,,,
2021-04-30,0.0641048805420666,,,
2021-05-01,0.0598683846679361,,,
2021-05-02,0.0709585971726867,,,
2021-05-03,0.0677111549415808,,,
2021-05-04,0.0324468500875636,,,
2021-05-05,0.0553154010470105,,,
2021-05-06,0.0673306727941265,,,
2021-05-07,0.0656196758844407,,,
2021-05-08,0.0724200433857839,,,
2021-05-09,0.0817386290848317,,,
2021-05-10,0.113431907706634,,,
2021-05-11,0.113836710009617,,,
2021-05-12,0.14824559951476,,,
2021-05-13,0.137680552834955,,,
2021-05-14,0.132010768271412,,,
2021-05-15,0.15066028292252,,,
2021-05-16,0.160359146377399,,,
2021-05-17,0.168592973909285,,,
2021-05-18,0.171572611201072,,,
2021-05-19,0.239071951781185,,,
2021-05-20,0.250804198581077,,,
2021-05-21,0.262745990098468,,,
2021-05-22,0.260598676616194,,,
2021-05-23,0.271238701365668,,,
2021-05-24,0.283157472886984,,,
2021-05-25,0.289191557722527,,,
2021-05-26,0.289306593743579,,,
2021-05-27,0.291113858423232,,,
2021-05-28,0.304056218091819,,,
2021-05-29,0.308989946090075,,,
2021-05-30,0.305461774649144,,,
2021-05-31,0.304488089165842,,,
2021-06-01,0.304464238114543,,,
2021-06-02,0.305873051523492,,,
2021-06-03,0.293949745718419,,,
2021-06-04,0.299880488390114,,,
2021-06-05,0.302439327536836,,,
2021-06-06,0.297062387369955,,,
2021-06-07,0.308192453153136,,,
2021-06-08,0.308960326830834,,,
2021-06-09,0.294246938204151,,,
2021-06-10,0.293506190391857,,,
2021-06-11,0.292435229355436,,,
2021-06-12,0.271256390751805,,,
2021-06-13,0.267157148095563,,,
2021-06-14,0.266456820083276,,,
2021-06-15,0.476857260556165,,,
2021-06-16,0.485368774694592,,,
2021-06-17,0.512070052066815,,,
2021-06-18,0.539716280919463,,,
2021-06-19,0.563625543408536,,,
2021-06-20,0.558905685337287,,,
2021-06-21,0.594406038559087,,,
2021-06-22,0.595777795891801,,,
2021-06-23,0.605623347829408,,,
2021-06-24,0.608188878478881,,,
2021-06-25,0.618893560957619,,,
2021-06-26,0.619987295774066,,,
2021-06-27,0.630020054872489,,,
2021-06-28,0.629121790114527,,,
2021-06-29,0.621681058518199,,,
2021-06-30,0.628176924933763,,,
2021-07-01,0.628003016305987,,,
2021-07-02,0.630610836838455,,,
2021-07-03,0.702290812307263,,,
2021-07-04,0.688816852869747,,,
2021-07-05,0.693013270926605,,,
2021-07-06,0.700084109606624,,,
2021-07-07,0.709112870537929,,,
2021-07-08,0.715307468487519,,,
2021-07-09,0.723864520181267,,,
2021-07-10,0.725280476341859,,,
2021-07-11,0.71430647585299,,,
2021-07-12,0.744441210970021,,,
2021-07-13,0.755683774036468,,,
2021-07-14,0.751119359058919,,,
2021-07-15,0.754850166505033,,,
2021-07-16,0.753693209640057,,,
2021-07-17,0.749902074270495,,,
2021-07-18,0.717471610590512,,,
2021-07-19,0.698873295344186,,,
2021-07-20,0.68796201189499,,,
2021-07-21,0.703912112177738,,,
2021-07-22,0.694697768176947,,,
2021-07-23,0.660649927734641,,,
2021-07-24,0.661229313974888,,,
2021-07-25,0.659136231179211,,,
2021-07-26,0.657662334023989,,,
2021-07-27,0.649012232012846,,,
2021-07-28,0.648637405144484,,,
2021-07-29,0.650185914921035,,,
2021-07-30,0.641568978571919,,,
2021-07-31,0.681977714608738,,,
2021-08-01,0.684118840440567,,,
2021-08-02,0.705122142489366,,,
2021-08-03,0.70648138338569,,,
2021-08-04,0.711688519099251,,,
2021-08-05,0.710023692275943,,,
2021-08-06,0.699577648006585,,,
2021-08-07,0.674483172115875,,,
2021-08-08,0.693354565741908,,,
2021-08-09,0.69597062339377,,,
2021-08-10,0.696058353596422,,,
2021-08-11,0.699298169570341,,,
2021-08-12,0.713263185036531,,,
2021-08-13,0.721228987916177,,,
2021-08-14,0.716771294866853,,,
2021-08-15,0.690372657869657,,,
2021-08-16,0.693300393414488,,,
2021-08-17,0.699460156895998,,,
2021-08-18,0.698908099122301,,,
2021-08-19,0.698296769410438,,,
2021-08-20,0.618922211951612,,,
2021-08-21,0.618458770660827,,,
2021-08-22,0.643040449879715,,,
2021-08-23,0.643804587269275,,,
2021-08-24,0.633432012848518,,,
2021-08-25,0.632418060450829,,,
2021-08-26,0.632061385797009,,,
2021-08-27,0.640111556787902,,,
2021-08-28,0.641115745991978,,,
2021-08-29,0.637244069288305,,,
2021-08-30,0.638891826426575,,,
2021-08-31,0.637444352308234,,,
2021-09-01,0.643755874485875,,,
2021-09-02,0.645313309047784,,,
2021-09-03,0.635862525755688,,,
2021-09-04,0.634999986865758,,,
2021-09-05,0.637953699255047,,,
2021-09-06,0.621818924846263,,,
2021-09-07,0.684765670883191,,,
2021-09-08,0.680508854046409,,,
2021-09-09,0.68065068841729,,,
2021-09-10,0.684230885464288,,,
2021-09-11,0.681748072298844,,,
2021-09-12,0.684051045312628,,,
2021-09-13,0.682736205929504,,,
2021-09-14,0.679093518626979,,,
2021-09-15,0.691300880554405,,,
2021-09-16,0.69318024471593,,,
2021-09-17,0.688816475979985,,,
2021-09-18,0.688360749132742,,,
2021-09-19,0.670183468284593,,,
2021-09-20,0.695714770286347,,,
2021-09-21,0.696980114977323,,,
2021-09-22,0.716669411853058,,,
2021-09-23,0.716351376836715,,,
2021-09-24,0.726963765516675,,,
2021-09-25,0.737261315817953,,,
2021-09-26,0.736215323813612,,,
2021-09-27,0.736847007632754,,,
2021-09-28,0.74117813187037,,,
2021-09-29,0.741201328414427,,,
2021-09-30,0.739912715286875,,,
2021-10-01,0.747923582775554,,,
2021-10-02,0.746142013983554,,,
2021-10-03,0.746748951963259,,,
2021-10-04,0.748025835790707,,,
2021-10-05,0.751965701830826,,,
2021-10-06,0.781182607374429,,,
2021-10-07,0.785150201144084,,,
2021-10-08,0.78011407099863,,,
2021-10-09,0.782250882015699,,,
2021-10-10,0.779477448510358,,,
2021-10-11,0.775488842022072,,,
2021-10-12,0.765285636865424,,,
2021-10-13,0.773920507891528,,,
2021-10-14,0.849241801961402,,,
2021-10-15,0.831941248512835,,,
2021-10-16,0.824831022720714,,,
2021-10-17,0.82696420321236,,,
2021-10-18,0.82118044190192,,,
2021-10-19,0.814348482082204,,,
2021-10-20,0.81561047377388,,,
2021-10-21,0.816397176535753,,,
2021-10-22,0.808733719068374,,,
2021-10-23,0.806078952615498,,,
2021-10-24,0.764309496389865,,,
2021-10-25,0.737235964535249,,,
2021-10-26,0.735063714710546,,,
2021-10-27,0.739588122654519,,,
2021-10-28,0.662893266637445,,,
2021-10-29,0.647417217469908,,,
2021-10-30,0.646837429715154,,,
2021-10-31,0.634718016264756,,,