Time,DOGE / USD Denominated Closing Price
2014-01-23,0.001540752607872
2014-01-24,0.00188793909497604
2014-01-25,0.00193674865363413
2014-01-26,0.00193674865363413
2014-01-27,0.00161774405065511
2014-01-28,0.00165098289165354
2014-01-29,0.00157883500556973
2014-01-30,0.00163919961236558
2014-01-31,0.00191973786109596
2014-02-01,0.00149632397055897
2014-02-02,0.00140906920583811
2014-02-03,0.00129119588539605
2014-02-04,0.00110371657165547
2014-02-05,0.00127397427334897
2014-02-06,0.00127516086832846
2014-02-07,0.00109581976106534
2014-02-08,0.00111139897354386
2014-02-09,0.00127857526151186
2014-02-10,0.00145203013915664
2014-02-11,0.00175365819531153
2014-02-12,0.00176099283059951
2014-02-13,0.00149321111489207
2014-02-14,0.00156941545193003
2014-02-15,0.00150531545044539
2014-02-16,0.00144579790775787
2014-02-17,0.00139524945783682
2014-02-18,0.00135206576786553
2014-02-19,0.0012907280834787
2014-02-20,0.00117909739804667
2014-02-21,0.00108778452179066
2014-02-22,0.00127161065751418
2014-02-23,0.00112975943254572
2014-02-24,0.000989275654741549
2014-02-25,0.000949379807511342
2014-02-26,0.00122016308652809
2014-02-27,0.00115798650757006
2014-02-28,0.00103842540236149
2014-03-01,0.00105855749226297
2014-03-02,0.000973492575396943
2014-03-03,0.00108387981130163
2014-03-04,0.00104784853126213
2014-03-05,0.00106608128625164
2014-03-06,0.00101168523702691
2014-03-07,0.000922514234385868
2014-03-08,0.000870133760294682
2014-03-09,0.000877593078371186
2014-03-10,0.00077819091062808
2014-03-11,0.0007731752835977
2014-03-12,0.000924314322556196
2014-03-13,0.000865935509221471
2014-03-14,0.000866596183438564
2014-03-15,0.000840139927734544
2014-03-16,0.000843404608927581
2014-03-17,0.000772936776510445
2014-03-18,0.000760205330459686
2014-03-19,0.000764352890441538
2014-03-20,0.000720234131822783
2014-03-21,0.00068775713089034
2014-03-22,0.000677907035154648
2014-03-23,0.000684880761232927
2014-03-24,0.000663599634622893
2014-03-25,0.000652534044412638
2014-03-26,0.000611074840342608
2014-03-27,0.000499791801364502
2014-03-28,0.00052714069057525
2014-03-29,0.000620129091748747
2014-03-30,0.000524670402743552
2014-03-31,0.000499262149095369
2014-04-01,0.000521416252776859
2014-04-02,0.000460913573187266
2014-04-03,0.000453935563034775
2014-04-04,0.000464600577174261
2014-04-05,0.000468628253715741
2014-04-06,0.000463699624777318
2014-04-07,0.000456214500238582
2014-04-08,0.000452922187863506
2014-04-09,0.000446302008070913
2014-04-10,0.000342293387952477
2014-04-11,0.000448207601494243
2014-04-12,0.000418703598861994
2014-04-13,0.000387216959138223
2014-04-14,0.000442202808476597
2014-04-15,0.000570523059787203
2014-04-16,0.000691600149509963
2014-04-17,0.000638871850730389
2014-04-18,0.000586626536074168
2014-04-19,0.000625487622141713
2014-04-20,0.00061926600143243
2014-04-21,0.000607663126967212
2014-04-22,0.000584115011652363
2014-04-23,0.00057749736946796
2014-04-24,0.000588353998415933
2014-04-25,0.000512141388224481
2014-04-26,0.000477325234363824
2014-04-27,0.000452005000973977
2014-04-28,0.000487147745401585
2014-04-29,0.000501891298020599
2014-04-30,0.000500041775448625
2014-05-01,0.000504394906282055
2014-05-02,0.000494113908859361
2014-05-03,0.000494113908859361
2014-05-04,0.000463955488277161
2014-05-05,0.000449682467128288
2014-05-06,0.000455264183770302
2014-05-07,0.000469411624094365
2014-05-08,0.000466919590657263
2014-05-09,0.000488782872132844
2014-05-10,0.00047872604275252
2014-05-11,0.00045253043701628
2014-05-12,0.000450155319345765
2014-05-13,0.000443395832735242
2014-05-14,0.000455801975310059
2014-05-15,0.000449355193315437
2014-05-16,0.000445057275125866
2014-05-17,0.000452199601262837
2014-05-18,0.000451432267852133
2014-05-19,0.000438456759672706
2014-05-20,0.00047516132170075
2014-05-21,0.000459605258476912
2014-05-22,0.000419807868689873
2014-05-23,0.000402485118284758
2014-05-24,0.000428212654088294
2014-05-25,0.000418518094921099
2014-05-26,0.000364047526275859
2014-05-27,0.000390398017292516
2014-05-28,0.000402410312630964
2014-05-29,0.000386670260321489
2014-05-30,0.000367801575980664
2014-05-31,0.000334454182313162
2014-06-01,0.000404013561045237
2014-06-02,0.000395743742706253
2014-06-03,0.000389224565037429
2014-06-04,0.000356519043706801
2014-06-05,0.000348867543088475
2014-06-06,0.000358828945417676
2014-06-07,0.000361385252047183
2014-06-08,0.000362036278886394
2014-06-09,0.000355529054266511
2014-06-10,0.000389918257543298
2014-06-11,0.00042564574552854
2014-06-12,0.000367071255391826
2014-06-13,0.000376138349815897
2014-06-14,0.000374113650116891
2014-06-15,0.000365629280771479
2014-06-16,0.000359900659713819
2014-06-17,0.00036255496073422
2014-06-18,0.000350968879802954
2014-06-19,0.00034795855607035
2014-06-20,0.000343088283220339
2014-06-21,0.000349730966206897
2014-06-22,0.000329799048451198
2014-06-23,0.000318451274705408
2014-06-24,0.000302245286855015
2014-06-25,0.000264251286578025
2014-06-26,0.000290145166581142
2014-06-27,0.000294582547856623
2014-06-28,0.00027341953993571
2014-06-29,0.000258361422916423
2014-06-30,0.00027185308649495
2014-07-01,0.000254544675330787
2014-07-02,0.000227954421712449
2014-07-03,0.000226244686195617
2014-07-04,0.000239449093838384
2014-07-05,0.000222159209281971
2014-07-06,0.000240514607115204
2014-07-07,0.000224227792425482
2014-07-08,0.000267636288893368
2014-07-09,0.000274968323479828
2014-07-10,0.00026510482541204
2014-07-11,0.000267326363899809
2014-07-12,0.000273163693947294
2014-07-13,0.00027028001583289
2014-07-14,0.000250760133352821
2014-07-15,0.000254993186575102
2014-07-16,0.000236781788052856
2014-07-17,0.000262505693871477
2014-07-18,0.000245992554704851
2014-07-19,0.000266606237675163
2014-07-20,0.000243846983722969
2014-07-21,0.00024031552794313
2014-07-22,0.000216938142562829
2014-07-23,0.000223118214038574
2014-07-24,0.000215923582501329
2014-07-25,0.000210552480011689
2014-07-26,0.000218255856859731
2014-07-27,0.000212967159906487
2014-07-28,0.000204618216823769
2014-07-29,0.000204642121280913
2014-07-30,0.000192140099702683
2014-07-31,0.000203691446683226
2014-08-01,0.000208786778744885
2014-08-02,0.000206415041540035
2014-08-03,0.000200638228365414
2014-08-04,0.000204129846926028
2014-08-05,0.000186171628884293
2014-08-06,0.000180028406006753
2014-08-07,0.000174059617850946
2014-08-08,0.000165941844055045
2014-08-09,0.000159247262175233
2014-08-10,0.000164494454436208
2014-08-11,0.000144778390221214
2014-08-12,0.000167575984846852
2014-08-13,0.000153353273942636
2014-08-14,0.000142212321072956
2014-08-15,0.000126557171304711
2014-08-16,0.0001304369907218
2014-08-17,0.00012444116474284
2014-08-18,0.000107860321180596
2014-08-19,0.000115626887938227
2014-08-20,0.00013393129201052
2014-08-21,0.000135020041554646
2014-08-22,0.00010325630912266
2014-08-23,0.000119310182279369
2014-08-24,0.000132191992910579
2014-08-25,0.000115196224199132
2014-08-26,0.000150815925450942
2014-08-27,0.000139563237416569
2014-08-28,0.000133737723168736
2014-08-29,0.000129421305164084
2014-08-30,0.000131268642981041
2014-08-31,0.000131405110458992
2014-09-01,0.000132061707107871
2014-09-02,0.000130034431576144
2014-09-03,0.000135013885705699
2014-09-04,0.000161580226385743
2014-09-05,0.000163693616512049
2014-09-06,0.000205230102216758
2014-09-07,0.000187437666238629
2014-09-08,0.000172122421696215
2014-09-09,0.000191237172345495
2014-09-10,0.000188809904769169
2014-09-11,0.000208764751481489
2014-09-12,0.000209042525221863
2014-09-13,0.000265213616687723
2014-09-14,0.000338359380875784
2014-09-15,0.000327581622378602
2014-09-16,0.000290026806675434
2014-09-17,0.000274583793244966
2014-09-18,0.000298237029842062
2014-09-19,0.000274522344278083
2014-09-20,0.000293610362597305
2014-09-21,0.00028517447203836
2014-09-22,0.000298934332921647
2014-09-23,0.000317516551732758
2014-09-24,0.000355473951635965
2014-09-25,0.000380435197900944
2014-09-26,0.000453698170862461
2014-09-27,0.000376353709588466
2014-09-28,0.000385446291705932
2014-09-29,0.000390736697919608
2014-09-30,0.000401523264107525
2014-10-01,0.000373139716495601
2014-10-02,0.000332514501189877
2014-10-03,0.000316278376442325
2014-10-04,0.000292569795829994
2014-10-05,0.000282911143331199
2014-10-06,0.000285408775119771
2014-10-07,0.000293736981248491
2014-10-08,0.000297902501422409
2014-10-09,0.000280280316234414
2014-10-10,0.000266081587452283
2014-10-11,0.000276565749424398
2014-10-12,0.000290305313996069
2014-10-13,0.000284595287340522
2014-10-14,0.00028056011309014
2014-10-15,0.000267100139677714
2014-10-16,0.000253392217091588
2014-10-17,0.000249233671004673
2014-10-18,0.000254340565108124
2014-10-19,0.000235055598488157
2014-10-20,0.00022752747655552
2014-10-21,0.000223970829104255
2014-10-22,0.00024959329105666
2014-10-23,0.000240624371536472
2014-10-24,0.000247275710870629
2014-10-25,0.00024179938891874
2014-10-26,0.000246234135322214
2014-10-27,0.000246172555414107
2014-10-28,0.000249342456480953
2014-10-29,0.000233092650977781
2014-10-30,0.000236281171167576
2014-10-31,0.00023368667695214
2014-11-01,0.000224994276206118
2014-11-02,0.000208363512324977
2014-11-03,0.000205838862652153
2014-11-04,0.000206733625309608
2014-11-05,0.000206259128263062
2014-11-06,0.00022268562190115
2014-11-07,0.000202402194013524
2014-11-08,0.000212724411826406
2014-11-09,0.000214768965342595
2014-11-10,0.000218271024797646
2014-11-11,0.000220245999974612
2014-11-12,0.000239335947183286
2014-11-13,0.000256631536405078
2014-11-14,0.000235932509054338
2014-11-15,0.000226967848695109
2014-11-16,0.000226843817902811
2014-11-17,0.000217281249812047
2014-11-18,0.00020873249767195
2014-11-19,0.000210172025340449
2014-11-20,0.000208280336059649
2014-11-21,0.00020217358970962
2014-11-22,0.00021198907622296
2014-11-23,0.000255426448267907
2014-11-24,0.000247387201157948
2014-11-25,0.000241278951617179
2014-11-26,0.000226550560751131
2014-11-27,0.000245114539966167
2014-11-28,0.000247464557984956
2014-11-29,0.000241596053692019
2014-11-30,0.000239864268161588
2014-12-01,0.000238944808078141
2014-12-02,0.000238049061660436
2014-12-03,0.000236712823347965
2014-12-04,0.000228301793205947
2014-12-05,0.000234785141250631
2014-12-06,0.0002258631607052
2014-12-07,0.000229255182876289
2014-12-08,0.000219830397536949
2014-12-09,0.000210604818781155
2014-12-10,0.000206196621715769
2014-12-11,0.000204654777306385
2014-12-12,0.000204579190918058
2014-12-13,0.000198274731729714
2014-12-14,0.00019335047714178
2014-12-15,0.000187547170771518
2014-12-16,0.00017054117120687
2014-12-17,0.000177482392508897
2014-12-18,0.0001751257027257
2014-12-19,0.000192091742392869
2014-12-20,0.000206015626189133
2014-12-21,0.000190314152740195
2014-12-22,0.000192669743999442
2014-12-23,0.000194593064013695
2014-12-24,0.000187002944070623
2014-12-25,0.000183714503209866
2014-12-26,0.000192646195757057
2014-12-27,0.000181962330324421
2014-12-28,0.000183452353101824
2014-12-29,0.000178259788128929
2014-12-30,0.000177376173759127
2014-12-31,0.000187021115837441
2015-01-01,0.00018132243335213
2015-01-02,0.000183629774950259
2015-01-03,0.000166309573349733
2015-01-04,0.000156921119301357
2015-01-05,0.000160609064128174
2015-01-06,0.00017050211036736
2015-01-07,0.000175285870240575
2015-01-08,0.000167659109506692
2015-01-09,0.000172116665042394
2015-01-10,0.000154454197110303
2015-01-11,0.000160609521241508
2015-01-12,0.000157048030220092
2015-01-13,0.00013369238530324
2015-01-14,0.000113996014366943
2015-01-15,0.000143086964741885
2015-01-16,0.000140554972366441
2015-01-17,0.000135983160461397
2015-01-18,0.000137585856820822
2015-01-19,0.000141210489052611
2015-01-20,0.000142861923728251
2015-01-21,0.000156814393706688
2015-01-22,0.000155139349559413
2015-01-23,0.000155511507657228
2015-01-24,0.00016688502301578
2015-01-25,0.000167377513595457
2015-01-26,0.000164736931479105
2015-01-27,0.000157871153997367
2015-01-28,0.000142264416614731
2015-01-29,0.000142569370862703
2015-01-30,0.00014048876233059
2015-01-31,0.000135669185596869
2015-02-01,0.000143437790243977
2015-02-02,0.000149791205144127
2015-02-03,0.00014310577194557
2015-02-04,0.000144270788142047
2015-02-05,0.000139305596593081
2015-02-06,0.000142547677258404
2015-02-07,0.000144550566952168
2015-02-08,0.000141870246572704
2015-02-09,0.000139754456408895
2015-02-10,0.000140635847252162
2015-02-11,0.000139842210542648
2015-02-12,0.000140208115301374
2015-02-13,0.000143989383507796
2015-02-14,0.000153936839521087
2015-02-15,0.000141697262062046
2015-02-16,0.000141841859511392
2015-02-17,0.000147734466603946
2015-02-18,0.000143265160866477
2015-02-19,0.000144286610076957
2015-02-20,0.000144832419428951
2015-02-21,0.000145292973160123
2015-02-22,0.000141598456223546
2015-02-23,0.00014236356211392
2015-02-24,0.000142207242081781
2015-02-25,0.000142773495046802
2015-02-26,0.000141826159699587
2015-02-27,0.000146232741251545
2015-02-28,0.000146304931263235
2015-03-01,0.000148073019957617
2015-03-02,0.000151242170663036
2015-03-03,0.000143658251035083
2015-03-04,0.000142505849186628
2015-03-05,0.000140650775865928
2015-03-06,0.00014106499016155
2015-03-07,0.000140531027201009
2015-03-08,0.000139775393139046
2015-03-09,0.000144436290037477
2015-03-10,0.000140745772255226
2015-03-11,0.000144325178201415
2015-03-12,0.000144319449595518
2015-03-13,0.000139449418485313
2015-03-14,0.000142699848161603
2015-03-15,0.000142718828685539
2015-03-16,0.000143730090395993
2015-03-17,0.000138282087499784
2015-03-18,0.000126957126417956
2015-03-19,0.000132856094827761
2015-03-20,0.000133932415448081
2015-03-21,0.000130658917891128
2015-03-22,0.000133670921148307
2015-03-23,0.000133818928485015
2015-03-24,0.00012790362125936
2015-03-25,0.000123349215117464
2015-03-26,0.000129724459230182
2015-03-27,0.000127894572344491
2015-03-28,0.000128183741360831
2015-03-29,0.000125732488504754
2015-03-30,0.000127967862713543
2015-03-31,0.000124677593202859
2015-04-01,0.00012625578431351
2015-04-02,0.000129673005849109
2015-04-03,0.000127107713901361
2015-04-04,0.000128696223698657
2015-04-05,0.000127320322546245
2015-04-06,0.000123321448473207
2015-04-07,0.000122169182143076
2015-04-08,0.000116619752794798
2015-04-09,0.000115961490521012
2015-04-10,0.000113253389918681
2015-04-11,0.000116089593039228
2015-04-12,0.000113700245691078
2015-04-13,0.000107714249703304
2015-04-14,0.000103623320442165
2015-04-15,0.000104608430925786
2015-04-16,0.00010693571986882
2015-04-17,0.000104066977114076
2015-04-18,0.000104997080739334
2015-04-19,0.000106526655515584
2015-04-20,0.000105958964361454
2015-04-21,0.00011035428376095
2015-04-22,0.00010915012263353
2015-04-23,0.000111366830076476
2015-04-24,0.000104642659569116
2015-04-25,0.0000997229640088861
2015-04-26,0.0000976203506666416
2015-04-27,0.0001048306430717
2015-04-28,0.000100610468150802
2015-04-29,0.0000988825712129229
2015-04-30,0.000103255118174229
2015-05-01,0.0000969617366464654
2015-05-02,0.0000986444458677655
2015-05-03,0.0000916532787670865
2015-05-04,0.0000839442186421592
2015-05-05,0.0000893629637475378
2015-05-06,0.0000872797683786674
2015-05-07,0.0000808648905800676
2015-05-08,0.0000884340232136995
2015-05-09,0.0000918600600558206
2015-05-10,0.0000906388648293422
2015-05-11,0.0000913889422329955
2015-05-12,0.000110896232609524
2015-05-13,0.000108895465598121
2015-05-14,0.000114226273103939
2015-05-15,0.000116927542006215
2015-05-16,0.000118050366046021
2015-05-17,0.000114828099686268
2015-05-18,0.000113587280584238
2015-05-19,0.000117080214873107
2015-05-20,0.000134891686487833
2015-05-21,0.000130479938870517
2015-05-22,0.000127095916494366
2015-05-23,0.000135365241086065
2015-05-24,0.000137848885190956
2015-05-25,0.000139396286573482
2015-05-26,0.000153739342913361
2015-05-27,0.000182018103475305
2015-05-28,0.000182663163471525
2015-05-29,0.000171202033395117
2015-05-30,0.000160811026544991
2015-05-31,0.000152097565016067
2015-06-01,0.000146473739561627
2015-06-02,0.000161062232057967
2015-06-03,0.000151655067774259
2015-06-04,0.000148096489820835
2015-06-05,0.000151888927824708
2015-06-06,0.000155070453610749
2015-06-07,0.000155191602256466
2015-06-08,0.000156608664571386
2015-06-09,0.000159314495960736
2015-06-10,0.000153052857954611
2015-06-11,0.000155416395989309
2015-06-12,0.000157370451251264
2015-06-13,0.000162609683281347
2015-06-14,0.000163676823976654
2015-06-15,0.000165174359602194
2015-06-16,0.000186595154915184
2015-06-17,0.000196834769011058
2015-06-18,0.000198663422345454
2015-06-19,0.000198933635247751
2015-06-20,0.000202375305654093
2015-06-21,0.000200544170220348
2015-06-22,0.000197814411454676
2015-06-23,0.000187399675084816
2015-06-24,0.000182116960464152
2015-06-25,0.000182452328274154
2015-06-26,0.00018323569975073
2015-06-27,0.000195594952431019
2015-06-28,0.000187835479596609
2015-06-29,0.000198198756737024
2015-06-30,0.00019876529602851
2015-07-01,0.000188231946546203
2015-07-02,0.000188928663006164
2015-07-03,0.000190212639796086
2015-07-04,0.000193397545121359
2015-07-05,0.000197327315987094
2015-07-06,0.00018674080132378
2015-07-07,0.000184899614496702
2015-07-08,0.000187279633120629
2015-07-09,0.000192741207343887
2015-07-10,0.00020242063660908
2015-07-11,0.00019916659195977
2015-07-12,0.000211893331294267
2015-07-13,0.000192577214560114
2015-07-14,0.000190768584705586
2015-07-15,0.000188689586105774
2015-07-16,0.000172929670154603
2015-07-17,0.000177773743895837
2015-07-18,0.000181674499612081
2015-07-19,0.000173675246273297
2015-07-20,0.000175425842969694
2015-07-21,0.000173789973491385
2015-07-22,0.000186883065623887
2015-07-23,0.000178379484286058
2015-07-24,0.00018893702521699
2015-07-25,0.000189006475610166
2015-07-26,0.000189617331552499
2015-07-27,0.000187226115514003
2015-07-28,0.000190208571319081
2015-07-29,0.000185641753356013
2015-07-30,0.000187054416918941
2015-07-31,0.000185445845435036
2015-08-01,0.000177112613283522
2015-08-02,0.000174805579525567
2015-08-03,0.000177625017750981
2015-08-04,0.000175062539636188
2015-08-05,0.000173992551909815
2015-08-06,0.000171695451281203
2015-08-07,0.000171394159480379
2015-08-08,0.000157680982087802
2015-08-09,0.000165315300973981
2015-08-10,0.000162522267847314
2015-08-11,0.00016539593496785
2015-08-12,0.000161330897677472
2015-08-13,0.00015738075348735
2015-08-14,0.000158412962336785
2015-08-15,0.000152638187972734
2015-08-16,0.000148747370740497
2015-08-17,0.000150320633413741
2015-08-18,0.000124227044108709
2015-08-19,0.000129847382568564
2015-08-20,0.000137043060884767
2015-08-21,0.000143228763709698
2015-08-22,0.000145493822567344
2015-08-23,0.000140682936114205
2015-08-24,0.000129847515057622
2015-08-25,0.000130392620994604
2015-08-26,0.00013409001809919
2015-08-27,0.000130741169877436
2015-08-28,0.000132474370003004
2015-08-29,0.000130247907413324
2015-08-30,0.000129566464535485
2015-08-31,0.000127311664837827
2015-09-01,0.000127450545635073
2015-09-02,0.000126215830881433
2015-09-03,0.000121312746603936
2015-09-04,0.000124340831880569
2015-09-05,0.000130246820140481
2015-09-06,0.000130699330410432
2015-09-07,0.00012991114858528
2015-09-08,0.000130921985847068
2015-09-09,0.000128790643315332
2015-09-10,0.000127089209310882
2015-09-11,0.000128257891763189
2015-09-12,0.000126740941805536
2015-09-13,0.000122525348023664
2015-09-14,0.00012261047176214
2015-09-15,0.000124353188532861
2015-09-16,0.000121803639778391
2015-09-17,0.000125163472517915
2015-09-18,0.000125194371622232
2015-09-19,0.000125450149081628
2015-09-20,0.00012712641671105
2015-09-21,0.000127509083540025
2015-09-22,0.000125582560291954
2015-09-23,0.000121331503882347
2015-09-24,0.000123410652978316
2015-09-25,0.000122628907293349
2015-09-26,0.000121260975049222
2015-09-27,0.000119513653809412
2015-09-28,0.000124349143614383
2015-09-29,0.000121059539531057
2015-09-30,0.000121262453270178
2015-10-01,0.00012264922930731
2015-10-02,0.00012118265282678
2015-10-03,0.000122519195299047
2015-10-04,0.00012146369416654
2015-10-05,0.000117582622307702
2015-10-06,0.000119588044294368
2015-10-07,0.000117657702395937
2015-10-08,0.000116809416210973
2015-10-09,0.000118598142365669
2015-10-10,0.000118133615133858
2015-10-11,0.000121662104653371
2015-10-12,0.000118377411245841
2015-10-13,0.000118962259198337
2015-10-14,0.000119696743375171
2015-10-15,0.000118527966534306
2015-10-16,0.000119251467834233
2015-10-17,0.000120663163785391
2015-10-18,0.000117328822117882
2015-10-19,0.000116233941334582
2015-10-20,0.000116472239557603
2015-10-21,0.000115753003527701
2015-10-22,0.000119061966160507
2015-10-23,0.000114105643412009
2015-10-24,0.000114231473937162
2015-10-25,0.000112822997862673
2015-10-26,0.000114719055208144
2015-10-27,0.000116057934473145
2015-10-28,0.00012136344878784
2015-10-29,0.000131766068238516
2015-10-30,0.000140665048441763
2015-10-31,0.000133942008636186
2015-11-01,0.000135274028451845
2015-11-02,0.000142140667333443
2015-11-03,0.000145656699749035
2015-11-04,0.000135966183787324
2015-11-05,0.00013997195185074
2015-11-06,0.000137460798718357
2015-11-07,0.00013040873626968
2015-11-08,0.000132517682921193
2015-11-09,0.000132759978389174
2015-11-10,0.000118537151207356
2015-11-11,0.000122454786471171
2015-11-12,0.000127064247533261
2015-11-13,0.00012896064990435
2015-11-14,0.000126852917037548
2015-11-15,0.000124366362168963
2015-11-16,0.000129715139099591
2015-11-17,0.000132978770802652
2015-11-18,0.000133145497804487
2015-11-19,0.000129989953531825
2015-11-20,0.000128676766833881
2015-11-21,0.000128803547359374
2015-11-22,0.000128016418951633
2015-11-23,0.000128215614876371
2015-11-24,0.000125475940854272
2015-11-25,0.000128689234778358
2015-11-26,0.000133480779377849
2015-11-27,0.000126993917787765
2015-11-28,0.000129938550684973
2015-11-29,0.000131624685305853
2015-11-30,0.000127006128239924
2015-12-01,0.000121534243395763
2015-12-02,0.000123794202467365
2015-12-03,0.000125477284341211
2015-12-04,0.000124061326133245
2015-12-05,0.000126052150369941
2015-12-06,0.000123519884263634
2015-12-07,0.000124684642686014
2015-12-08,0.000129293592251555
2015-12-09,0.000134497027413966
2015-12-10,0.000133937272044125
2015-12-11,0.000141625259945217
2015-12-12,0.000132240103648504
2015-12-13,0.000130876954488613
2015-12-14,0.000134542246234777
2015-12-15,0.000136670863505093
2015-12-16,0.000134414100905082
2015-12-17,0.00013819097701568
2015-12-18,0.000140689599448355
2015-12-19,0.000139158508870777
2015-12-20,0.000130853935769672
2015-12-21,0.000131936349465868
2015-12-22,0.000129741877972957
2015-12-23,0.000135733626872009
2015-12-24,0.000139359538107004
2015-12-25,0.000138688742467428
2015-12-26,0.000136855968810399
2015-12-27,0.000140613128160064
2015-12-28,0.00013266187641649
2015-12-29,0.000136295707326327
2015-12-30,0.000134652277394111
2015-12-31,0.000135994602054085
2016-01-01,0.000137061774734364
2016-01-02,0.000136799518636883
2016-01-03,0.000135978993324179
2016-01-04,0.000135075973918343
2016-01-05,0.000137504289787504
2016-01-06,0.000135891352755602
2016-01-07,0.000140259439414581
2016-01-08,0.000154765720392955
2016-01-09,0.000180608936910449
2016-01-10,0.000168505527119524
2016-01-11,0.000173409074765029
2016-01-12,0.000178696846210339
2016-01-13,0.000179802393733388
2016-01-14,0.000172347456890633
2016-01-15,0.00014679510043003
2016-01-16,0.00015728076837782
2016-01-17,0.000150772516028087
2016-01-18,0.000148437928548871
2016-01-19,0.000145535241497631
2016-01-20,0.000166591753095299
2016-01-21,0.000164549678447503
2016-01-22,0.000165567548346583
2016-01-23,0.000171526462769765
2016-01-24,0.000188995467336844
2016-01-25,0.000209446258940962
2016-01-26,0.000334469318549766
2016-01-27,0.000447887670434559
2016-01-28,0.000339770997355665
2016-01-29,0.000315110873661729
2016-01-30,0.000252180654220661
2016-01-31,0.000263807787880335
2016-02-01,0.000259633627109789
2016-02-02,0.00025824830878188
2016-02-03,0.000263093998012622
2016-02-04,0.000284683577066302
2016-02-05,0.000296072229343664
2016-02-06,0.000301642468352218
2016-02-07,0.000276406697124794
2016-02-08,0.000280341001924262
2016-02-09,0.000284906068178099
2016-02-10,0.000290200833173055
2016-02-11,0.000280750529162919
2016-02-12,0.000292331700549724
2016-02-13,0.000284317801381566
2016-02-14,0.000292799572239402
2016-02-15,0.000287566691831544
2016-02-16,0.000285370052746537
2016-02-17,0.000272222017615596
2016-02-18,0.0002706443340526
2016-02-19,0.000289351277748322
2016-02-20,0.000288819706179294
2016-02-21,0.000283644813887827
2016-02-22,0.000280900625791394
2016-02-23,0.000276381053153853
2016-02-24,0.000274245292245111
2016-02-25,0.000266858275411498
2016-02-26,0.00026218897147808
2016-02-27,0.00025002477477261
2016-02-28,0.000250309921309021
2016-02-29,0.000247487519343435
2016-03-01,0.000245569922336378
2016-03-02,0.000238153566885635
2016-03-03,0.000243460926054992
2016-03-04,0.000233068178939486
2016-03-05,0.000217442700201781
2016-03-06,0.00021666376079439
2016-03-07,0.000229814263635213
2016-03-08,0.000217955856380903
2016-03-09,0.000223543245353815
2016-03-10,0.000241177929375659
2016-03-11,0.000241791170935102
2016-03-12,0.000236944722576033
2016-03-13,0.000239780918724567
2016-03-14,0.000234404363214859
2016-03-15,0.000231574084775491
2016-03-16,0.000229576140005886
2016-03-17,0.000221158853129506
2016-03-18,0.000211456585137124
2016-03-19,0.000217884176744971
2016-03-20,0.000211368046267208
2016-03-21,0.000211058107369911
2016-03-22,0.000215354430235358
2016-03-23,0.00021308351389968
2016-03-24,0.000210138465979833
2016-03-25,0.000216467436442523
2016-03-26,0.00021128136682839
2016-03-27,0.000215804307531661
2016-03-28,0.000214008339692515
2016-03-29,0.000257261555356884
2016-03-30,0.000230443993945026
2016-03-31,0.000230956360663934
2016-04-01,0.000223190624802888
2016-04-02,0.000225543768733065
2016-04-03,0.000219595697543362
2016-04-04,0.000219006806847595
2016-04-05,0.000215341241146745
2016-04-06,0.000215772362613138
2016-04-07,0.000211088100658311
2016-04-08,0.000210337081356175
2016-04-09,0.000206218632250872
2016-04-10,0.000205542909430671
2016-04-11,0.000213008733137239
2016-04-12,0.000232877380511644
2016-04-13,0.000230503447631641
2016-04-14,0.000233466880698183
2016-04-15,0.000235736582036875
2016-04-16,0.000232388817948628
2016-04-17,0.000227121483328709
2016-04-18,0.000223136615643474
2016-04-19,0.000224200267065313
2016-04-20,0.000227710716834755
2016-04-21,0.000229831010847045
2016-04-22,0.00022734634458892
2016-04-23,0.000230218384604138
2016-04-24,0.0002283538332374
2016-04-25,0.00022657193648071
2016-04-26,0.000235456482474361
2016-04-27,0.000224140723331964
2016-04-28,0.000228667864083758
2016-04-29,0.000230961404498064
2016-04-30,0.000226196211540538
2016-05-01,0.000229726754026566
2016-05-02,0.00022754043176702
2016-05-03,0.000228602593247553
2016-05-04,0.000226954667216738
2016-05-05,0.000222041035300903
2016-05-06,0.000224939921144616
2016-05-07,0.000223552840331735
2016-05-08,0.000224363880574903
2016-05-09,0.000222290517489328
2016-05-10,0.000220587448673618
2016-05-11,0.000223395478924796
2016-05-12,0.000233995945683958
2016-05-13,0.000236036501056518
2016-05-14,0.000233221581506864
2016-05-15,0.00023315411591559
2016-05-16,0.000228043251065647
2016-05-17,0.000226825386903063
2016-05-18,0.000227334653353396
2016-05-19,0.000221866273207008
2016-05-20,0.00022450537387051
2016-05-21,0.000228260961110521
2016-05-22,0.000222858829891599
2016-05-23,0.000224239334099602
2016-05-24,0.000222751218290461
2016-05-25,0.000222075229964953
2016-05-26,0.00022505236495386
2016-05-27,0.000223888021394587
2016-05-28,0.000218229187743741
2016-05-29,0.00022257496573704
2016-05-30,0.000231737856088469
2016-05-31,0.000226713049923967
2016-06-01,0.000231923273266534
2016-06-02,0.000229798640901702
2016-06-03,0.000236962108221243
2016-06-04,0.000240258412339713
2016-06-05,0.000239075842008151
2016-06-06,0.000236551962225852
2016-06-07,0.000239796968873982
2016-06-08,0.000242248556372657
2016-06-09,0.000262790274575818
2016-06-10,0.000258959879975526
2016-06-11,0.000259900227292357
2016-06-12,0.000263795559534472
2016-06-13,0.000287073900204072
2016-06-14,0.000311099723628794
2016-06-15,0.000314418664322034
2016-06-16,0.000330958432816172
2016-06-17,0.000314489771475297
2016-06-18,0.000321509922292018
2016-06-19,0.000334080058785936
2016-06-20,0.000314031174093974
2016-06-21,0.000305359045824087
2016-06-22,0.000266271679398642
2016-06-23,0.000286991722561923
2016-06-24,0.00028460121725696
2016-06-25,0.000291101972925433
2016-06-26,0.000280936310369967
2016-06-27,0.000289113553147108
2016-06-28,0.000297472450969062
2016-06-29,0.00029706977083596
2016-06-30,0.00030952185307945
2016-07-01,0.000302080875410794
2016-07-02,0.000309359277738082
2016-07-03,0.000282246104261805
2016-07-04,0.000288692376065751
2016-07-05,0.000286922304881843
2016-07-06,0.000285022051785505
2016-07-07,0.000276411684739371
2016-07-08,0.000276178016918746
2016-07-09,0.000271849947581483
2016-07-10,0.000269696146057368
2016-07-11,0.000271040838491466
2016-07-12,0.000268915720827986
2016-07-13,0.000263243063959215
2016-07-14,0.000260014735315595
2016-07-15,0.000264509867495239
2016-07-16,0.000264318553905978
2016-07-17,0.000265187869156644
2016-07-18,0.000250540687238363
2016-07-19,0.000249182905921465
2016-07-20,0.000246348041225786
2016-07-21,0.000240033614855452
2016-07-22,0.000238278647259311
2016-07-23,0.000252207254880734
2016-07-24,0.000246836736629611
2016-07-25,0.000238672927212113
2016-07-26,0.000237118132760091
2016-07-27,0.000235101193268342
2016-07-28,0.000240743885941367
2016-07-29,0.000235432338055418
2016-07-30,0.000231642602045946
2016-07-31,0.000227440518733833
2016-08-01,0.000220739590220908
2016-08-02,0.000204143564980841
2016-08-03,0.000218138342682477
2016-08-04,0.000219014080983917
2016-08-05,0.000224262233476876
2016-08-06,0.000234686343544742
2016-08-07,0.000269606344289854
2016-08-08,0.00023737392658314
2016-08-09,0.000238541008894719
2016-08-10,0.000239918467581793
2016-08-11,0.000239217115810279
2016-08-12,0.000239749355275942
2016-08-13,0.000239664374617226
2016-08-14,0.00024729478449954
2016-08-15,0.000240073072614349
2016-08-16,0.000257464568258947
2016-08-17,0.000247918661140665
2016-08-18,0.00024444723163061
2016-08-19,0.000232865630525678
2016-08-20,0.000236596432419044
2016-08-21,0.000233531431972327
2016-08-22,0.000229751046246495
2016-08-23,0.000225527181799374
2016-08-24,0.000229879815441333
2016-08-25,0.000229659514861949
2016-08-26,0.00023020095824478
2016-08-27,0.000224872608670132
2016-08-28,0.000225776667591096
2016-08-29,0.000221966493075811
2016-08-30,0.000224417757722984
2016-08-31,0.000223675249200591
2016-09-01,0.000221369366593839
2016-09-02,0.000227026136668537
2016-09-03,0.00022710370755746
2016-09-04,0.000226095298493522
2016-09-05,0.00022766460484421
2016-09-06,0.000222621428020998
2016-09-07,0.000230744046764489
2016-09-08,0.000231639699836012
2016-09-09,0.00023390460167324
2016-09-10,0.000232737337523834
2016-09-11,0.000227200965282852
2016-09-12,0.000229132317764379
2016-09-13,0.000229081511425927
2016-09-14,0.000226874056651333
2016-09-15,0.000233613339042689
2016-09-16,0.000251439434757165
2016-09-17,0.000239017930181669
2016-09-18,0.000239684374398293
2016-09-19,0.000233324858019313
2016-09-20,0.000230352086852252
2016-09-21,0.000230730385326377
2016-09-22,0.000227421207917489
2016-09-23,0.000226332650452559
2016-09-24,0.000227583200860686
2016-09-25,0.000226367314520749
2016-09-26,0.000228381596839487
2016-09-27,0.00022886225696684
2016-09-28,0.000228980921707744
2016-09-29,0.000227267533667707
2016-09-30,0.000233041461138687
2016-10-01,0.000231051534588791
2016-10-02,0.000228042779650471
2016-10-03,0.000235916741684042
2016-10-04,0.000228709459914363
2016-10-05,0.000233232347363603
2016-10-06,0.000222137627451627
2016-10-07,0.000225267618593971
2016-10-08,0.000229681476408426
2016-10-09,0.000231054026944118
2016-10-10,0.000230433830679205
2016-10-11,0.000229939501323146
2016-10-12,0.000226763922338626
2016-10-13,0.000227357700627763
2016-10-14,0.000229302266909891
2016-10-15,0.00022263029517286
2016-10-16,0.000222644506587178
2016-10-17,0.000219500412419006
2016-10-18,0.000220592967458216
2016-10-19,0.000218081376766767
2016-10-20,0.000219226309884829
2016-10-21,0.000217036896261162
2016-10-22,0.00022205507820116
2016-10-23,0.000217945814290108
2016-10-24,0.000216840173052653
2016-10-25,0.000222445162676969
2016-10-26,0.000215373424246739
2016-10-27,0.000217351118645935
2016-10-28,0.000216450584114194
2016-10-29,0.000219951604254099
2016-10-30,0.000221402581763711
2016-10-31,0.000221810981470367
2016-11-01,0.000222018829076216
2016-11-02,0.000223114869610125
2016-11-03,0.000216601192099074
2016-11-04,0.000222104012953112
2016-11-05,0.000225888467910883
2016-11-06,0.000226037891697432
2016-11-07,0.000241178839288007
2016-11-08,0.000232673801717179
2016-11-09,0.000229565461286537
2016-11-10,0.00022812157078415
2016-11-11,0.000224120421164107
2016-11-12,0.000219625529293173
2016-11-13,0.000221677693498209
2016-11-14,0.000222696578586543
2016-11-15,0.000217919942033666
2016-11-16,0.000219260543726161
2016-11-17,0.000215431436986709
2016-11-18,0.000213927403062439
2016-11-19,0.000212955726789017
2016-11-20,0.000217411393647809
2016-11-21,0.000219137472827911
2016-11-22,0.000222845164438826
2016-11-23,0.000212313018051194
2016-11-24,0.00021989942228396
2016-11-25,0.000220695952109824
2016-11-26,0.000219418201138367
2016-11-27,0.000215014536588032
2016-11-28,0.00021458536572124
2016-11-29,0.000210791999113559
2016-11-30,0.000211419128566364
2016-12-01,0.000214708723202855
2016-12-02,0.000215084046990817
2016-12-03,0.000213606150588553
2016-12-04,0.000212130618359639
2016-12-05,0.000215483338337811
2016-12-06,0.00021239113393732
2016-12-07,0.000210948407144873
2016-12-08,0.000214278321092588
2016-12-09,0.000213691164822138
2016-12-10,0.00021605192636077
2016-12-11,0.000226601296711986
2016-12-12,0.000223039183126012
2016-12-13,0.000214078698966025
2016-12-14,0.000215910610617791
2016-12-15,0.000212384830973824
2016-12-16,0.000218028728475614
2016-12-17,0.000215389973764181
2016-12-18,0.000218694808435182
2016-12-19,0.000214437319303088
2016-12-20,0.000222616740716754
2016-12-21,0.000220685778482779
2016-12-22,0.000222564615175042
2016-12-23,0.000231407469858991
2016-12-24,0.000231358179612072
2016-12-25,0.000229460417600104
2016-12-26,0.0002334255261588
2016-12-27,0.000224142818340346
2016-12-28,0.000222168779459569
2016-12-29,0.000227371667076459
2016-12-30,0.000229820290334241
2016-12-31,0.000230273625424382
2017-01-01,0.000227751956805271
2017-01-02,0.000221076828576049
2017-01-03,0.000226555874697678
2017-01-04,0.000219461872514178
2017-01-05,0.0002274073772592
2017-01-06,0.000220379134219613
2017-01-07,0.000224590671520036
2017-01-08,0.000224758014093763
2017-01-09,0.000233339641352071
2017-01-10,0.000223400387379324
2017-01-11,0.000209137436347892
2017-01-12,0.000214783059256453
2017-01-13,0.000214393211540196
2017-01-14,0.000211482888237681
2017-01-15,0.000211949076141423
2017-01-16,0.000206551385614474
2017-01-17,0.000216488517921651
2017-01-18,0.000210254891473507
2017-01-19,0.000214735109731099
2017-01-20,0.000212395247937167
2017-01-21,0.000208120606241818
2017-01-22,0.000209937332637708
2017-01-23,0.000209660991126083
2017-01-24,0.000202175807546009
2017-01-25,0.000203832039525847
2017-01-26,0.000208905783761333
2017-01-27,0.000207095260763866
2017-01-28,0.000209908110078733
2017-01-29,0.000206245711854987
2017-01-30,0.000209619014512517
2017-01-31,0.00020824284559173
2017-02-01,0.000213569073308737
2017-02-02,0.000211801847934247
2017-02-03,0.000209325195313559
2017-02-04,0.000214598500477832
2017-02-05,0.000209723810130294
2017-02-06,0.000211628275155958
2017-02-07,0.000207942732071364
2017-02-08,0.000208544393407568
2017-02-09,0.00020780924441678
2017-02-10,0.000206757083876346
2017-02-11,0.000207983926430097
2017-02-12,0.000207485744999609
2017-02-13,0.000207620086936665
2017-02-14,0.000206941747872675
2017-02-15,0.000208317714158322
2017-02-16,0.000213534948835856
2017-02-17,0.000209604516856903
2017-02-18,0.000204025936721784
2017-02-19,0.000208082653885119
2017-02-20,0.000210452826799433
2017-02-21,0.000212359650767225
2017-02-22,0.000201719446096927
2017-02-23,0.000210067916942328
2017-02-24,0.000206429991341413
2017-02-25,0.00020409471435663
2017-02-26,0.000206765214099731
2017-02-27,0.000208909468441877
2017-02-28,0.000209392457822109
2017-03-01,0.0001994548915255
2017-03-02,0.00020888753608132
2017-03-03,0.000216015658888604
2017-03-04,0.000210687091065616
2017-03-05,0.000211958998051857
2017-03-06,0.00021582024568063
2017-03-07,0.00020597171227678
2017-03-08,0.000204536726758322
2017-03-09,0.00021162352002502
2017-03-10,0.000195504980457189
2017-03-11,0.000208601801502244
2017-03-12,0.000219589560331512
2017-03-13,0.000247427469976614
2017-03-14,0.000243255891575009
2017-03-15,0.000234124972853829
2017-03-16,0.000229781863415788
2017-03-17,0.000210101861018233
2017-03-18,0.000217782289724798
2017-03-19,0.000229923896189462
2017-03-20,0.000228267578790102
2017-03-21,0.000241119656434962
2017-03-22,0.000235232092667297
2017-03-23,0.000234511145444662
2017-03-24,0.000259599530700713
2017-03-25,0.0002919999638582
2017-03-26,0.000274777294995687
2017-03-27,0.000245467582148924
2017-03-28,0.000282677784080562
2017-03-29,0.000271281557208297
2017-03-30,0.000307157232043845
2017-03-31,0.000334770919684301
2017-04-01,0.000334780524461418
2017-04-02,0.000524853897929722
2017-04-03,0.000420786730963819
2017-04-04,0.000428695241128987
2017-04-05,0.000438622775151347
2017-04-06,0.000448207145707783
2017-04-07,0.000392481186377994
2017-04-08,0.000434533510738286
2017-04-09,0.000384966735220708
2017-04-10,0.000396600410007639
2017-04-11,0.000398130832929354
2017-04-12,0.00041049155094559
2017-04-13,0.000430375374402005
2017-04-14,0.000418028313982421
2017-04-15,0.00042093920753559
2017-04-16,0.000449907597638838
2017-04-17,0.00046209668241321
2017-04-18,0.000450398047625257
2017-04-19,0.00044595075638277
2017-04-20,0.000438863212582874
2017-04-21,0.00045395655376183
2017-04-22,0.000465005646035301
2017-04-23,0.000528492663919154
2017-04-24,0.00050762420227406
2017-04-25,0.000533354036734688
2017-04-26,0.000549794397242462
2017-04-27,0.000640587297612258
2017-04-28,0.000698221645834575
2017-04-29,0.000750331495135679
2017-04-30,0.00075548530077087
2017-05-01,0.000677593075986077
2017-05-02,0.000614863297279044
2017-05-03,0.000684548875772912
2017-05-04,0.000741199670200591
2017-05-05,0.000814160297279172
2017-05-06,0.00117057407281608
2017-05-07,0.00120852442297742
2017-05-08,0.00145285646332892
2017-05-09,0.00120410349102928
2017-05-10,0.00127093637202981
2017-05-11,0.00120362031608926
2017-05-12,0.00117019811035039
2017-05-13,0.0011521440661808
2017-05-14,0.00119124543014756
2017-05-15,0.00111830922687819
2017-05-16,0.00104771937972366
2017-05-17,0.00129005287542666
2017-05-18,0.00145998637398122
2017-05-19,0.00146731232888199
2017-05-20,0.0017890638297464
2017-05-21,0.00285487216848263
2017-05-22,0.0031984612575473
2017-05-23,0.0034756030951123
2017-05-24,0.00332918555837466
2017-05-25,0.00292369329484887
2017-05-26,0.00254838877751144
2017-05-27,0.00224086351753884
2017-05-28,0.00246012284292573
2017-05-29,0.00269970731530274
2017-05-30,0.00240118730166483
2017-05-31,0.00251277305397699
2017-06-01,0.00267230980347365
2017-06-02,0.00292462394506133
2017-06-03,0.00327693957031651
2017-06-04,0.00316469880766457
2017-06-05,0.00378406839384051
2017-06-06,0.00367926925964465
2017-06-07,0.00329191263972715
2017-06-08,0.00341218499900574
2017-06-09,0.00332975796488597
2017-06-10,0.00319803575652556
2017-06-11,0.00351122698917337
2017-06-12,0.0031460110443149
2017-06-13,0.00321073238619133
2017-06-14,0.00285561029973174
2017-06-15,0.00279397355888944
2017-06-16,0.00301042609734414
2017-06-17,0.00326077433461449
2017-06-18,0.0030008702830525
2017-06-19,0.0030523204653828
2017-06-20,0.00314923450076782
2017-06-21,0.00292209665003289
2017-06-22,0.00300002296377548
2017-06-23,0.00300020396722987
2017-06-24,0.00284297198512648
2017-06-25,0.00262166870392549
2017-06-26,0.00254448506816483
2017-06-27,0.00258249431595432
2017-06-28,0.00272331622515392
2017-06-29,0.0025845831179355
2017-06-30,0.00246570785449003
2017-07-01,0.00228552636632158
2017-07-02,0.00244450362697045
2017-07-03,0.00250858180332329
2017-07-04,0.00248374690453386
2017-07-05,0.00269915457984056
2017-07-06,0.00264114309547979
2017-07-07,0.00239408667457052
2017-07-08,0.00238377156485424
2017-07-09,0.00228286995779923
2017-07-10,0.00182837658084841
2017-07-11,0.00175037495382657
2017-07-12,0.0018812395755658
2017-07-13,0.00178410499841653
2017-07-14,0.0016463585610852
2017-07-15,0.00148183240244916
2017-07-16,0.0012888508193127
2017-07-17,0.00152454028930861
2017-07-18,0.00179700411266857
2017-07-19,0.00165247561881489
2017-07-20,0.00189188980840037
2017-07-21,0.0019051493486284
2017-07-22,0.00209693094387727
2017-07-23,0.00200970437154643
2017-07-24,0.00199830263004316
2017-07-25,0.00174821173807207
2017-07-26,0.00176926155219784
2017-07-27,0.00182532030168958
2017-07-28,0.00175478460486655
2017-07-29,0.00174241853908389
2017-07-30,0.00169209416524292
2017-07-31,0.00167471795058399
2017-08-01,0.00179315852104369
2017-08-02,0.0017437205862052
2017-08-03,0.00175190084570844
2017-08-04,0.00178777818429054
2017-08-05,0.00202657442438931
2017-08-06,0.00193848035024354
2017-08-07,0.00194723109370809
2017-08-08,0.00196773848059146
2017-08-09,0.00192805321233583
2017-08-10,0.00192008786928306
2017-08-11,0.00187800342607374
2017-08-12,0.00184018633020195
2017-08-13,0.00179031087891884
2017-08-14,0.00174233989010539
2017-08-15,0.00170164542045577
2017-08-16,0.00173222919458253
2017-08-17,0.00167761786201455
2017-08-18,0.0016426680880236
2017-08-19,0.00164591262317224
2017-08-20,0.00168928988917278
2017-08-21,0.00169176572440226
2017-08-22,0.00169110681747797
2017-08-23,0.00171948197152838
2017-08-24,0.00179650296653485
2017-08-25,0.00171964148329886
2017-08-26,0.00175388774241728
2017-08-27,0.00175913573538205
2017-08-28,0.00180131294017253
2017-08-29,0.00187682963272306
2017-08-30,0.00211023948850587
2017-08-31,0.00207808683389065
2017-09-01,0.00250876436250343
2017-09-02,0.00222382452572233
2017-09-03,0.00218916707295772
2017-09-04,0.00194820225010376
2017-09-05,0.00201489062779874
2017-09-06,0.00204733125450847
2017-09-07,0.00201186462077676
2017-09-08,0.00179342294693658
2017-09-09,0.00171430758676708
2017-09-10,0.00155993261908672
2017-09-11,0.00153686193389691
2017-09-12,0.0014933217851151
2017-09-13,0.00137434280150072
2017-09-14,0.000951642718555946
2017-09-15,0.000976881973965487
2017-09-16,0.000911378295977261
2017-09-17,0.00087718104203859
2017-09-18,0.000962636267459462
2017-09-19,0.000856763816992429
2017-09-20,0.000837515340347721
2017-09-21,0.000745225090777072
2017-09-22,0.000776104316666571
2017-09-23,0.000940505969650023
2017-09-24,0.000877289452040164
2017-09-25,0.00113730184304805
2017-09-26,0.00114987268484106
2017-09-27,0.00115156175192104
2017-09-28,0.00107680802745975
2017-09-29,0.00109559530252981
2017-09-30,0.00115358850848731
2017-10-01,0.00107253958676214
2017-10-02,0.00106558903309782
2017-10-03,0.001014635187416
2017-10-04,0.00100220074977222
2017-10-05,0.000995925169548711
2017-10-06,0.00102311088201629
2017-10-07,0.00104135793677513
2017-10-08,0.00103487497545649
2017-10-09,0.00096121777460963
2017-10-10,0.000975524579714149
2017-10-11,0.00102916305998468
2017-10-12,0.00104895008882759
2017-10-13,0.00103467087665867
2017-10-14,0.00106441489079147
2017-10-15,0.0010605383048164
2017-10-16,0.00116024043972971
2017-10-17,0.00106420223768442
2017-10-18,0.00102893467964233
2017-10-19,0.00104510670080227
2017-10-20,0.00104529176320268
2017-10-21,0.000998668685314778
2017-10-22,0.00104394465077268
2017-10-23,0.00101248269758946
2017-10-24,0.00107202167786622
2017-10-25,0.0010558302382839
2017-10-26,0.00103482262122304
2017-10-27,0.00100280815177021
2017-10-28,0.000999095796636039
2017-10-29,0.00115982158547976
2017-10-30,0.00113574292592037
2017-10-31,0.00112764450075458
2017-11-01,0.00110314765910258
2017-11-02,0.00115335544521874
2017-11-03,0.00112054765718258
2017-11-04,0.00115717745113161
2017-11-05,0.00117091986698057
2017-11-06,0.00114663983749317
2017-11-07,0.00118190410383853
2017-11-08,0.00124374241561343
2017-11-09,0.00139773197754828
2017-11-10,0.00116672582712292
2017-11-11,0.00117721333756798
2017-11-12,0.00102477720184541
2017-11-13,0.00120211958081243
2017-11-14,0.00117478539106978
2017-11-15,0.00127856295385458
2017-11-16,0.00136686833624795
2017-11-17,0.00128605196001412
2017-11-18,0.00134526377751686
2017-11-19,0.00134903207772712
2017-11-20,0.00136340888026863
2017-11-21,0.00135062021876579
2017-11-22,0.00188722918608762
2017-11-23,0.00193760363301154
2017-11-24,0.0019206688769768
2017-11-25,0.00205213249769645
2017-11-26,0.00199266777445984
2017-11-27,0.0020056481827795
2017-11-28,0.00235597683052126
2017-11-29,0.00207983676482957
2017-11-30,0.00206461669378526
2017-12-01,0.00211454116747613
2017-12-02,0.00211192809251719
2017-12-03,0.00220259290954242
2017-12-04,0.00245641196071387
2017-12-05,0.00246912866043779
2017-12-06,0.00262807246068395
2017-12-07,0.0026857462895002
2017-12-08,0.00277445501620157
2017-12-09,0.0026217783793305
2017-12-10,0.00258663939034051
2017-12-11,0.00268712966977607
2017-12-12,0.00327784237276071
2017-12-13,0.0034909869218284
2017-12-14,0.00370757345799887
2017-12-15,0.00370198186634417
2017-12-16,0.00580812754687189
2017-12-17,0.00602044992639097
2017-12-18,0.00630626914928975
2017-12-19,0.0055820343289742
2017-12-20,0.00662160196762844
2017-12-21,0.00736818468185703
2017-12-22,0.00627755070996428
2017-12-23,0.00746904011249629
2017-12-24,0.00873973311527456
2017-12-25,0.00904498172957087
2017-12-26,0.00932705486281018
2017-12-27,0.0086878958009295
2017-12-28,0.00819389556778922
2017-12-29,0.00944054496456765
2017-12-30,0.00793850428576114
2017-12-31,0.00903469055713837
2018-01-01,0.00880373030629959
2018-01-02,0.00901145237803991
2018-01-03,0.00920949731008205
2018-01-04,0.00952449809146595
2018-01-05,0.0126493674326733
2018-01-06,0.0146194629167751
2018-01-07,0.0167628395087521
2018-01-08,0.0146720561455998
2018-01-09,0.0128841544557477
2018-01-10,0.0126491777134883
2018-01-11,0.0110876216151261
2018-01-12,0.0126084678015742
2018-01-13,0.0122354863116412
2018-01-14,0.0114212942634331
2018-01-15,0.00976390169950217
2018-01-16,0.00671753857181203
2018-01-17,0.00752754911464512
2018-01-18,0.00775773563872693
2018-01-19,0.00777253645966186
2018-01-20,0.00837610038887314
2018-01-21,0.00703367662580356
2018-01-22,0.00663648931321434
2018-01-23,0.00662605291583572
2018-01-24,0.00701218911118396
2018-01-25,0.00752032055810994
2018-01-26,0.00714269524521806
2018-01-27,0.00730035950291414
2018-01-28,0.00742274463050832
2018-01-29,0.00685855887933772
2018-01-30,0.00588416058801474
2018-01-31,0.0058350484259325
2018-02-01,0.00494533288413318
2018-02-02,0.00439757329371464
2018-02-03,0.00510034753498219
2018-02-04,0.00433340059211935
2018-02-05,0.00343885656920231
2018-02-06,0.00432660106787549
2018-02-07,0.00425933923404976
2018-02-08,0.00448270574792411
2018-02-09,0.00495711968781541
2018-02-10,0.00492916506895735
2018-02-11,0.00497306190635399
2018-02-12,0.00547252305295171
2018-02-13,0.00560583891323569
2018-02-14,0.00672748214076417
2018-02-15,0.00728700653411873
2018-02-16,0.00707351699909491
2018-02-17,0.00710246993959351
2018-02-18,0.00641728862034983
2018-02-19,0.00658354214029716
2018-02-20,0.00704841502844273
2018-02-21,0.00647185984444582
2018-02-22,0.00616045323320452
2018-02-23,0.00660946623828737
2018-02-24,0.00617371109319555
2018-02-25,0.00609138706429597
2018-02-26,0.00634046961844486
2018-02-27,0.00622827046241304
2018-02-28,0.00592298658606961
2018-03-01,0.00619730809354717
2018-03-02,0.00538848042380694
2018-03-03,0.00523428986454848
2018-03-04,0.00543424714633138
2018-03-05,0.00518623214418931
2018-03-06,0.00453688608565108
2018-03-07,0.00395478353389956
2018-03-08,0.00397020336517755
2018-03-09,0.00411617088490726
2018-03-10,0.00393251791508811
2018-03-11,0.00416353271943997
2018-03-12,0.00399016746820205
2018-03-13,0.00390302289814537
2018-03-14,0.00350358344973817
2018-03-15,0.00353878532264494
2018-03-16,0.00349273913996662
2018-03-17,0.00322699129809743
2018-03-18,0.00314195433701075
2018-03-19,0.00344664471969385
2018-03-20,0.0036414531630481
2018-03-21,0.00359582018959911
2018-03-22,0.00352793776281272
2018-03-23,0.00349360340241107
2018-03-24,0.0034738565544438
2018-03-25,0.00342579857561142
2018-03-26,0.003235211182198
2018-03-27,0.0031045218912661
2018-03-28,0.00314169319040154
2018-03-29,0.00275930043154412
2018-03-30,0.00272021465506797
2018-03-31,0.00275246804477945
2018-04-01,0.00268911721226017
2018-04-02,0.00276740850060169
2018-04-03,0.00299994828701602
2018-04-04,0.00269036641638091
2018-04-05,0.00274792652754188
2018-04-06,0.0026746977113861
2018-04-07,0.00278781882450396
2018-04-08,0.0028241164340565
2018-04-09,0.00273977948694028
2018-04-10,0.00304082123369056
2018-04-11,0.00338543678182414
2018-04-12,0.00380313884485787
2018-04-13,0.00401569383575334
2018-04-14,0.00413692657043338
2018-04-15,0.00460938441087965
2018-04-16,0.00460620159559856
2018-04-17,0.00474204605558134
2018-04-18,0.00546915883699925
2018-04-19,0.00579751538508444
2018-04-20,0.00578931539826155
2018-04-21,0.00549611734595714
2018-04-22,0.00557348568314976
2018-04-23,0.00562721189701947
2018-04-24,0.00581809801201533
2018-04-25,0.00512087235172877
2018-04-26,0.0055910519299339
2018-04-27,0.00544242792677033
2018-04-28,0.00554763194226975
2018-04-29,0.00549136042621512
2018-04-30,0.00528122368200905
2018-05-01,0.00511197515297193
2018-05-02,0.00532747219113302
2018-05-03,0.00555944975510658
2018-05-04,0.00527118863369164
2018-05-05,0.00517194774226066
2018-05-06,0.00496428227086952
2018-05-07,0.00492136705544759
2018-05-08,0.00528286351855944
2018-05-09,0.00499806902131849
2018-05-10,0.00475734397290744
2018-05-11,0.00427156049317802
2018-05-12,0.00432515608166763
2018-05-13,0.00449142996219737
2018-05-14,0.00445600669145876
2018-05-15,0.00451971000683112
2018-05-16,0.00437623315754617
2018-05-17,0.00414399918748897
2018-05-18,0.00422936009018046
2018-05-19,0.00425157081299661
2018-05-20,0.00436924897805458
2018-05-21,0.00423415292515219
2018-05-22,0.00381084201501415
2018-05-23,0.00344105858457184
2018-05-24,0.00353784894139768
2018-05-25,0.00345111608635785
2018-05-26,0.00341209500563049
2018-05-27,0.00336101386565872
2018-05-28,0.00316633204921003
2018-05-29,0.00342442836631248
2018-05-30,0.00334122554171055
2018-05-31,0.00340190537260365
2018-06-01,0.00341789823384634
2018-06-02,0.00359511890396011
2018-06-03,0.00365404574180157
2018-06-04,0.0035175255981563
2018-06-05,0.00361883743650929
2018-06-06,0.00375978021585472
2018-06-07,0.00372326356558054
2018-06-08,0.00364401074589231
2018-06-09,0.00358153448540092
2018-06-10,0.0030830737849407
2018-06-11,0.00317970171950164
2018-06-12,0.00304073584247478
2018-06-13,0.00270648588579734
2018-06-14,0.00292530274777155
2018-06-15,0.00279588555949744
2018-06-16,0.00288893381752066
2018-06-17,0.00286580845297004
2018-06-18,0.00299223656882166
2018-06-19,0.00299664350557014
2018-06-20,0.00299766631662494
2018-06-21,0.00292248214909303
2018-06-22,0.00257116206544028
2018-06-23,0.00261212061497487
2018-06-24,0.00247874199434965
2018-06-25,0.00251457386394574
2018-06-26,0.00241651431775263
2018-06-27,0.00242808379795925
2018-06-28,0.00225629989850759
2018-06-29,0.00239096741960276
2018-06-30,0.00250967128998787
2018-07-01,0.00250667739081159
2018-07-02,0.00273203725254508
2018-07-03,0.00262374155139346
2018-07-04,0.00265728147311118
2018-07-05,0.00257969782994353
2018-07-06,0.00259264722518357
2018-07-07,0.00260629043755406
2018-07-08,0.00264448274771834
2018-07-09,0.00261267927996515
2018-07-10,0.00237817401191924
2018-07-11,0.00239209951809753
2018-07-12,0.00224241630427654
2018-07-13,0.00230748511671404
2018-07-14,0.00234303068258038
2018-07-15,0.00238926527089039
2018-07-16,0.00284277425694718
2018-07-17,0.00324476658901483
2018-07-18,0.00367731786785336
2018-07-19,0.00381185161942528
2018-07-20,0.00341641887399383
2018-07-21,0.00353436458397234
2018-07-22,0.0034988162658537
2018-07-23,0.00344193619085439
2018-07-24,0.00364003645260248
2018-07-25,0.00359300207310098
2018-07-26,0.00337548666560993
2018-07-27,0.00346367497022686
2018-07-28,0.00342286803336964
2018-07-29,0.00328932893854062
2018-07-30,0.00328788589990446
2018-07-31,0.00298487279673965
2018-08-01,0.0030626667227728
2018-08-02,0.00299686788189988
2018-08-03,0.00293050426045414
2018-08-04,0.00284371209577777
2018-08-05,0.00291537724140964
2018-08-06,0.0027642507450156
2018-08-07,0.0026490443990479
2018-08-08,0.00240760728571375
2018-08-09,0.00259813586004989
2018-08-10,0.00242348789481837
2018-08-11,0.00238801930032349
2018-08-12,0.00242651505620987
2018-08-13,0.00233417630412684
2018-08-14,0.00224813333493674
2018-08-15,0.00228500400624198
2018-08-16,0.00225706957085308
2018-08-17,0.002525430751962
2018-08-18,0.00241418231312478
2018-08-19,0.00246932661737272
2018-08-20,0.00237028279040859
2018-08-21,0.00242214017565241
2018-08-22,0.00232830468403534
2018-08-23,0.00237850559188638
2018-08-24,0.00244400789385271
2018-08-25,0.0024095094546598
2018-08-26,0.0024370088386788
2018-08-27,0.00248018468977001
2018-08-28,0.00266823709966354
2018-08-29,0.00258811239374304
2018-08-30,0.00317348399683186
2018-08-31,0.00479914414568294
2018-09-01,0.00618950676546258
2018-09-02,0.00500713234825886
2018-09-03,0.00527066542264924
2018-09-04,0.00535682122585253
2018-09-05,0.00491444436151551
2018-09-06,0.00498529790820217
2018-09-07,0.00526255849117681
2018-09-08,0.00565886247435301
2018-09-09,0.00581712958450437
2018-09-10,0.00685078324756267
2018-09-11,0.00626267922408914
2018-09-12,0.0064168565934526
2018-09-13,0.00652070759540786
2018-09-14,0.00616037052365094
2018-09-15,0.00623584446378392
2018-09-16,0.00653139071175948
2018-09-17,0.00622610413508982
2018-09-18,0.00593297951825237
2018-09-19,0.00560115531477509
2018-09-20,0.00570471367682595
2018-09-21,0.00570627921849796
2018-09-22,0.00579641394283302
2018-09-23,0.00599028382054547
2018-09-24,0.00565329350815046
2018-09-25,0.00571399668677232
2018-09-26,0.00571682317557312
2018-09-27,0.00590570207903873
2018-09-28,0.0058616118480066
2018-09-29,0.00588319006430122
2018-09-30,0.00588496554464235
2018-10-01,0.00592244963771821
2018-10-02,0.00579968766005434
2018-10-03,0.00566351890142675
2018-10-04,0.00561791126367119
2018-10-05,0.00564552317247956
2018-10-06,0.00554976201156905
2018-10-07,0.00561000005722834
2018-10-08,0.005561317934698
2018-10-09,0.0055854464194424
2018-10-10,0.00551334461282045
2018-10-11,0.00493522330112552
2018-10-12,0.00517480472648421
2018-10-13,0.00513251683962717
2018-10-14,0.00511593370082485
2018-10-15,0.00512587484071487
2018-10-16,0.00495037080619757
2018-10-17,0.00451964360815396
2018-10-18,0.00432302379282738
2018-10-19,0.00449901187562655
2018-10-20,0.00453187963802214
2018-10-21,0.00448019111213737
2018-10-22,0.00432756970157623
2018-10-23,0.00413173999832406
2018-10-24,0.00387284100200151
2018-10-25,0.00369485918559618
2018-10-26,0.00398332101123705
2018-10-27,0.00418945813421611
2018-10-28,0.00400564690489255
2018-10-29,0.00380332049340496
2018-10-30,0.00385914346551029
2018-10-31,0.00376341607420632
2018-11-01,0.00377027846731256
2018-11-02,0.00377645626131509
2018-11-03,0.00375545823755922
2018-11-04,0.00371259884082595
2018-11-05,0.00361142495905419
2018-11-06,0.00369403903946031
2018-11-07,0.00361746599488457
2018-11-08,0.00335558009938716
2018-11-09,0.00311985388472488
2018-11-10,0.00328391320425498
2018-11-11,0.00313033041041841
2018-11-12,0.00304394406763541
2018-11-13,0.00288175134703249
2018-11-14,0.00262970931689621
2018-11-15,0.00277073696801492
2018-11-16,0.00271962100051045
2018-11-17,0.00256146484916829
2018-11-18,0.00258760403573629
2018-11-19,0.00237108002233697
2018-11-20,0.00221552736318053
2018-11-21,0.0024252952139188
2018-11-22,0.00234181163276584
2018-11-23,0.00233118827340712
2018-11-24,0.00217449991765558
2018-11-25,0.00217821164287643
2018-11-26,0.00204678953805847
2018-11-27,0.00202831055523489
2018-11-28,0.00223343022131024
2018-11-29,0.00221378122736889
2018-11-30,0.00216175029125436
2018-12-01,0.0022165366840767
2018-12-02,0.002185454403128
2018-12-03,0.00212643664864855
2018-12-04,0.00216719639028073
2018-12-05,0.00214354543552791
2018-12-06,0.00208119076590737
2018-12-07,0.00210048605063427
2018-12-08,0.00208918699677842
2018-12-09,0.0020740412390902
2018-12-10,0.0020433807105601
2018-12-11,0.00202325510129422
2018-12-12,0.00203688614338788
2018-12-13,0.00203124816634231
2018-12-14,0.00202957325298859
2018-12-15,0.00202889779973886
2018-12-16,0.00206846164927329
2018-12-17,0.00252412491309249
2018-12-18,0.00253578240122252
2018-12-19,0.00266608090684363
2018-12-20,0.00265295642315542
2018-12-21,0.00244464772392545
2018-12-22,0.00246414379628298
2018-12-23,0.00250672417208103
2018-12-24,0.00250563782832034
2018-12-25,0.00239828950173681
2018-12-26,0.00238232653465799
2018-12-27,0.00230952961840366
2018-12-28,0.00238836428621933
2018-12-29,0.00234967551969338
2018-12-30,0.00234703257707109
2018-12-31,0.00231174280839299
2019-01-01,0.00236759562083666
2019-01-02,0.00236291297640186
2019-01-03,0.00229297431139368
2019-01-04,0.00227824149308278
2019-01-05,0.00226063526144711
2019-01-06,0.00227719545589551
2019-01-07,0.00224265470679496
2019-01-08,0.00223153379812432
2019-01-09,0.00223260186738055
2019-01-10,0.00211196564827202
2019-01-11,0.00209470969811569
2019-01-12,0.00211040269201584
2019-01-13,0.00208052848239215
2019-01-14,0.00210217147001508
2019-01-15,0.00204907409444442
2019-01-16,0.00208447808434773
2019-01-17,0.00208984066467273
2019-01-18,0.0020528816422271
2019-01-19,0.00212305594761652
2019-01-20,0.00204621325630889
2019-01-21,0.0020429410303701
2019-01-22,0.00203131601181557
2019-01-23,0.00200512291273054
2019-01-24,0.00201418917540787
2019-01-25,0.00200499574242039
2019-01-26,0.00200424083440835
2019-01-27,0.00198276663161076
2019-01-28,0.00189307564528839
2019-01-29,0.00187823533520279
2019-01-30,0.00191083611908469
2019-01-31,0.00187855396510081
2019-02-01,0.00190619313979016
2019-02-02,0.00190779521103115
2019-02-03,0.00186138958575605
2019-02-04,0.00183939930486507
2019-02-05,0.0018347799947426
2019-02-06,0.00178072115696068
2019-02-07,0.00180405743365471
2019-02-08,0.00192252524378547
2019-02-09,0.0018942272609053
2019-02-10,0.00188321862900866
2019-02-11,0.0018434259970141
2019-02-12,0.00185750367679189
2019-02-13,0.00186948016930754
2019-02-14,0.00187048271272793
2019-02-15,0.00187353583254013
2019-02-16,0.00191616635436886
2019-02-17,0.00199957803597685
2019-02-18,0.00204505285324269
2019-02-19,0.00204993609761288
2019-02-20,0.00203484895170028
2019-02-21,0.0019982145262711
2019-02-22,0.00203962890041684
2019-02-23,0.0020697545463126
2019-02-24,0.00192765803935613
2019-02-25,0.00198290386115103
2019-02-26,0.00194423251745094
2019-02-27,0.00194314673865309
2019-02-28,0.00191460287932921
2019-03-01,0.001950931775696
2019-03-02,0.00197035298368054
2019-03-03,0.00194730032454709
2019-03-04,0.00189607044718571
2019-03-05,0.00194144467653889
2019-03-06,0.00193321232197412
2019-03-07,0.00194515537313971
2019-03-08,0.00193918919408406
2019-03-09,0.00196641807255596
2019-03-10,0.00195260477621353
2019-03-11,0.00192545993251598
2019-03-12,0.00198432128768625
2019-03-13,0.00199233316364754
2019-03-14,0.00201081969870455
2019-03-15,0.00202302402329123
2019-03-16,0.00205023778536675
2019-03-17,0.0020495843638262
2019-03-18,0.00204584931939521
2019-03-19,0.00204291273533561
2019-03-20,0.00203448898997998
2019-03-21,0.00201595463943379
2019-03-22,0.00201720223522141
2019-03-23,0.00201083938601947
2019-03-24,0.00200711303408332
2019-03-25,0.00200819852761542
2019-03-26,0.00202148605012707
2019-03-27,0.00206514650618341
2019-03-28,0.00205676589717633
2019-03-29,0.00208142250770491
2019-03-30,0.00208206468441287
2019-03-31,0.00206712410398376
2019-04-01,0.00244623267736758
2019-04-02,0.00289010918614619
2019-04-03,0.00312309548172381
2019-04-04,0.0036916790898948
2019-04-05,0.00359387296841497
2019-04-06,0.00338611261892232
2019-04-07,0.00341033173733226
2019-04-08,0.0029915300357216
2019-04-09,0.00288278123485681
2019-04-10,0.00298359002183849
2019-04-11,0.00275613263209712
2019-04-12,0.00281833859903892
2019-04-13,0.00286470873665178
2019-04-14,0.00286566741938075
2019-04-15,0.0027573805790827
2019-04-16,0.00279251324237503
2019-04-17,0.00278719691875686
2019-04-18,0.00295101050995384
2019-04-19,0.00287675568172232
2019-04-20,0.00283634110800017
2019-04-21,0.00274748338926343
2019-04-22,0.00276817316138799
2019-04-23,0.00273268014927191
2019-04-24,0.00254890041849098
2019-04-25,0.00241826894170054
2019-04-26,0.0024851298147377
2019-04-27,0.0025032264845665
2019-04-28,0.00243621193091154
2019-04-29,0.00238625557760223
2019-04-30,0.0024734788863166
2019-05-01,0.00248787328994537
2019-05-02,0.00255544708464904
2019-05-03,0.00263971691189786
2019-05-04,0.00264608970615468
2019-05-05,0.00259733008186404
2019-05-06,0.00254284966463422
2019-05-07,0.00249151175612179
2019-05-08,0.00249524380847082
2019-05-09,0.00247655605937501
2019-05-10,0.00249051712488413
2019-05-11,0.00279363708304191
2019-05-12,0.00260149567983362
2019-05-13,0.00270462990845446
2019-05-14,0.0030282407199366
2019-05-15,0.0033455941978445
2019-05-16,0.00313915706378961
2019-05-17,0.00289769632778519
2019-05-18,0.00293616058997954
2019-05-19,0.00314983250202692
2019-05-20,0.0029906906705802
2019-05-21,0.00304955486530461
2019-05-22,0.00286241307041442
2019-05-23,0.0029653550760716
2019-05-24,0.00298568641708283
2019-05-25,0.00301616610870542
2019-05-26,0.00309704791694644
2019-05-27,0.00312877409096849
2019-05-28,0.00317158584927455
2019-05-29,0.00315777109659714
2019-05-30,0.00316527561603623
2019-05-31,0.00343392550785411
2019-06-01,0.00336751665718446
2019-06-02,0.00336650464264761
2019-06-03,0.00311805943373353
2019-06-04,0.00293317273489539
2019-06-05,0.00297800934583877
2019-06-06,0.00308438040445649
2019-06-07,0.00309991782273772
2019-06-08,0.00302940458213899
2019-06-09,0.00294411694331623
2019-06-10,0.00307395506561302
2019-06-11,0.00303521414228246
2019-06-12,0.00304669633476037
2019-06-13,0.00302096736340674
2019-06-14,0.00307285106868273
2019-06-15,0.00313061892942975
2019-06-16,0.00312632484778323
2019-06-17,0.00314661003283389
2019-06-18,0.00301953210784922
2019-06-19,0.00310758494922756
2019-06-20,0.00308865119837541
2019-06-21,0.00323928609162541
2019-06-22,0.00327084630948277
2019-06-23,0.00326433650773133
2019-06-24,0.00335393562899973
2019-06-25,0.00332116439135858
2019-06-26,0.00336276874914348
2019-06-27,0.00329296745570169
2019-06-28,0.00338299984047412
2019-06-29,0.00338808407845039
2019-06-30,0.00323949631239454
2019-07-01,0.00322696568446517
2019-07-02,0.00314402352665987
2019-07-03,0.00327747434702646
2019-07-04,0.00317524428160879
2019-07-05,0.00381970351085695
2019-07-06,0.00346346617361713
2019-07-07,0.0036045733413118
2019-07-08,0.00349031980657265
2019-07-09,0.00349098541174501
2019-07-10,0.00331793072913236
2019-07-11,0.00317540201987689
2019-07-12,0.00326112635343641
2019-07-13,0.00323686601031263
2019-07-14,0.00292794205899939
2019-07-15,0.00307932983478436
2019-07-16,0.00278674066182936
2019-07-17,0.00289208304097099
2019-07-18,0.00312463890135896
2019-07-19,0.00300763638226141
2019-07-20,0.00313234089180153
2019-07-21,0.00298595063567733
2019-07-22,0.00292116590269108
2019-07-23,0.00282577711689802
2019-07-24,0.00291357464414533
2019-07-25,0.00292516532540165
2019-07-26,0.00291277182408656
2019-07-27,0.00274470268296887
2019-07-28,0.00284690604506687
2019-07-29,0.00277665308093374
2019-07-30,0.00279047561406204
2019-07-31,0.00289250746485418
2019-08-01,0.0029029499842229
2019-08-02,0.0028965767843026
2019-08-03,0.00287474448107038
2019-08-04,0.00293116333988227
2019-08-05,0.00301486278392159
2019-08-06,0.00292329357990865
2019-08-07,0.00294397726990718
2019-08-08,0.00295046037536918
2019-08-09,0.0029118153101994
2019-08-10,0.00285708891945055
2019-08-11,0.0029162094331444
2019-08-12,0.00288468640639989
2019-08-13,0.00279165173319974
2019-08-14,0.00272667518982334
2019-08-15,0.00259362834031538
2019-08-16,0.00266328825561746
2019-08-17,0.002588566864721
2019-08-18,0.00275727628215529
2019-08-19,0.00274910059747753
2019-08-20,0.00275591519528435
2019-08-21,0.0026143944971134
2019-08-22,0.00269856885344637
2019-08-23,0.00267250920607176
2019-08-24,0.00259281502286009
2019-08-25,0.00255643512942324
2019-08-26,0.00265673104789008
2019-08-27,0.00261421351466863
2019-08-28,0.00247115067777379
2019-08-29,0.00239477140648973
2019-08-30,0.00243059769432276
2019-08-31,0.00244137154773603
2019-09-01,0.00245100490824951
2019-09-02,0.00255841117401998
2019-09-03,0.00258029563789184
2019-09-04,0.00248105849860061
2019-09-05,0.00247112549993531
2019-09-06,0.00244381050523584
2019-09-07,0.00248037150764292
2019-09-08,0.00248044494799671
2019-09-09,0.00242500102206535
2019-09-10,0.00240641027595474
2019-09-11,0.00238689912281537
2019-09-12,0.00244892418388669
2019-09-13,0.00243891209799668
2019-09-14,0.002464933037541
2019-09-15,0.00238028547933681
2019-09-16,0.00237354387973783
2019-09-17,0.00259995831639413
2019-09-18,0.00272169530215523
2019-09-19,0.00271348426659005
2019-09-20,0.00265503865962778
2019-09-21,0.00252312883022292
2019-09-22,0.002561589139238
2019-09-23,0.00249803633589494
2019-09-24,0.0021835933500956
2019-09-25,0.00217951323074653
2019-09-26,0.00213942342855142
2019-09-27,0.00220242076028045
2019-09-28,0.00221574233988977
2019-09-29,0.00224419092652745
2019-09-30,0.00236458871353361
2019-10-01,0.00239044567333268
2019-10-02,0.00232096639776275
2019-10-03,0.00226470913353877
2019-10-04,0.00234528432989509
2019-10-05,0.00231062039168887
2019-10-06,0.00221263578020241
2019-10-07,0.00233578199699504
2019-10-08,0.00233816537854264
2019-10-09,0.00240382424759468
2019-10-10,0.0022895529855305
2019-10-11,0.00225570271201002
2019-10-12,0.00227652863744433
2019-10-13,0.00247887072734467
2019-10-14,0.00252050570655831
2019-10-15,0.00248036775913996
2019-10-16,0.00259163311090389
2019-10-17,0.00275819175351874
2019-10-18,0.00263859531155429
2019-10-19,0.00271820271973652
2019-10-20,0.00266934502554477
2019-10-21,0.00264941763351896
2019-10-22,0.00250615854787502
2019-10-23,0.0024639785634618
2019-10-24,0.00249334990860868
2019-10-25,0.00259931882370923
2019-10-26,0.00262148287937903
2019-10-27,0.0026055388132219
2019-10-28,0.00265363461418432
2019-10-29,0.00255649653445083
2019-10-30,0.0026224538109248
2019-10-31,0.00257975488126176
2019-11-01,0.00259243060911568
2019-11-02,0.00258105570953036
2019-11-03,0.00256465023350276
2019-11-04,0.0026169775091885
2019-11-05,0.00252152118189381
2019-11-06,0.00255979080412297
2019-11-07,0.0027280475910525
2019-11-08,0.00265974075321985
2019-11-09,0.0027142417439946
2019-11-10,0.00278184370254151
2019-11-11,0.00275023165472674
2019-11-12,0.00269901148096347
2019-11-13,0.00271123020347958
2019-11-14,0.00262682800188767
2019-11-15,0.00264544087675835
2019-11-16,0.00267865778259128
2019-11-17,0.00257109880478731
2019-11-18,0.00250396034293959
2019-11-19,0.00247198224254634
2019-11-20,0.00252488864713062
2019-11-21,0.00237021673392283
2019-11-22,0.00233650212243733
2019-11-23,0.0023541192958739
2019-11-24,0.00224503723367821
2019-11-25,0.00227108825008064
2019-11-26,0.00225679041939934
2019-11-27,0.0023082660980527
2019-11-28,0.00226298016572962
2019-11-29,0.00238981719464679
2019-11-30,0.00229706522627301
2019-12-01,0.002279869454286
2019-12-02,0.00221593456048024
2019-12-03,0.00219443198282086
2019-12-04,0.00218705356913138
2019-12-05,0.0021800556809425
2019-12-06,0.00219336173088739
2019-12-07,0.00219434294387673
2019-12-08,0.00221562939141079
2019-12-09,0.0021917979253144
2019-12-10,0.00215129158295855
2019-12-11,0.00210699645535123
2019-12-12,0.00214260721258856
2019-12-13,0.0021081484218649
2019-12-14,0.0020853236197383
2019-12-15,0.00208898098241272
2019-12-16,0.0020941509361627
2019-12-17,0.00195483902301308
2019-12-18,0.002080812184283
2019-12-19,0.00203442329415188
2019-12-20,0.00202072644670295
2019-12-21,0.00202140543015885
2019-12-22,0.00207314521820943
2019-12-23,0.00201184623627995
2019-12-24,0.00198471910235555
2019-12-25,0.00202287182903
2019-12-26,0.0020249063406323
2019-12-27,0.00203984013048218
2019-12-28,0.00200715327948193
2019-12-29,0.0020232534587173
2019-12-30,0.00198532511658286
2019-12-31,0.00197591383595918
2020-01-01,0.00201984671857517
2020-01-02,0.00195855811527259
2020-01-03,0.00198202129080331
2020-01-04,0.00201525437644803
2020-01-05,0.00209847988014367
2020-01-06,0.00212368470242213
2020-01-07,0.00216288905206549
2020-01-08,0.00211019043643887
2020-01-09,0.00215495735388517
2020-01-10,0.00221027464704001
2020-01-11,0.00214270059390675
2020-01-12,0.00218523154629954
2020-01-13,0.00214784348014685
2020-01-14,0.00234624424292359
2020-01-15,0.00233960171905209
2020-01-16,0.00232625371921966
2020-01-17,0.00245336598415752
2020-01-18,0.00256456382767796
2020-01-19,0.00235029251421307
2020-01-20,0.00236681946665124
2020-01-21,0.00240449929610983
2020-01-22,0.00233834477778489
2020-01-23,0.00221570322998956
2020-01-24,0.00222136536498398
2020-01-25,0.00223083477572578
2020-01-26,0.00226023575722557
2020-01-27,0.0023610587008683
2020-01-28,0.00243654063674432
2020-01-29,0.00237050836230724
2020-01-30,0.00243110486416368
2020-01-31,0.00235659744494601
2020-02-01,0.00239048098200823
2020-02-02,0.00246902062515989
2020-02-03,0.00241299531819955
2020-02-04,0.00249171093414571
2020-02-05,0.00256444944713207
2020-02-06,0.00266310975329343
2020-02-07,0.00279996445410408
2020-02-08,0.00316708111039387
2020-02-09,0.00319874217912234
2020-02-10,0.00299187956146944
2020-02-11,0.003027958231996
2020-02-12,0.0030679805700089
2020-02-13,0.00302412883154334
2020-02-14,0.0031551937320797
2020-02-15,0.00288951963431237
2020-02-16,0.00275678670951148
2020-02-17,0.00265578973788969
2020-02-18,0.00283966322564828
2020-02-19,0.00264926423922575
2020-02-20,0.00261596579651356
2020-02-21,0.00263571358081221
2020-02-22,0.00258040758427419
2020-02-23,0.00266622572445393
2020-02-24,0.00258187119198052
2020-02-25,0.00246628286984961
2020-02-26,0.00235191061793917
2020-02-27,0.00229423336934833
2020-02-28,0.00233361603393757
2020-02-29,0.0022439833771228
2020-03-01,0.00225842554770007
2020-03-02,0.00236096674028267
2020-03-03,0.0025147729100488
2020-03-04,0.00240102621930048
2020-03-05,0.0025135543641385
2020-03-06,0.00252577160644148
2020-03-07,0.00242149923650927
2020-03-08,0.00218332531241091
2020-03-09,0.00220023016064487
2020-03-10,0.00219101766060326
2020-03-11,0.00219962908611148
2020-03-12,0.00153454229222898
2020-03-13,0.00177791991938698
2020-03-14,0.00165806567023222
2020-03-15,0.00167083735421845
2020-03-16,0.00157660521607071
2020-03-17,0.00167301107197546
2020-03-18,0.00158946336665707
2020-03-19,0.00175151533616979
2020-03-20,0.00176318697661099
2020-03-21,0.00178111544198319
2020-03-22,0.00171868308141816
2020-03-23,0.00184881222655974
2020-03-24,0.00185346728251721
2020-03-25,0.00184063686305023
2020-03-26,0.00185948595554416
2020-03-27,0.00179826709291634
2020-03-28,0.0017999506342474
2020-03-29,0.0017365734066702
2020-03-30,0.00182329210081571
2020-03-31,0.00184180636157068
2020-04-01,0.00187226601490903
2020-04-02,0.00188567476895414
2020-04-03,0.00184371926039521
2020-04-04,0.00186843492249277
2020-04-05,0.00187334742323321
2020-04-06,0.00199188957921951
2020-04-07,0.00196272968106804
2020-04-08,0.00203086084621151
2020-04-09,0.00201696417443246
2020-04-10,0.00195192625840963
2020-04-11,0.00195198358548881
2020-04-12,0.00198588941298834
2020-04-13,0.0019436795484524
2020-04-14,0.00197784850857172
2020-04-15,0.0018962607320534
2020-04-16,0.00203387657691226
2020-04-17,0.00200972147879376
2020-04-18,0.00207725199509232
2020-04-19,0.00204713038113226
2020-04-20,0.00194854865241297
2020-04-21,0.00198140048041098
2020-04-22,0.002038469192416
2020-04-23,0.00207159503695313
2020-04-24,0.00206784306624612
2020-04-25,0.00212864669715618
2020-04-26,0.00242340970395391
2020-04-27,0.00237133943624532
2020-04-28,0.00229672059127674
2020-04-29,0.00251489050977981
2020-04-30,0.00244502418939553
2020-05-01,0.00251075903514867
2020-05-02,0.00252959965538268
2020-05-03,0.00253743527292808
2020-05-04,0.0024230293190232
2020-05-05,0.00247624267503008
2020-05-06,0.002534457127416
2020-05-07,0.00264926161071465
2020-05-08,0.00262010804503134
2020-05-09,0.00263061960450681
2020-05-10,0.00246487220416235
2020-05-11,0.00240638589236899
2020-05-12,0.00243274697080233
2020-05-13,0.00256424106825158
2020-05-14,0.00258658709677603
2020-05-15,0.00248165762479559
2020-05-16,0.00247040050209882
2020-05-17,0.00254786420023342
2020-05-18,0.00257288542580282
2020-05-19,0.00257601562549881
2020-05-20,0.00252783998676846
2020-05-21,0.00250992722276307
2020-05-22,0.00252265838088545
2020-05-23,0.00253751401143997
2020-05-24,0.00244388083892483
2020-05-25,0.00254106470363776
2020-05-26,0.00251338741762916
2020-05-27,0.00252933084898952
2020-05-28,0.00253465828900291
2020-05-29,0.00249946825159799
2020-05-30,0.0026047198488045
2020-05-31,0.00255108508060021
2020-06-01,0.00266019789483322
2020-06-02,0.00253395902352211
2020-06-03,0.00253534308729232
2020-06-04,0.00260098220987861
2020-06-05,0.00254250088858852
2020-06-06,0.00256161000029894
2020-06-07,0.00258323691209965
2020-06-08,0.00256818938600634
2020-06-09,0.00259954873891068
2020-06-10,0.00261411511253149
2020-06-11,0.00244400380345066
2020-06-12,0.00250760160599904
2020-06-13,0.00251011231671035
2020-06-14,0.00246755594508251
2020-06-15,0.00251087820141947
2020-06-16,0.00252715876233501
2020-06-17,0.00249145095663579
2020-06-18,0.00249009822933897
2020-06-19,0.00244835398413764
2020-06-20,0.00248433107035084
2020-06-21,0.00245320863125533
2020-06-22,0.00248233626160252
2020-06-23,0.00246183492034168
2020-06-24,0.00243909081208492
2020-06-25,0.00241408238126576
2020-06-26,0.00232093515094496
2020-06-27,0.00229770938486736
2020-06-28,0.00229301808165855
2020-06-29,0.00233886709032576
2020-06-30,0.00231788088205376
2020-07-01,0.0023609381239208
2020-07-02,0.00231999892632302
2020-07-03,0.00232457549662002
2020-07-04,0.00231991061335159
2020-07-05,0.00232645607412523
2020-07-06,0.00260817399203102
2020-07-07,0.00307677267141613
2020-07-08,0.00471793463808817
2020-07-09,0.00435657310346719
2020-07-10,0.00353849407747735
2020-07-11,0.00382470707232425
2020-07-12,0.00364292526104395
2020-07-13,0.00313894820249177
2020-07-14,0.00329276050111516
2020-07-15,0.00308929890405734
2020-07-16,0.00297147652453294
2020-07-17,0.00305226683488408
2020-07-18,0.00349461216386879
2020-07-19,0.00337455157048864
2020-07-20,0.00325095580820292
2020-07-21,0.0033122736664885
2020-07-22,0.0032840975247085
2020-07-23,0.00332726804506428
2020-07-24,0.00320667745224465
2020-07-25,0.00327321119427016
2020-07-26,0.00322577924211216
2020-07-27,0.00316414996655188
2020-07-28,0.0032368676893556
2020-07-29,0.00319305240147994
2020-07-30,0.00323160218760681
2020-07-31,0.00323009998903651
2020-08-01,0.0037249416715533
2020-08-02,0.00335977132651185
2020-08-03,0.00341583711191103
2020-08-04,0.00353816810576796
2020-08-05,0.00351840880152705
2020-08-06,0.00357487084817447
2020-08-07,0.00350811876287992
2020-08-08,0.00345840302914642
2020-08-09,0.00341271160047471
2020-08-10,0.00350320028774737
2020-08-11,0.00335604256974609
2020-08-12,0.00344347090804779
2020-08-13,0.00346315621598673
2020-08-14,0.00360210946133799
2020-08-15,0.00353832009028949
2020-08-16,0.00352036585689325
2020-08-17,0.00361489440996485
2020-08-18,0.00352669306901887
2020-08-19,0.00345867854680123
2020-08-20,0.003465041836812
2020-08-21,0.00337356714396478
2020-08-22,0.00344666265022515
2020-08-23,0.00344613609393787
2020-08-24,0.00339724251779166
2020-08-25,0.00330410864073058
2020-08-26,0.00328796906599076
2020-08-27,0.00321966985156197
2020-08-28,0.00328498851337029
2020-08-29,0.00328336277721502
2020-08-30,0.00332408518210771
2020-08-31,0.00322165363901993
2020-09-01,0.00331058595745631
2020-09-02,0.00312569410568746
2020-09-03,0.00281139958228289
2020-09-04,0.00288885033690444
2020-09-05,0.00277354339076533
2020-09-06,0.00280294312433598
2020-09-07,0.00286814422734049
2020-09-08,0.00278397648308148
2020-09-09,0.00280244315225183
2020-09-10,0.00284641879946489
2020-09-11,0.00277930813740888
2020-09-12,0.00278373886598666
2020-09-13,0.00275108780118319
2020-09-14,0.00281817397443559
2020-09-15,0.00284349990461754
2020-09-16,0.00280924266988108
2020-09-17,0.00280262024008007
2020-09-18,0.00279110978734293
2020-09-19,0.00279844311500824
2020-09-20,0.00277552130404393
2020-09-21,0.00264216800993587
2020-09-22,0.00265015714442087
2020-09-23,0.00252438945070233
2020-09-24,0.00261379942575758
2020-09-25,0.00272814713116153
2020-09-26,0.00271455377907023
2020-09-27,0.00271483305195069
2020-09-28,0.00263662912685028
2020-09-29,0.00266880320341766
2020-09-30,0.00263743331338929
2020-10-01,0.00261833908003447
2020-10-02,0.00259126098096763
2020-10-03,0.00259796431089295
2020-10-04,0.00263439773254642
2020-10-05,0.00261965019231039
2020-10-06,0.00259108478972943
2020-10-07,0.00259199160916192
2020-10-08,0.00261046964329601
2020-10-09,0.00266835832213323
2020-10-10,0.00266353686915742
2020-10-11,0.00267731947058872
2020-10-12,0.00268296761860408
2020-10-13,0.00265632538064782
2020-10-14,0.00265785139568098
2020-10-15,0.002598641069375
2020-10-16,0.00260916363712984
2020-10-17,0.00258161511609601
2020-10-18,0.00258779264838894
2020-10-19,0.00261790730636388
2020-10-20,0.00258632608478249
2020-10-21,0.00263071117141436
2020-10-22,0.00265770196394181
2020-10-23,0.00265764885687269
2020-10-24,0.00265101928204551
2020-10-25,0.0026658063285663
2020-10-26,0.00267436695532241
2020-10-27,0.00267384127572168
2020-10-28,0.00258960536424689
2020-10-29,0.00258653303241332
2020-10-30,0.00260493368858895
2020-10-31,0.0025576132599634
2020-11-01,0.00255646073372241
2020-11-02,0.0025161676837542500
2020-11-03,0.002524602933661850
2020-11-04,0.0025593010605972500
2020-11-05,0.0026624426277974600
2020-11-06,0.002757280441800280
2020-11-07,0.0026759042537022600
2020-11-08,0.0027124688079202100
2020-11-09,0.002679271540850210
2020-11-10,0.0027852507007204800
2020-11-11,0.002764993718280260
2020-11-12,0.002801062448115840
2020-11-13,0.0028425665610364200
2020-11-14,0.0027825775573752800
2020-11-15,0.0027775948731580500
2020-11-16,0.002918936759720870
2020-11-17,0.002926578832940260
2020-11-18,0.0029193476127112000
2020-11-19,0.002927775663445720
2020-11-20,0.0030113973281822600
2020-11-21,0.00352121712951753
2020-11-22,0.003379456213781300
2020-11-23,0.0035552412187284500
2020-11-24,0.004119698350159070
2020-11-25,0.0036871158770478700
2020-11-26,0.0032652192224684100
2020-11-27,0.0032803648234691600
2020-11-28,0.0034068307833770200
2020-11-29,0.003427769176963040
2020-11-30,0.0035693349013689800
2020-12-01,0.0033201534209897900
2020-12-02,0.0033793191292255000
2020-12-03,0.0034333328877874500
2020-12-04,0.0033061729852898200
2020-12-05,0.0033948510098740700
2020-12-06,0.0033889127882124100
2020-12-07,0.0033526005979882700
2020-12-08,0.0031714396089897900
2020-12-09,0.0031704992711188500
2020-12-10,0.0031106486621390500
2020-12-11,0.00308433803834209
2020-12-12,0.00316432329900436
2020-12-13,0.00327329610194906
2020-12-14,0.00323495407485283
2020-12-15,0.00321170401344388
2020-12-16,0.00344252166489762
2020-12-17,0.00374661015153532
2020-12-18,0.00383056919306429
2020-12-19,0.00393453661533219
2020-12-20,0.00465521821764073
2020-12-21,0.00484080674090134
2020-12-22,0.00450373816779059
2020-12-23,0.00384714033439718
2020-12-24,0.00455875047396143
2020-12-25,0.00457741806106609
2020-12-26,0.00453314281749869
2020-12-27,0.00459606339965107
2020-12-28,0.00454277368288889
2020-12-29,0.004500283270221
2020-12-30,0.00467102836476011
2020-12-31,0.00473462890847553
2021-01-01,0.00556486823067082
2021-01-02,0.0105300836143273
2021-01-03,0.0100145613082379
2021-01-04,0.00971064388656196
2021-01-05,0.00985622063727529
2021-01-06,0.0104082549321962
2021-01-07,0.00963909072245372
2021-01-08,0.00999190054473646
2021-01-09,0.0103077173907635
2021-01-10,0.00982120443369849
2021-01-11,0.00867210708411547
2021-01-12,0.00799896534756075
2021-01-13,0.0085839131929227
2021-01-14,0.00940266383948484
2021-01-15,0.00934043010368592
2021-01-16,0.00925213310437359
2021-01-17,0.00912896607669004
2021-01-18,0.00920175390888011
2021-01-19,0.00913059572149013
2021-01-20,0.0091091634986227
2021-01-21,0.0082177642697266
2021-01-22,0.00849779544786869
2021-01-23,0.00854424754134384
2021-01-24,0.00881531809482989
2021-01-25,0.00836004507485774
2021-01-26,0.00830844884919056
2021-01-27,0.00747905481787233
2021-01-28,0.0305439548147316
2021-01-29,0.048633752499472
2021-01-30,0.0290980491652
2021-01-31,0.0381205174042878
2021-02-01,0.0347046223422425
2021-02-02,0.0316307704174641
2021-02-03,0.0367059584111212
2021-02-04,0.053407206496551
2021-02-05,0.0467974372068759
2021-02-06,0.057429425570346
2021-02-07,0.0802811333279657
2021-02-08,0.0789325104523397
2021-02-09,0.0695767340220854
2021-02-10,0.0727549598351006
2021-02-11,0.0696115909904288
2021-02-12,0.0696834709498285
2021-02-13,0.0665868556522986
2021-02-14,0.0613120799597351
2021-02-15,0.0571479029882514
2021-02-16,0.0533158616124064
2021-02-17,0.0488347651941887
2021-02-18,0.0600237830748997
2021-02-19,0.0548435382378239
2021-02-20,0.0542438081367958
2021-02-21,0.0564680912063188
2021-02-22,0.0533126828511682
2021-02-23,0.0472897415938726
2021-02-24,0.0562393667292198
2021-02-25,0.0506886618388636
2021-02-26,0.0504181991456018
2021-02-27,0.0499202688473104
2021-02-28,0.0485867450040584
2021-03-01,0.0506025585945601
2021-03-02,0.0503929070418212
2021-03-03,0.0508312462639553
2021-03-04,0.0504358309855315
2021-03-05,0.0495668410128533
2021-03-06,0.0511844712695587
2021-03-07,0.0518371108083749
2021-03-08,0.0610100895294407
2021-03-09,0.0581241333063552
2021-03-10,0.056087883560884
2021-03-11,0.0559121722127478
2021-03-12,0.0553991686083617
2021-03-13,0.0604714211760467
2021-03-14,0.0593048862706914
2021-03-15,0.05737176049291
2021-03-16,0.0584739476706541
2021-03-17,0.0579390800797675
2021-03-18,0.0575767987711662
2021-03-19,0.0584199434682409
2021-03-20,0.0590314284061669
2021-03-21,0.0575586116026723
2021-03-22,0.055345010861451
2021-03-23,0.0536882759747405
2021-03-24,0.0516952602266379
2021-03-25,0.0514587530006452
2021-03-26,0.053892993523669
2021-03-27,0.0544981635041608
2021-03-28,0.0535958383465958
2021-03-29,0.0540509489709277
2021-03-30,0.054079226209261
2021-03-31,0.0535690825011988
2021-04-01,0.0613272619786743
2021-04-02,0.057835950077687
2021-04-03,0.0561089025634425
2021-04-04,0.0573606163347574
2021-04-05,0.0595264980112467
2021-04-06,0.0639634039104699
2021-04-07,0.0594053691491805
2021-04-08,0.0615431520328573
2021-04-09,0.0613919633374267
2021-04-10,0.0636518594555478
2021-04-11,0.074777963540085
2021-04-12,0.0709020638527093
2021-04-13,0.0930733501490266
2021-04-14,0.122002700339244
2021-04-15,0.177733355284743
2021-04-16,0.375427097611056
2021-04-17,0.290387865086394
2021-04-18,0.322299743076013
2021-04-19,0.405288333313477
2021-04-20,0.331439890713253
2021-04-21,0.30835048923751
2021-04-22,0.263224454407664
2021-04-23,0.246395844193385
2021-04-24,0.271710321196126
2021-04-25,0.253707121053406
2021-04-26,0.271205120263714
2021-04-27,0.272432213908801
2021-04-28,0.322858365697139
2021-04-29,0.306598675423379
2021-04-30,0.338295064038278
2021-05-01,0.391756718617906
2021-05-02,0.378761094958709
2021-05-03,0.442072850365603
2021-05-04,0.548512085221807
2021-05-05,0.655049595644794
2021-05-06,0.583586272660643
2021-05-07,0.685334696466792
2021-05-08,0.639128381785214
2021-05-09,0.57380195253126
2021-05-10,0.448575704811545
2021-05-11,0.495962949708427
2021-05-12,0.426742634295699
2021-05-13,0.48607163474306
2021-05-14,0.564845826983397
2021-05-15,0.508838984481241
2021-05-16,0.513701616230257
2021-05-17,0.487313751816461
2021-05-18,0.476589657605066
2021-05-19,0.342565867581337
2021-05-20,0.400699360628084
2021-05-21,0.356628386338313
2021-05-22,0.345006967789972
2021-05-23,0.308308310849868
2021-05-24,0.364567582620442
2021-05-25,0.346154935984738
2021-05-26,0.35250963262272
2021-05-27,0.332657072602215
2021-05-28,0.310085326892906
2021-05-29,0.302840777404076
2021-05-30,0.302799659128167
2021-05-31,0.326518387701382
2021-06-01,0.374069481195317
2021-06-02,0.426345776204489
2021-06-03,0.396820977723381
2021-06-04,0.377680450999831
2021-06-05,0.371218715034732
2021-06-06,0.371186534357884
2021-06-07,0.333351509816076
2021-06-08,0.328496721027222
2021-06-09,0.344041450382039
2021-06-10,0.327806963584201
2021-06-11,0.317583878089088
2021-06-12,0.313194163347377
2021-06-13,0.323228880957383
2021-06-14,0.327457449383907
2021-06-15,0.320674405209986
2021-06-16,0.307153723758147
2021-06-17,0.305849863165653
2021-06-18,0.29246527334624
2021-06-19,0.287296062338338
2021-06-20,0.280669136303136
2021-06-21,0.179187482088679
2021-06-22,0.188829017595652
2021-06-23,0.234789213297149
2021-06-24,0.263517659819
2021-06-25,0.240246524039104
2021-06-26,0.240943309588104
2021-06-27,0.258395472974195
2021-06-28,0.25632075091972
2021-06-29,0.263537737009707
2021-06-30,0.253546042678888
2021-07-01,0.244908107653592
2021-07-02,0.244786103247887
2021-07-03,0.245519370361453
2021-07-04,0.246690893670516
2021-07-05,0.232996492106983
2021-07-06,0.234121104659688
2021-07-07,0.224031506306492
2021-07-08,0.207322548707761
2021-07-09,0.219942177056201
2021-07-10,0.214794397356293
2021-07-11,0.215968738003253
2021-07-12,0.208751332336476
2021-07-13,0.199732697072284
2021-07-14,0.196839311980268
2021-07-15,0.184941928882686
2021-07-16,0.17240189062412
2021-07-17,0.185759348575271
2021-07-18,0.182013849464707
2021-07-19,0.174322307635644
2021-07-20,0.170478459566267
2021-07-21,0.189652100396044
2021-07-22,0.191375498412844
2021-07-23,0.194074971548424
2021-07-24,0.19687219207913
2021-07-25,0.197296619791344
2021-07-26,0.20495753684508
2021-07-27,0.204503089181352
2021-07-28,0.205419814311225
2021-07-29,0.2050127843368
2021-07-30,0.207429222726903
2021-07-31,0.20884920827101
2021-08-01,0.204456121418929
2021-08-02,0.203945348136703
2021-08-03,0.196475397282361
2021-08-04,0.201647582046668
2021-08-05,0.201365598881912
2021-08-06,0.205253032949116
2021-08-07,0.257086012407851
2021-08-08,0.241635057894899
2021-08-09,0.256215120231704
2021-08-10,0.25632513480426
2021-08-11,0.266016363932145
2021-08-12,0.264160101087162
2021-08-13,0.285523466502995
2021-08-14,0.293520424457163
2021-08-15,0.339527545084811
2021-08-16,0.319922870164873
2021-08-17,0.300178709261132
2021-08-18,0.307016668844971
2021-08-19,0.315798300789388
2021-08-20,0.326713888119138
2021-08-21,0.317965835099326
2021-08-22,0.315080664495456
2021-08-23,0.318119735368939
2021-08-24,0.290931516424785
2021-08-25,0.292580928451773
2021-08-26,0.272534085576634
2021-08-27,0.293806786335398
2021-08-28,0.285058600280931
2021-08-29,0.281746985078609
2021-08-30,0.27176901585784
2021-08-31,0.278126724347015
2021-09-01,0.293037887828062
2021-09-02,0.296461662439791
2021-09-03,0.294960012339622
2021-09-04,0.299311984206178
2021-09-05,0.313618490177438
2021-09-06,0.308614055910165
2021-09-07,0.254143140025767
2021-09-08,0.256713967158431
2021-09-09,0.252489652707405
2021-09-10,0.239172013330452
2021-09-11,0.240202108195502
2021-09-12,0.251806938146037
2021-09-13,0.2361035367614
2021-09-14,0.240055801042766
2021-09-15,0.24709265988259
2021-09-16,0.241111173516518
2021-09-17,0.239641834141696
2021-09-18,0.241247129984849
2021-09-19,0.232754638316287
2021-09-20,0.207380666072573
2021-09-21,0.199895231089176
2021-09-22,0.224089537501427
2021-09-23,0.224631279959057
2021-09-24,0.209224758932875
2021-09-25,0.20870623577169
2021-09-26,0.204332200968806
2021-09-27,0.200629398910734
2021-09-28,0.19734291766785
2021-09-29,0.197968770757039
2021-09-30,0.203766747506382
2021-10-01,0.222020546269938
2021-10-02,0.219446955262227
2021-10-03,0.221561839198792
2021-10-04,0.243107340757069
2021-10-05,0.25218223422243
2021-10-06,0.252315909975362
2021-10-07,0.242434208982294
2021-10-08,0.243278484288932
2021-10-09,0.246880851926766
2021-10-10,0.22969336957559
2021-10-11,0.230376023766707
2021-10-12,0.225741274699533
2021-10-13,0.2322644696982
2021-10-14,0.232598682249031
2021-10-15,0.23420304497024
2021-10-16,0.237940396102037
2021-10-17,0.237471982725584
2021-10-18,0.246741351963043
2021-10-19,0.245524729474115
2021-10-20,0.254763355252319
2021-10-21,0.243214075892714
2021-10-22,0.245247625260096
2021-10-23,0.249806270682158
2021-10-24,0.275555925957637
2021-10-25,0.264177490815424
2021-10-26,0.255868445857271
2021-10-27,0.238359256211096
2021-10-28,0.299730841169502
2021-10-29,0.287649888924029
2021-10-30,0.26689472974581