Time,ETH / USD Denominated Closing Price
2015-08-08,1.19999
2015-08-09,1.19999
2015-08-10,1.19999
2015-08-11,0.99
2015-08-12,1.288
2015-08-13,1.8848
2015-08-14,1.79504416247808
2015-08-15,1.78222244301578
2015-08-16,1.53307377556984
2015-08-17,1.29638
2015-08-18,1.08418656925774
2015-08-19,1.24
2015-08-20,1.5218
2015-08-21,1.43588
2015-08-22,1.4
2015-08-23,1.35
2015-08-24,1.23804
2015-08-25,1.27119
2015-08-26,1.18
2015-08-27,1.13646
2015-08-28,1.295
2015-08-29,1.179
2015-08-30,1.32
2015-08-31,1.30651
2015-09-01,1.36
2015-09-02,1.30828087083577
2015-09-03,1.23357
2015-09-04,1.23357
2015-09-05,1.36287107188779
2015-09-06,1.34
2015-09-07,1.27561
2015-09-08,1.26349378725891
2015-09-09,1.21
2015-09-10,1.1857
2015-09-11,0.927715708357686
2015-09-12,1.14639
2015-09-13,0.88557
2015-09-14,0.955
2015-09-15,0.95
2015-09-16,0.93634
2015-09-17,0.875
2015-09-18,0.85226
2015-09-19,0.883689479836353
2015-09-20,0.94116
2015-09-21,0.94116
2015-09-22,0.80588
2015-09-23,0.91
2015-09-24,0.8
2015-09-25,0.68233
2015-09-26,0.77032
2015-09-27,0.700769905318527
2015-09-28,0.604208065458796
2015-09-29,0.68163
2015-09-30,0.713644313851549
2015-10-01,0.654722555230859
2015-10-02,0.66467
2015-10-03,0.6796
2015-10-04,0.60954
2015-10-05,0.60777
2015-10-06,0.65114
2015-10-07,0.6
2015-10-08,0.633798841028638
2015-10-09,0.635190847457627
2015-10-10,0.635190847457627
2015-10-11,0.59931
2015-10-12,0.63
2015-10-13,0.601639343658679
2015-10-14,0.483236302162478
2015-10-15,0.559861985973115
2015-10-16,0.525
2015-10-17,0.52299
2015-10-18,0.505
2015-10-19,0.499479725306838
2015-10-20,0.440034716540035
2015-10-21,0.42
2015-10-22,0.546183513734658
2015-10-23,0.56491
2015-10-24,0.55606
2015-10-25,0.624364857977791
2015-10-26,0.700519544126242
2015-10-27,0.83
2015-10-28,0.99
2015-10-29,1.17940672121566
2015-10-30,1.12067336586791
2015-10-31,0.889342571595558
2015-11-01,0.99
2015-11-02,0.9878
2015-11-03,1.04736265341905
2015-11-04,0.799
2015-11-05,0.87638
2015-11-06,0.959652834599649
2015-11-07,0.911850192869667
2015-11-08,1
2015-11-09,0.998
2015-11-10,0.901914669783752
2015-11-11,0.750047340736411
2015-11-12,0.88
2015-11-13,0.89998421975453
2015-11-14,0.88
2015-11-15,0.91
2015-11-16,0.914427235534775
2015-11-17,0.999284628872005
2015-11-18,0.996753607247224
2015-11-19,0.94
2015-11-20,0.92
2015-11-21,0.96
2015-11-22,0.97
2015-11-23,0.92
2015-11-24,0.910014781998831
2015-11-25,0.87
2015-11-26,0.858832719462303
2015-11-27,0.88
2015-11-28,0.907557786090006
2015-11-29,0.87
2015-11-30,0.88
2015-12-01,0.863293395675044
2015-12-02,0.82
2015-12-03,0.83
2015-12-04,0.84
2015-12-05,0.86993
2015-12-06,0.82499
2015-12-07,0.78994398012858
2015-12-08,0.79461
2015-12-09,0.80511
2015-12-10,0.84374
2015-12-11,0.899800105201637
2015-12-12,0.96
2015-12-13,0.91994
2015-12-14,0.99
2015-12-15,1
2015-12-16,0.8671
2015-12-17,0.94
2015-12-18,0.9
2015-12-19,0.893520944476914
2015-12-20,0.96
2015-12-21,0.91
2015-12-22,0.88
2015-12-23,0.87093
2015-12-24,0.87
2015-12-25,0.865924904734074
2015-12-26,0.853
2015-12-27,0.86893
2015-12-28,0.842445938047925
2015-12-29,0.86
2015-12-30,0.896515517241379
2015-12-31,0.94884
2016-01-01,0.92037
2016-01-02,0.94999
2016-01-03,0.957062928112215
2016-01-04,0.95
2016-01-05,0.9426
2016-01-06,0.95
2016-01-07,0.939947483343074
2016-01-08,0.985
2016-01-09,0.969910045587376
2016-01-10,1
2016-01-11,1.07090673290473
2016-01-12,1.17745
2016-01-13,1.13743
2016-01-14,1.16592069608416
2016-01-15,1.29089104734074
2016-01-16,1.21179
2016-01-17,1.31093687901812
2016-01-18,1.46624418176505
2016-01-19,1.35304659848042
2016-01-20,1.45662153009936
2016-01-21,1.49593
2016-01-22,1.52
2016-01-23,2.01225053594389
2016-01-24,2.1013847849211
2016-01-25,2.53372158971362
2016-01-26,2.38058670368206
2016-01-27,2.40130981823495
2016-01-28,2.54645331911163
2016-01-29,2.48763545119813
2016-01-30,2.44067
2016-01-31,2.24267177966102
2016-02-01,2.16739736703682
2016-02-02,2.44653
2016-02-03,2.53
2016-02-04,2.55007
2016-02-05,2.56451
2016-02-06,2.54902
2016-02-07,2.89807110052601
2016-02-08,3.18377219345412
2016-02-09,3.89347676504968
2016-02-10,4.37768284453536
2016-02-11,5.87194032261835
2016-02-12,5.47040384395091
2016-02-13,5.21879062419638
2016-02-14,5.15584398305085
2016-02-15,5.15268737580363
2016-02-16,4.26236679544126
2016-02-17,3.81098028872005
2016-02-18,4.366827735827
2016-02-19,4.58564058328463
2016-02-20,4.35048920105202
2016-02-21,4.62442860549386
2016-02-22,5.59370853594389
2016-02-23,5.60993619696084
2016-02-24,6.23428100935126
2016-02-25,6.07227434482759
2016-02-26,5.87555043717125
2016-02-27,6.31073388778492
2016-02-28,6.49883606838106
2016-02-29,6.33325343074226
2016-03-01,7.52637569959088
2016-03-02,8.51878790765634
2016-03-03,9.28491024430157
2016-03-04,9.97869814319112
2016-03-05,10.7510062758621
2016-03-06,10.9844067209234
2016-03-07,9.47688401578024
2016-03-08,9.7728496277031
2016-03-09,11.8170986516657
2016-03-10,11.1656511233197
2016-03-11,11.122905396844
2016-03-12,13.283658818235
2016-03-13,14.3400544862653
2016-03-14,12.311385849211
2016-03-15,13.0422990222092
2016-03-16,12.7028209514904
2016-03-17,11.0503306107539
2016-03-18,10.8461398468732
2016-03-19,10.5016330590298
2016-03-20,10.2405717878434
2016-03-21,11.8347655233781
2016-03-22,11.2960089403857
2016-03-23,12.4052275651666
2016-03-24,11.167820943308
2016-03-25,10.6561121274109
2016-03-26,11.0021322945646
2016-03-27,10.3864397071888
2016-03-28,11.6568222752776
2016-03-29,11.6889505213326
2016-03-30,11.8662580976037
2016-03-31,11.3805020005845
2016-04-01,11.634682565751
2016-04-02,11.6253264757452
2016-04-03,11.6097399362946
2016-04-04,11.1254464348334
2016-04-05,10.4364448877849
2016-04-06,10.7240740794857
2016-04-07,10.0923154412624
2016-04-08,9.71449246171829
2016-04-09,9.10883037872589
2016-04-10,8.87182292402104
2016-04-11,8.69525671537113
2016-04-12,7.4949641735827
2016-04-13,8.04542446054939
2016-04-14,8.45583827527761
2016-04-15,8.21057201344243
2016-04-16,8.57401139099942
2016-04-17,9.33850245178258
2016-04-18,8.98708852425482
2016-04-19,8.74754864932788
2016-04-20,8.50508721332554
2016-04-21,8.15181716540035
2016-04-22,7.90673911747516
2016-04-23,8.41247736469901
2016-04-24,8.00785114552893
2016-04-25,7.51964895265927
2016-04-26,7.43243647223846
2016-04-27,7.79292508533022
2016-04-28,7.25401684395091
2016-04-29,7.4498408755114
2016-04-30,8.81711589421391
2016-05-01,8.77974883343074
2016-05-02,10.0712527831677
2016-05-03,9.36254626475746
2016-05-04,9.37736405669199
2016-05-05,9.76751992986558
2016-05-06,9.37613761835184
2016-05-07,9.38955362945646
2016-05-08,9.50255639976622
2016-05-09,9.35556831794272
2016-05-10,9.39206859146698
2016-05-11,9.93194304792519
2016-05-12,10.0866100637054
2016-05-13,10.6019870642899
2016-05-14,10.2316977346581
2016-05-15,9.98070815254237
2016-05-16,11.114176936879
2016-05-17,12.1861296873174
2016-05-18,13.3669491794272
2016-05-19,14.4955469053185
2016-05-20,13.6553194693162
2016-05-21,14.0069761648159
2016-05-22,14.2251007592051
2016-05-23,13.3380535230859
2016-05-24,12.7534579099942
2016-05-25,12.5230016165985
2016-05-26,12.5269520222092
2016-05-27,11.2072346171829
2016-05-28,11.8741358088837
2016-05-29,12.382008962595
2016-05-30,12.6808595523086
2016-05-31,14.0467417369959
2016-06-01,13.9132192115722
2016-06-02,13.8279425201636
2016-06-03,13.8905734938632
2016-06-04,13.7240073641146
2016-06-05,13.932690873758
2016-06-06,13.9915409222677
2016-06-07,14.5364203635301
2016-06-08,14.5036702378726
2016-06-09,14.4792054728229
2016-06-10,13.9494789590883
2016-06-11,14.2295804792519
2016-06-12,15.7741600157802
2016-06-13,17.6730242136178
2016-06-14,18.7374935756867
2016-06-15,18.4093292127411
2016-06-16,20.728866373758
2016-06-17,15.4545176265342
2016-06-18,11.2595861858562
2016-06-19,12.3184533749269
2016-06-20,11.6931481367621
2016-06-21,13.0507380344828
2016-06-22,13.2261549602572
2016-06-23,13.7982121712449
2016-06-24,14.3846063056692
2016-06-25,14.348954899474
2016-06-26,13.8508364576271
2016-06-27,14.0692094097019
2016-06-28,12.1880433097604
2016-06-29,12.7123285505552
2016-06-30,12.4567760923437
2016-07-01,12.2765263693746
2016-07-02,12.1115057475161
2016-07-03,11.808243704851
2016-07-04,11.4185644190532
2016-07-05,10.5196850140269
2016-07-06,10.5590482302747
2016-07-07,10.1132561992987
2016-07-08,11.3497097738165
2016-07-09,10.9529740350672
2016-07-10,10.9615454120397
2016-07-11,10.5665038094681
2016-07-12,10.5533483343074
2016-07-13,10.4472725622443
2016-07-14,11.5363697253068
2016-07-15,11.9935055680888
2016-07-16,11.7186658790181
2016-07-17,11.256689301578
2016-07-18,11.082677006429
2016-07-19,11.6756251139684
2016-07-20,12.5035100672122
2016-07-21,12.7455916423144
2016-07-22,14.824882893045
2016-07-23,14.4444565990649
2016-07-24,12.7206305338983
2016-07-25,13.8402949456458
2016-07-26,11.9632849389246
2016-07-27,13.0615638901227
2016-07-28,12.8882031560491
2016-07-29,12.8780128211572
2016-07-30,12.5187606575102
2016-07-31,11.9461159415546
2016-08-01,11.0070294517826
2016-08-02,8.35610662244301
2016-08-03,10.5420244903565
2016-08-04,11.2604717407949
2016-08-05,11.1665537159556
2016-08-06,10.9901114880187
2016-08-07,11.0233006756283
2016-08-08,11.3098848924605
2016-08-09,12.3070738457043
2016-08-10,12.094597383986
2016-08-11,11.7053606078317
2016-08-12,11.7980366867329
2016-08-13,11.5771173313852
2016-08-14,11.2605888357686
2016-08-15,11.1594932787843
2016-08-16,11.1599375049679
2016-08-17,10.8013383448276
2016-08-18,10.7569965517241
2016-08-19,10.7463138515488
2016-08-20,11.2954566779661
2016-08-21,11.1615502969024
2016-08-22,11.0871430450029
2016-08-23,10.9988015020456
2016-08-24,11.0160879602572
2016-08-25,11.3389093699591
2016-08-26,11.2794702279369
2016-08-27,11.1837917556984
2016-08-28,11.0071141431911
2016-08-29,10.9581454997078
2016-08-30,11.2509861542957
2016-08-31,11.6065258129749
2016-09-01,12.1157511525424
2016-09-02,12.1418857457627
2016-09-03,11.8944626241964
2016-09-04,11.7517066943308
2016-09-05,11.7740570724722
2016-09-06,11.7258868883694
2016-09-07,11.586400940678
2016-09-08,11.4100041174752
2016-09-09,11.6603326066628
2016-09-10,12.1512841496201
2016-09-11,11.6625664564582
2016-09-12,11.9029244231444
2016-09-13,11.9358937463472
2016-09-14,11.9219326843951
2016-09-15,11.9770412472238
2016-09-16,12.6065540923437
2016-09-17,12.8097695207481
2016-09-18,12.4434286271186
2016-09-19,13.0277880993571
2016-09-20,14.7165246510812
2016-09-21,13.7703979170076
2016-09-22,13.1966770894214
2016-09-23,13.3695272238457
2016-09-24,12.9613744593805
2016-09-25,13.085549912332
2016-09-26,12.862145917592
2016-09-27,13.0980911209819
2016-09-28,13.3183411092928
2016-09-29,13.133496025716
2016-09-30,13.2596977603741
2016-10-01,13.2374148895383
2016-10-02,13.2839713617767
2016-10-03,13.5005305698422
2016-10-04,13.3260360841613
2016-10-05,13.0834668217417
2016-10-06,12.8729818819404
2016-10-07,12.6904481753361
2016-10-08,12.2435036364699
2016-10-09,12.0857872589129
2016-10-10,11.7732482127411
2016-10-11,11.7647782507306
2016-10-12,11.8266073921683
2016-10-13,11.9585693606078
2016-10-14,11.9049818819404
2016-10-15,11.957119257744
2016-10-16,11.96180171128
2016-10-17,11.9689210987727
2016-10-18,12.5500731595558
2016-10-19,11.9925057539451
2016-10-20,12.0624716101695
2016-10-21,12.0819085330216
2016-10-22,12.043858585038
2016-10-23,11.9570144576271
2016-10-24,11.9264431618936
2016-10-25,11.3266441046172
2016-10-26,11.4940479836353
2016-10-27,11.4758968591467
2016-10-28,11.1283608649912
2016-10-29,10.4133396382233
2016-10-30,11.2365086464056
2016-10-31,10.976982628872
2016-11-01,10.8072025587376
2016-11-02,10.8340809251899
2016-11-03,10.8688609450614
2016-11-04,11.1541980824079
2016-11-05,11.1425230835769
2016-11-06,10.9939136177674
2016-11-07,10.9156866861485
2016-11-08,10.8588094389246
2016-11-09,10.6574666475745
2016-11-10,10.5204114956166
2016-11-11,10.290054452367
2016-11-12,9.88841032670953
2016-11-13,10.1176767387493
2016-11-14,10.0172283571011
2016-11-15,10.2417277703098
2016-11-16,10.0225825832846
2016-11-17,9.93872796025716
2016-11-18,9.51819493395675
2016-11-19,9.7004858679135
2016-11-20,9.58891222559906
2016-11-21,9.53756317708942
2016-11-22,9.85380703156049
2016-11-23,9.79015008942139
2016-11-24,9.22138124488603
2016-11-25,9.41386307305669
2016-11-26,9.31205627118644
2016-11-27,8.91463851198129
2016-11-28,8.68169444944477
2016-11-29,8.16833660783168
2016-11-30,8.60721732904734
2016-12-01,8.45638715955582
2016-12-02,7.67124288720047
2016-12-03,7.89398178550555
2016-12-04,7.47449172238457
2016-12-05,6.73351910169491
2016-12-06,7.7770034289889
2016-12-07,8.35538933781414
2016-12-08,8.26426946493279
2016-12-09,8.49242592811222
2016-12-10,8.12186280713033
2016-12-11,8.2296987445938
2016-12-12,8.52116493980129
2016-12-13,8.41006104558737
2016-12-14,8.239893685564
2016-12-15,7.81254800701344
2016-12-16,7.8575081987142
2016-12-17,7.79680409760374
2016-12-18,7.90739229719462
2016-12-19,7.60991483635301
2016-12-20,7.62558996580947
2016-12-21,7.88992567153711
2016-12-22,7.58389207481006
2016-12-23,7.16697962127411
2016-12-24,7.24266080187025
2016-12-25,7.20134819403857
2016-12-26,7.24033197545295
2016-12-27,7.15374168614845
2016-12-28,7.62361589012274
2016-12-29,8.30259408708358
2016-12-30,8.21893582700175
2016-12-31,8.12632962185856
2017-01-01,8.17785176797195
2017-01-02,8.3784564868498
2017-01-03,9.69747177030976
2017-01-04,11.0686323909994
2017-01-05,10.2247939114553
2017-01-06,10.1258320169492
2017-01-07,9.92474459380479
2017-01-08,10.4385973290473
2017-01-09,10.3648285651666
2017-01-10,10.6283672121566
2017-01-11,9.97243464874343
2017-01-12,9.77226410344828
2017-01-13,9.81302504967855
2017-01-14,9.77886792986558
2017-01-15,9.87137750146113
2017-01-16,9.61363526943308
2017-01-17,10.2436392735243
2017-01-18,10.2417576405611
2017-01-19,10.4345745926359
2017-01-20,10.6508334517826
2017-01-21,10.9621638223261
2017-01-22,10.7040929427236
2017-01-23,10.7988108357686
2017-01-24,10.545993207481
2017-01-25,10.5133496668615
2017-01-26,10.6258650140269
2017-01-27,10.5341234798364
2017-01-28,10.5638735827002
2017-01-29,10.4949952659264
2017-01-30,10.5793407966102
2017-01-31,10.7060901987142
2017-02-01,10.7228105669199
2017-02-02,10.8279625645821
2017-02-03,10.9571067597896
2017-02-04,11.3959769257744
2017-02-05,11.2444300976037
2017-02-06,11.3366601163063
2017-02-07,11.4869003085915
2017-02-08,11.4007932261835
2017-02-09,10.9898948129749
2017-02-10,11.3733687919345
2017-02-11,11.4835259848042
2017-02-12,11.4637379637639
2017-02-13,11.3888621858562
2017-02-14,13.0940965563998
2017-02-15,13.0142665108124
2017-02-16,12.8854819877265
2017-02-17,12.774232597896
2017-02-18,12.8982752191701
2017-02-19,12.8614133553478
2017-02-20,12.7023435815313
2017-02-21,12.8127439205143
2017-02-22,12.7348605955582
2017-02-23,13.2532427001753
2017-02-24,13.1775699006429
2017-02-25,13.6454301665693
2017-02-26,14.6590073091759
2017-02-27,15.6568423302162
2017-02-28,15.6533547393337
2017-03-01,17.2656843547633
2017-03-02,19.204561207481
2017-03-03,19.6547031858562
2017-03-04,18.6842248883694
2017-03-05,19.3011112244302
2017-03-06,19.7310337568673
2017-03-07,18.8391078433665
2017-03-08,16.6778201776739
2017-03-09,17.798087509059
2017-03-10,19.1809420046756
2017-03-11,21.4462162478083
2017-03-12,23.2196188281707
2017-03-13,28.5448137270602
2017-03-14,28.5762455482174
2017-03-15,34.6731720058445
2017-03-16,44.7765893758036
2017-03-17,44.127845295149
2017-03-18,32.2416653909994
2017-03-19,43.3432976668615
2017-03-20,41.8270432928112
2017-03-21,42.3989190461718
2017-03-22,41.1990631186441
2017-03-23,43.140975748685
2017-03-24,52.9880817066043
2017-03-25,50.1573111630625
2017-03-26,50.380642766803
2017-03-27,48.8407655622443
2017-03-28,50.2165826206897
2017-03-29,52.9549353074226
2017-03-30,51.8379855821157
2017-03-31,50.0319167153711
2017-04-01,50.6856101426067
2017-04-02,48.7942622232613
2017-04-03,44.1242026744594
2017-04-04,44.2334705575687
2017-04-05,45.345952899474
2017-04-06,43.2308226411455
2017-04-07,42.4313812974869
2017-04-08,44.6247199088253
2017-04-09,43.9210733267095
2017-04-10,43.9867391759205
2017-04-11,43.9088074582116
2017-04-12,46.356845351841
2017-04-13,49.9132952574518
2017-04-14,47.1097739795441
2017-04-15,49.1234506072472
2017-04-16,48.1771319462303
2017-04-17,47.8490843132671
2017-04-18,49.8912425108124
2017-04-19,48.0668974666862
2017-04-20,49.3441459731151
2017-04-21,48.5441502594974
2017-04-22,48.6126565376973
2017-04-23,48.8707930379895
2017-04-24,50.1052582127411
2017-04-25,50.2949234336645
2017-04-26,53.5068268007014
2017-04-27,63.3839737416715
2017-04-28,73.2896960841613
2017-04-29,70.4783451390999
2017-04-30,80.5040275862069
2017-05-01,78.3656599269433
2017-05-02,77.6578077147867
2017-05-03,81.155050748685
2017-05-04,95.4461979970777
2017-05-05,91.2619477144945
2017-05-06,95.5202134447691
2017-05-07,76.6355311633548
2017-05-08,89.3967222244301
2017-05-09,86.2167880181181
2017-05-10,88.0493733267096
2017-05-11,88.2398370724722
2017-05-12,85.485073163647
2017-05-13,88.2832749123319
2017-05-14,89.4800016691993
2017-05-15,90.8514018176505
2017-05-16,88.2582728825248
2017-05-17,86.8320563541789
2017-05-18,95.83543393045
2017-05-19,124.608196428989
2017-05-20,124.620777756867
2017-05-21,147.731762711864
2017-05-22,153.63485777557
2017-05-23,169.076412100526
2017-05-24,191.874668920514
2017-05-25,180.691296002338
2017-05-26,164.60314556692
2017-05-27,155.72604947107
2017-05-28,173.216734450029
2017-05-29,193.881140413501
2017-05-30,228.073706624196
2017-05-31,229.102651646406
2017-06-01,220.986285654588
2017-06-02,221.467074215663
2017-06-03,224.307389632379
2017-06-04,245.468700092928
2017-06-05,248.05642671128
2017-06-06,264.404235562244
2017-06-07,256.981876225599
2017-06-08,258.372808144944
2017-06-09,278.428987158387
2017-06-10,344.951987142022
2017-06-11,344.026909994155
2017-06-12,389.19372150789
2017-06-13,387.25153943834
2017-06-14,341.446636869375
2017-06-15,342.119337795441
2017-06-16,352.629732300117
2017-06-17,368.03726914436
2017-06-18,350.534463086499
2017-06-19,357.681361649328
2017-06-20,349.288913500877
2017-06-21,320.277859038574
2017-06-22,320.145963176505
2017-06-23,325.991536277031
2017-06-24,304.768927811221
2017-06-25,276.242345104617
2017-06-26,255.033414298656
2017-06-27,281.08192129398
2017-06-28,317.776258400351
2017-06-29,293.999290413793
2017-06-30,276.846878461718
2017-07-01,261.219362042665
2017-07-02,286.533256667446
2017-07-03,276.381727718293
2017-07-04,269.404834744594
2017-07-05,266.262281550555
2017-07-06,266.656013065459
2017-07-07,240.161421859147
2017-07-08,244.196069263004
2017-07-09,237.960754773232
2017-07-10,203.667605391584
2017-07-11,192.891972717709
2017-07-12,220.375114831385
2017-07-13,205.861691116014
2017-07-14,197.24683492519
2017-07-15,170.574619883109
2017-07-16,155.12095854062
2017-07-17,189.221658703682
2017-07-18,228.78765892519
2017-07-19,191.651705937463
2017-07-20,224.107144172414
2017-07-21,216.214063375804
2017-07-22,231.983774798363
2017-07-23,228.563602995324
2017-07-24,225.714163052016
2017-07-25,204.267246499123
2017-07-26,202.456667746347
2017-07-27,202.88998441204
2017-07-28,191.488124044418
2017-07-29,205.994907945646
2017-07-30,196.771915156049
2017-07-31,200.760819609001
2017-08-01,225.735534699591
2017-08-02,217.584664142607
2017-08-03,224.028898297195
2017-08-04,221.471094210403
2017-08-05,248.939666132671
2017-08-06,266.031145936879
2017-08-07,269.646053845704
2017-08-08,294.522035516072
2017-08-09,296.828835021625
2017-08-10,301.437411189947
2017-08-11,309.864902527177
2017-08-12,309.254121247516
2017-08-13,297.04311033986
2017-08-14,299.899655571596
2017-08-15,286.238491115137
2017-08-16,300.581495599649
2017-08-17,301.525778841613
2017-08-18,292.570930255406
2017-08-19,294.006381612507
2017-08-20,297.946730439509
2017-08-21,320.268020935126
2017-08-22,314.667140353594
2017-08-23,317.911476100818
2017-08-24,324.404678510228
2017-08-25,330.229825942724
2017-08-26,332.432620397428
2017-08-27,345.159394547049
2017-08-28,347.312148939801
2017-08-29,373.270473714202
2017-08-30,385.096362653419
2017-08-31,388.628983109293
2017-09-01,391.600977030976
2017-09-02,349.100817241379
2017-09-03,352.873988895383
2017-09-04,313.259609643483
2017-09-05,321.673799707773
2017-09-06,338.424651081239
2017-09-07,336.414099064874
2017-09-08,310.01521244886
2017-09-09,305.233473699591
2017-09-10,301.328705435418
2017-09-11,298.009521917008
2017-09-12,293.927871127995
2017-09-13,276.957384570427
2017-09-14,225.336907948568
2017-09-15,258.900247808299
2017-09-16,255.184495616599
2017-09-17,259.595284921099
2017-09-18,296.59002980713
2017-09-19,284.68624050263
2017-09-20,284.783950029223
2017-09-21,258.71685534775
2017-09-22,263.592519286967
2017-09-23,285.098802746932
2017-09-24,284.710706604325
2017-09-25,294.606179135009
2017-09-26,288.873323495032
2017-09-27,310.386890707189
2017-09-28,302.473999707773
2017-09-29,291.483834891876
2017-09-30,301.653574810053
2017-10-01,302.921215371128
2017-10-02,296.383131209819
2017-10-03,291.627101987142
2017-10-04,292.153131209819
2017-10-05,295.104265926359
2017-10-06,307.36563383986
2017-10-07,311.539527761543
2017-10-08,308.811207773232
2017-10-09,296.16992226768
2017-10-10,297.805755406195
2017-10-11,302.037225599065
2017-10-12,302.722357977791
2017-10-13,336.118935417884
2017-10-14,339.239905902981
2017-10-15,335.292906779661
2017-10-16,334.387035067212
2017-10-17,315.673910286382
2017-10-18,313.292919637639
2017-10-19,308.361189362946
2017-10-20,304.104843950906
2017-10-21,299.96448918761
2017-10-22,294.862483343074
2017-10-23,285.272274400935
2017-10-24,297.201345119813
2017-10-25,297.963974576271
2017-10-26,296.136726183518
2017-10-27,297.075979836353
2017-10-28,295.060524254822
2017-10-29,304.336856808884
2017-10-30,306.156846873174
2017-10-31,304.758790181181
2017-11-01,290.520131209819
2017-11-02,284.507127410871
2017-11-03,305.85942402104
2017-11-04,300.036860023378
2017-11-05,296.308627410871
2017-11-06,297.987309468147
2017-11-07,292.059068381064
2017-11-08,309.827165692577
2017-11-09,319.44557685564
2017-11-10,299.664234365868
2017-11-11,316.147826125073
2017-11-12,307.17681823495
2017-11-13,315.537040327294
2017-11-14,334.214478959673
2017-11-15,330.784093804793
2017-11-16,329.662060490941
2017-11-17,332.276588836937
2017-11-18,347.42983635301
2017-11-19,355.932445353594
2017-11-20,369.559533606078
2017-11-21,361.197126534191
2017-11-22,380.819107247224
2017-11-23,414.980221215664
2017-11-24,473.450565458796
2017-11-25,466.802904734074
2017-11-26,472.277975452952
2017-11-27,477.648246639392
2017-11-28,467.924269725307
2017-11-29,429.046690531853
2017-11-30,438.558600233781
2017-12-01,461.586232320281
2017-12-02,459.85709585038
2017-12-03,464.386072764465
2017-12-04,466.900428404442
2017-12-05,458.076665400351
2017-12-06,434.233698714202
2017-12-07,431.749817066043
2017-12-08,462.933985680888
2017-12-09,483.060178842782
2017-12-10,444.877736995909
2017-12-11,506.33839333723
2017-12-12,683.905956165985
2017-12-13,701.59801899474
2017-12-14,698.089197545295
2017-12-15,689.464290181181
2017-12-16,697.827856516657
2017-12-17,729.331224722384
2017-12-18,787.728504091175
2017-12-19,823.847225599065
2017-12-20,797.287250730567
2017-12-21,793.748969023963
2017-12-22,682.334545879603
2017-12-23,725.150860023378
2017-12-24,688.890793687902
2017-12-25,737.894633255406
2017-12-26,750.003065166569
2017-12-27,740.721733489188
2017-12-28,716.352512273524
2017-12-29,747.100341320865
2017-12-30,713.782832554062
2017-12-31,742.255464932788
2018-01-01,756.071765634132
2018-01-02,863.918307714787
2018-01-03,943.648126241964
2018-01-04,952.354543541789
2018-01-05,958.55284628872
2018-01-06,1006.15747457627
2018-01-07,1102.88953652835
2018-01-08,1134.69905990649
2018-01-09,1288.40687521917
2018-01-10,1231.76729456458
2018-01-11,1128.56387580362
2018-01-12,1257.23113442431
2018-01-13,1380.14454091175
2018-01-14,1361.91507568673
2018-01-15,1281.72139830508
2018-01-16,1061.18708854471
2018-01-17,1012.62289070719
2018-01-18,1018.76687463472
2018-01-19,1029.93438457043
2018-01-20,1151.94553243717
2018-01-21,1039.42323290473
2018-01-22,992.037435710111
2018-01-23,985.212768264173
2018-01-24,1047.12019959088
2018-01-25,1043.62177206312
2018-01-26,1040.46817066043
2018-01-27,1092.768235827
2018-01-28,1214.83129924021
2018-01-29,1162.00829953244
2018-01-30,1051.93348831093
2018-01-31,1096.25005698422
2018-02-01,1019.17100789012
2018-02-02,912.820928696668
2018-02-03,960.893826125073
2018-02-04,836.672457334892
2018-02-05,692.76282729398
2018-02-06,789.043020748101
2018-02-07,754.536574810053
2018-02-08,808.450633547633
2018-02-09,873.56737434249
2018-02-10,850.714849503214
2018-02-11,814.783270894214
2018-02-12,867.572440385739
2018-02-13,840.090783752192
2018-02-14,920.463681472823
2018-02-15,929.869215663355
2018-02-16,939.339457334892
2018-02-17,975.231806253653
2018-02-18,915.310905610754
2018-02-19,937.840183226184
2018-02-20,885.553141145529
2018-02-21,840.667042957335
2018-02-22,807.076898889538
2018-02-23,855.767194038574
2018-02-24,834.00284628872
2018-02-25,842.311720046756
2018-02-26,865.863039158387
2018-02-27,875.052981881941
2018-02-28,851.323646405611
2018-03-01,869.302266803039
2018-03-02,855.352857685564
2018-03-03,854.387569549971
2018-03-04,861.13072238457
2018-03-05,851.608753068381
2018-03-06,812.346192869667
2018-03-07,751.754232028054
2018-03-08,699.337428988895
2018-03-09,725.310906779661
2018-03-10,684.880582115722
2018-03-11,718.054689655172
2018-03-12,696.739231151374
2018-03-13,689.902102571596
2018-03-14,612.332631502046
2018-03-15,611.166275862069
2018-03-16,604.484301870251
2018-03-17,550.865004091175
2018-03-18,538.26132817066
2018-03-19,550.138212741087
2018-03-20,555.636667153711
2018-03-21,557.397838983051
2018-03-22,539.114045295149
2018-03-23,537.592859731151
2018-03-24,525.082402980713
2018-03-25,522.222801870251
2018-03-26,489.817600526008
2018-03-27,450.549594389246
2018-03-28,445.458083576856
2018-03-29,385.35647019287
2018-03-30,392.467127703098
2018-03-31,394.512378141438
2018-04-01,378.066090298071
2018-04-02,383.397693746347
2018-04-03,415.214929865576
2018-04-04,378.529877264757
2018-04-05,382.700794272355
2018-04-06,369.936752776154
2018-04-07,384.50724956166
2018-04-08,399.415550847458
2018-04-09,396.165397136178
2018-04-10,413.452699298656
2018-04-11,429.797426651081
2018-04-12,493.565206604325
2018-04-13,496.317744301578
2018-04-14,503.221350964348
2018-04-15,531.263950029223
2018-04-16,510.983758328463
2018-04-17,502.126641437756
2018-04-18,524.994593804793
2018-04-19,566.582526300409
2018-04-20,616.317340736412
2018-04-21,605.396331092928
2018-04-22,621.139101402688
2018-04-23,642.581729398013
2018-04-24,705.007020455874
2018-04-25,614.546471654004
2018-04-26,661.796761835184
2018-04-27,648.91000087668
2018-04-28,682.535550555231
2018-04-29,688.306110169492
2018-04-30,667.063407656341
2018-05-01,671.531682349503
2018-05-02,686.611843366452
2018-05-03,778.377544126242
2018-05-04,783.391213617767
2018-05-05,811.356392168323
2018-05-06,784.875179719462
2018-05-07,747.835312098188
2018-05-08,751.6712314436
2018-05-09,748.334789596727
2018-05-10,725.943168907072
2018-05-11,679.532485680888
2018-05-12,685.777640268849
2018-05-13,731.426734365868
2018-05-14,726.421808883694
2018-05-15,706.471170660433
2018-05-16,705.390606954997
2018-05-17,668.044736995909
2018-05-18,693.651683810637
2018-05-19,693.809580654588
2018-05-20,713.591691408533
2018-05-21,697.845526008182
2018-05-22,643.667876680304
2018-05-23,578.229988603156
2018-05-24,600.610572764465
2018-05-25,578.594272939801
2018-05-26,584.287411455289
2018-05-27,570.388842781999
2018-05-28,513.597075102279
2018-05-29,563.903260958504
2018-05-30,556.762384570427
2018-05-31,575.469864699006
2018-06-01,578.827563997662
2018-06-02,591.811959088253
2018-06-03,618.232842781999
2018-06-04,589.882670660433
2018-06-05,607.180310344827
2018-06-06,605.429444769141
2018-06-07,602.159334015196
2018-06-08,600.128180596143
2018-06-09,595.953623319696
2018-06-10,521.276917299825
2018-06-11,529.37152893045
2018-06-12,489.836085330216
2018-06-13,474.450975160725
2018-06-14,517.722229105786
2018-06-15,486.499246347165
2018-06-16,497.322004675628
2018-06-17,495.830741087084
2018-06-18,516.850604032729
2018-06-19,537.07477936879
2018-06-20,535.268937755699
2018-06-21,525.611178258329
2018-06-22,462.967082700175
2018-06-23,475.24524050263
2018-06-24,454.388768264173
2018-06-25,459.194290181181
2018-06-26,432.493081531268
2018-06-27,441.675166861485
2018-06-28,419.791454120397
2018-06-29,436.736421098773
2018-06-30,451.723416715371
2018-07-01,451.798441554646
2018-07-02,475.989448568089
2018-07-03,461.751690239626
2018-07-04,465.729150204559
2018-07-05,467.058666277031
2018-07-06,468.512964640561
2018-07-07,480.533474868498
2018-07-08,486.132053769725
2018-07-09,471.721562536528
2018-07-10,433.128439216832
2018-07-11,446.347075394506
2018-07-12,423.881741963764
2018-07-13,431.35368264173
2018-07-14,433.919185856225
2018-07-15,448.72806779661
2018-07-16,477.365285797779
2018-07-17,499.438759789597
2018-07-18,479.001641145529
2018-07-19,468.405446814728
2018-07-20,447.55797194623
2018-07-21,461.986799532437
2018-07-22,457.135277907656
2018-07-23,448.955673290473
2018-07-24,478.036987726476
2018-07-25,472.696508474576
2018-07-26,463.433338690824
2018-07-27,469.311792811221
2018-07-28,467.32178842782
2018-07-29,466.918763588545
2018-07-30,455.8956735827
2018-07-31,431.798523670368
2018-08-01,419.019926651081
2018-08-02,410.974208357686
2018-08-03,417.253495616598
2018-08-04,406.419219462303
2018-08-05,408.949922852133
2018-08-06,405.378087375804
2018-08-07,378.559632086499
2018-08-08,354.369194330801
2018-08-09,365.001145821157
2018-08-10,330.642003798948
2018-08-11,322.902082700175
2018-08-12,317.954640561075
2018-08-13,284.391617767387
2018-08-14,276.242141729982
2018-08-15,281.149638515488
2018-08-16,285.766308007013
2018-08-17,314.950714786674
2018-08-18,295.433896551724
2018-08-19,300.065017241379
2018-08-20,271.61710578609
2018-08-21,280.940823787259
2018-08-22,270.081112799532
2018-08-23,275.208127703098
2018-08-24,281.684925482174
2018-08-25,278.42391320865
2018-08-26,273.289948860316
2018-08-27,284.203754821742
2018-08-28,296.625988895383
2018-08-29,288.599854763296
2018-08-30,283.884303331385
2018-08-31,282.215765341905
2018-09-01,294.940272063121
2018-09-02,293.788012565751
2018-09-03,288.642138223261
2018-09-04,285.306009643483
2018-09-05,234.201679135009
2018-09-06,229.094761250731
2018-09-07,215.279640853302
2018-09-08,196.648755990649
2018-09-09,195.588831677382
2018-09-10,196.122111922852
2018-09-11,184.303709818819
2018-09-12,182.668748392753
2018-09-13,212.601965517241
2018-09-14,211.697804208065
2018-09-15,222.813010520164
2018-09-16,220.022490356517
2018-09-17,196.811666861485
2018-09-18,209.519992986558
2018-09-19,209.085130625365
2018-09-20,223.652088544711
2018-09-21,246.733348918761
2018-09-22,240.176264465225
2018-09-23,244.650700467563
2018-09-24,227.800091466978
2018-09-25,217.622940093513
2018-09-26,215.031261835184
2018-09-27,228.436735242548
2018-09-28,221.042023962595
2018-09-29,231.326054646406
2018-09-30,232.215880479252
2018-10-01,229.918147282291
2018-10-02,225.34053798948
2018-10-03,218.985656049094
2018-10-04,220.934906487434
2018-10-05,226.533247516073
2018-10-06,223.670021040327
2018-10-07,224.381154003507
2018-10-08,227.629361484512
2018-10-09,226.366257451783
2018-10-10,223.637414962011
2018-10-11,190.503173290473
2018-10-12,194.233684102864
2018-10-13,196.640900350672
2018-10-14,192.082561659848
2018-10-15,204.845595265926
2018-10-16,205.678965517241
2018-10-17,203.589184395091
2018-10-18,199.104167738165
2018-10-19,200.18542226768
2018-10-20,202.620590298071
2018-10-21,202.197792518995
2018-10-22,200.986967855056
2018-10-23,201.106208649912
2018-10-24,200.548608123904
2018-10-25,199.862744593805
2018-10-26,200.622661601403
2018-10-27,201.418418468732
2018-10-28,202.451103156049
2018-10-29,194.321351256575
2018-10-30,195.65895295149
2018-10-31,196.897931911163
2018-11-01,197.8192106955
2018-11-02,199.850372589129
2018-11-03,198.354677381648
2018-11-04,209.989572764465
2018-11-05,208.075581531268
2018-11-06,218.089755698422
2018-11-07,216.783056399766
2018-11-08,210.643103448276
2018-11-09,208.102855932203
2018-11-10,210.56486528346
2018-11-11,209.064253652835
2018-11-12,208.28941233197
2018-11-13,203.619797194623
2018-11-14,176.673708649912
2018-11-15,177.585899766219
2018-11-16,172.027222969024
2018-11-17,172.325834307423
2018-11-18,174.887517533606
2018-11-19,146.837374634717
2018-11-20,126.699694038574
2018-11-21,134.894838690824
2018-11-22,124.98310666277
2018-11-23,121.464526884863
2018-11-24,111.207919345412
2018-11-25,114.328124196376
2018-11-26,105.976193161894
2018-11-27,108.939132963179
2018-11-28,120.843035651666
2018-11-29,116.45006779661
2018-11-30,111.631448568089
2018-12-01,116.974022793688
2018-12-02,114.873848918761
2018-12-03,107.436093804792
2018-12-04,108.393074225599
2018-12-05,101.132688778492
2018-12-06,90.8128144360023
2018-12-07,92.1289161309176
2018-12-08,90.5991420222092
2018-12-09,92.9939959088252
2018-12-10,89.3385888369375
2018-12-11,87.1420371127995
2018-12-12,88.8542311513735
2018-12-13,85.0300748100526
2018-12-14,83.0865353594389
2018-12-15,82.8301902396259
2018-12-16,83.7853918760959
2018-12-17,93.8437010520164
2018-12-18,100.277705143191
2018-12-19,99.9495049678551
2018-12-20,114.083974868498
2018-12-21,107.811862068966
2018-12-22,115.230315897136
2018-12-23,129.693795441262
2018-12-24,140.372449444769
2018-12-25,127.919814436002
2018-12-26,130.30945119813
2018-12-27,114.117396551724
2018-12-28,135.222091759205
2018-12-29,140.09879836353
2018-12-30,138.401716247808
2018-12-31,130.790460549386
2019-01-01,139.154644360023
2019-01-02,154.426368790181
2019-01-03,147.06208679135
2019-01-04,153.442376972531
2019-01-05,154.301756867329
2019-01-06,155.940283167738
2019-01-07,150.346131794272
2019-01-08,149.052762711864
2019-01-09,149.62985622443
2019-01-10,126.929803915839
2019-01-11,124.970574225599
2019-01-12,124.329310637054
2019-01-13,115.339895382817
2019-01-14,128.323583869082
2019-01-15,120.32987609585
2019-01-16,122.420913793103
2019-01-17,122.647751607247
2019-01-18,119.485191408533
2019-01-19,123.487991233197
2019-01-20,117.515231735827
2019-01-21,115.918843074226
2019-01-22,117.97571975453
2019-01-23,116.313436586791
2019-01-24,116.326357977791
2019-01-25,114.967366452367
2019-01-26,115.040040035067
2019-01-27,111.82207685564
2019-01-28,105.667155756867
2019-01-29,104.227875803624
2019-01-30,107.66988603156
2019-01-31,105.739236119229
2019-02-01,106.634947691409
2019-02-02,108.571131794272
2019-02-03,106.021722676797
2019-02-04,106.026675628288
2019-02-05,106.135586499123
2019-02-06,103.394712156634
2019-02-07,103.299053769725
2019-02-08,117.501485096435
2019-02-09,118.103963471654
2019-02-10,123.577868205728
2019-02-11,119.726615429573
2019-02-12,120.828701928697
2019-02-13,120.690225891292
2019-02-14,119.68091320865
2019-02-15,120.360025423729
2019-02-16,121.804881063705
2019-02-17,132.80649006429
2019-02-18,144.415395967271
2019-02-19,143.137295733489
2019-02-20,147.192143483343
2019-02-21,143.601283459965
2019-02-22,147.063304208065
2019-02-23,157.5305
2019-02-24,135.383128872005
2019-02-25,137.924874926943
2019-02-26,135.725916130918
2019-02-27,133.996758912916
2019-02-28,134.754724137931
2019-03-01,134.864564582116
2019-03-02,132.19729748685
2019-03-03,129.645783752192
2019-03-04,125.120439509059
2019-03-05,135.707658971362
2019-03-06,137.182303915839
2019-03-07,136.142440677966
2019-03-08,132.441421098773
2019-03-09,136.296960841613
2019-03-10,135.225663062537
2019-03-11,132.080107539451
2019-03-12,132.696165108124
2019-03-13,131.13371244886
2019-03-14,131.309282583285
2019-03-15,135.602942723553
2019-03-16,140.628877556984
2019-03-17,138.143052308591
2019-03-18,137.063216247808
2019-03-19,137.928077147867
2019-03-20,138.685892460549
2019-03-21,134.586574225599
2019-03-22,135.893367913501
2019-03-23,136.475040619521
2019-03-24,135.419440385739
2019-03-25,133.093157802455
2019-03-26,133.164339859731
2019-03-27,139.21530742256
2019-03-28,137.336611922852
2019-03-29,142.368977498539
2019-03-30,142.107745178258
2019-03-31,141.27678515488
2019-04-01,141.295688778492
2019-04-02,165.466880479252
2019-04-03,160.239572764465
2019-04-04,157.865736879018
2019-04-05,165.938985388662
2019-04-06,165.408794856809
2019-04-07,174.463659555815
2019-04-08,180.779501168907
2019-04-09,175.957886616014
2019-04-10,177.474878959673
2019-04-11,165.550361192285
2019-04-12,164.89181735827
2019-04-13,164.128659263589
2019-04-14,168.013099064874
2019-04-15,160.557473115137
2019-04-16,166.662340151958
2019-04-17,166.364139684395
2019-04-18,173.54595207481
2019-04-19,173.652783459965
2019-04-20,173.215369374635
2019-04-21,169.945601110462
2019-04-22,171.565414669784
2019-04-23,170.937409643483
2019-04-24,165.142114202221
2019-04-25,152.045494447691
2019-04-26,152.960927527762
2019-04-27,155.726733489188
2019-04-28,153.2518471654
2019-04-29,152.545208766803
2019-04-30,159.938501461134
2019-05-01,158.222859731151
2019-05-02,159.191619520748
2019-05-03,164.69545207481
2019-05-04,162.037265751023
2019-05-05,161.485596434833
2019-05-06,172.068616014027
2019-05-07,170.05011484512
2019-05-08,169.558764172998
2019-05-09,170.250314728229
2019-05-10,172.221821975453
2019-05-11,199.606514552893
2019-05-12,187.184103740503
2019-05-13,195.825203097604
2019-05-14,218.214805669199
2019-05-15,249.061431034483
2019-05-16,263.38047019287
2019-05-17,242.263793687902
2019-05-18,234.841279661017
2019-05-19,261.974045295149
2019-05-20,252.417419637639
2019-05-21,256.818162185856
2019-05-22,244.550514319112
2019-05-23,245.840384862654
2019-05-24,248.839252016365
2019-05-25,251.888460958504
2019-05-26,268.294339567504
2019-05-27,272.616331092928
2019-05-28,271.223498538866
2019-05-29,269.327810929281
2019-05-30,254.294201753361
2019-05-31,266.573922559906
2019-06-01,265.140144360023
2019-06-02,269.967041496201
2019-06-03,251.05775862069
2019-06-04,239.457040911748
2019-06-05,246.337600233782
2019-06-06,247.488754237288
2019-06-07,250.225909585038
2019-06-08,244.62647019287
2019-06-09,231.039578024547
2019-06-10,246.746325248393
2019-06-11,245.800910870836
2019-06-12,259.656640093513
2019-06-13,255.336300409117
2019-06-14,264.76342314436
2019-06-15,269.057187405026
2019-06-16,269.848518702513
2019-06-17,273.7140949737
2019-06-18,263.702251899474
2019-06-19,268.93683810637
2019-06-20,272.137500292227
2019-06-21,294.852892752776
2019-06-22,308.009769725307
2019-06-23,306.55350742256
2019-06-24,309.798750263004
2019-06-25,316.171920046756
2019-06-26,334.035053477499
2019-06-27,293.215036236119
2019-06-28,309.446182933957
2019-06-29,318.529788135593
2019-06-30,291.660696317943
2019-07-01,293.862392752776
2019-07-02,290.571834307423
2019-07-03,302.057210403273
2019-07-04,283.489202805377
2019-07-05,287.858582992402
2019-07-06,287.274129982466
2019-07-07,306.198590590298
2019-07-08,313.326290473407
2019-07-09,308.343054061952
2019-07-10,288.731157802455
2019-07-11,267.536604617183
2019-07-12,275.872600233781
2019-07-13,268.688629339568
2019-07-14,230.335976329632
2019-07-15,230.578357977791
2019-07-16,199.001611046172
2019-07-17,210.931314728229
2019-07-18,227.241794272355
2019-07-19,221.03139333723
2019-07-20,230.67205371128
2019-07-21,225.672067124489
2019-07-22,217.013625365284
2019-07-23,212.361456750438
2019-07-24,216.848442548217
2019-07-25,219.638668264173
2019-07-26,219.365355873758
2019-07-27,206.645765049679
2019-07-28,210.927540561075
2019-07-29,210.840748977206
2019-07-30,210.029560841613
2019-07-31,218.08824050263
2019-08-01,217.353194915254
2019-08-02,217.667191992987
2019-08-03,221.83531648159
2019-08-04,222.788521917008
2019-08-05,232.299908825248
2019-08-06,225.729268264173
2019-08-07,226.042916773817
2019-08-08,220.550041320865
2019-08-09,209.817827878434
2019-08-10,206.324379310345
2019-08-11,215.789734658095
2019-08-12,210.972497662186
2019-08-13,208.597628345996
2019-08-14,186.381814143776
2019-08-15,188.016636469901
2019-08-16,185.577936879018
2019-08-17,185.547666510812
2019-08-18,194.706162068966
2019-08-19,202.767035067212
2019-08-20,196.717822033898
2019-08-21,186.497284628872
2019-08-22,191.596093220339
2019-08-23,194.624304792519
2019-08-24,191.114351256575
2019-08-25,186.324488895383
2019-08-26,188.569805376973
2019-08-27,186.883293103448
2019-08-28,173.17579748685
2019-08-29,168.735882349503
2019-08-30,168.372436002338
2019-08-31,172.177609877265
2019-09-01,171.211480479252
2019-09-02,178.580194623027
2019-09-03,179.233673874927
2019-09-04,174.729775277615
2019-09-05,174.54153974284
2019-09-06,169.23070338983
2019-09-07,178.287494389246
2019-09-08,181.604640268849
2019-09-09,181.388241671537
2019-09-10,179.595805669199
2019-09-11,178.058855639977
2019-09-12,180.84650818235
2019-09-13,181.51325949737
2019-09-14,188.595950496786
2019-09-15,189.443608416131
2019-09-16,197.430535651666
2019-09-17,209.287582700175
2019-09-18,210.7212235827
2019-09-19,221.562201052016
2019-09-20,217.195570134424
2019-09-21,215.50002980713
2019-09-22,211.051801870251
2019-09-23,201.226725014611
2019-09-24,168.43832817066
2019-09-25,169.84662478083
2019-09-26,166.334617884278
2019-09-27,174.083654120397
2019-09-28,173.798880362361
2019-09-29,169.853334891876
2019-09-30,179.508727936879
2019-10-01,176.635159555815
2019-10-02,180.731424605494
2019-10-03,175.467113267095
2019-10-04,176.204069316189
2019-10-05,176.184813267095
2019-10-06,169.854954237288
2019-10-07,181.001570426651
2019-10-08,180.668669783752
2019-10-09,194.229131502046
2019-10-10,191.574099707773
2019-10-11,180.902172472238
2019-10-12,180.319804997078
2019-10-13,181.47459760374
2019-10-14,186.520615137347
2019-10-15,180.282949853887
2019-10-16,174.995676329632
2019-10-17,177.070229865576
2019-10-18,173.130578725891
2019-10-19,171.613132729398
2019-10-20,175.187846580947
2019-10-21,174.198366861485
2019-10-22,171.261682057276
2019-10-23,161.323558386908
2019-10-24,161.024464640561
2019-10-25,181.161944476914
2019-10-26,179.720602337814
2019-10-27,184.572484570427
2019-10-28,182.81422063121
2019-10-29,190.830495441262
2019-10-30,183.277003798948
2019-10-31,182.430567212157
2019-11-01,183.362267679719
2019-11-02,182.998768848627
2019-11-03,181.907013734658
2019-11-04,186.034432787843
2019-11-05,189.217251373466
2019-11-06,191.556660666277
2019-11-07,186.770622443016
2019-11-08,184.038223085915
2019-11-09,184.962579777908
2019-11-10,189.045104675628
2019-11-11,184.418845295149
2019-11-12,186.5779264173
2019-11-13,188.033356107539
2019-11-14,184.766463763881
2019-11-15,179.989789070719
2019-11-16,182.287117182934
2019-11-17,183.829805961426
2019-11-18,178.062372004676
2019-11-19,175.435199883109
2019-11-20,174.409720338983
2019-11-21,160.728296902396
2019-11-22,149.776162478083
2019-11-23,152.327056282876
2019-11-24,141.576619520748
2019-11-25,146.562241846873
2019-11-26,147.942878550555
2019-11-27,153.24832226768
2019-11-28,151.010392460549
2019-11-29,154.256289012274
2019-11-30,152.016210111046
2019-12-01,151.380223378141
2019-12-02,149.052715663355
2019-12-03,147.465369140853
2019-12-04,145.69724465225
2019-12-05,148.022399883109
2019-12-06,148.700186732905
2019-12-07,147.515199298656
2019-12-08,150.838420806546
2019-12-09,147.375495149036
2019-12-10,145.696360140269
2019-12-11,143.130404734074
2019-12-12,144.734203682057
2019-12-13,144.599715078901
2019-12-14,141.842442840444
2019-12-15,142.304544126242
2019-12-16,132.379981122151
2019-12-17,121.505916423144
2019-12-18,132.883688018703
2019-12-19,127.844947691409
2019-12-20,128.217562828755
2019-12-21,127.097141145529
2019-12-22,132.060468731736
2019-12-23,127.814310578609
2019-12-24,127.656445938048
2019-12-25,124.881023085915
2019-12-26,125.308429865576
2019-12-27,126.181629456458
2019-12-28,128.037601694915
2019-12-29,134.639243717125
2019-12-30,131.287466744594
2019-12-31,128.511079777908
2020-01-01,129.963875336061
2020-01-02,126.730876972531
2020-01-03,133.800767095266
2020-01-04,134.050349210988
2020-01-05,134.982177089421
2020-01-06,143.988824079486
2020-01-07,143.248955698422
2020-01-08,140.872484044418
2020-01-09,137.473664114553
2020-01-10,143.789400935126
2020-01-11,142.846074284044
2020-01-12,145.447126008182
2020-01-13,143.910222209234
2020-01-14,166.047976914085
2020-01-15,165.85377936879
2020-01-16,164.052933255406
2020-01-17,171.034402337814
2020-01-18,175.074978375219
2020-01-19,166.791822443016
2020-01-20,166.927411046172
2020-01-21,169.171668731736
2020-01-22,167.545226271186
2020-01-23,162.156525599065
2020-01-24,162.247590707189
2020-01-25,160.521455172414
2020-01-26,167.159112974868
2020-01-27,169.934313676213
2020-01-28,175.276188486265
2020-01-29,174.676776680304
2020-01-30,184.256748977206
2020-01-31,180.163670368206
2020-02-01,183.562507656341
2020-02-02,188.398108533022
2020-02-03,189.341644067797
2020-02-04,188.276665984804
2020-02-05,205.125087901812
2020-02-06,212.849642723553
2020-02-07,222.863079719462
2020-02-08,223.973379602572
2020-02-09,228.467053126826
2020-02-10,224.139831618936
2020-02-11,237.649539333723
2020-02-12,266.649455289304
2020-02-13,267.940001870251
2020-02-14,284.830649094097
2020-02-15,265.033846464056
2020-02-16,261.128690531853
2020-02-17,266.608233372297
2020-02-18,283.564988310929
2020-02-19,261.077341028638
2020-02-20,258.631871011105
2020-02-21,265.90940414962
2020-02-22,261.763375803624
2020-02-23,274.979647574518
2020-02-24,264.367167504383
2020-02-25,248.53713220339
2020-02-26,225.706557159556
2020-02-27,226.398922033898
2020-02-28,228.673918468732
2020-02-29,220.10229421391
2020-03-01,218.6236685564
2020-03-02,231.194931618936
2020-03-03,224.283570017534
2020-03-04,224.156026826417
2020-03-05,227.813605844535
2020-03-06,244.330236002338
2020-03-07,238.059852600818
2020-03-08,202.765954997078
2020-03-09,200.151101052016
2020-03-10,200.851090531853
2020-03-11,194.236009351257
2020-03-12,110.32820163647
2020-03-13,134.759985680888
2020-03-14,122.078151256575
2020-03-15,123.754734073641
2020-03-16,110.34905873758
2020-03-17,117.783463763881
2020-03-18,117.683343658679
2020-03-19,137.357502980713
2020-03-20,131.532323261251
2020-03-21,132.511633430742
2020-03-22,122.442055523086
2020-03-23,135.589770601987
2020-03-24,139.414792226768
2020-03-25,136.095511981297
2020-03-26,138.608215488019
2020-03-27,133.681614728229
2020-03-28,131.027766510812
2020-03-29,125.178745470485
2020-03-30,132.902320514319
2020-03-31,133.508133372297
2020-04-01,135.85480654588
2020-04-02,141.151746639392
2020-04-03,141.727211279953
2020-04-04,144.336282700175
2020-04-05,142.972632963179
2020-04-06,169.609724313267
2020-04-07,164.21725949737
2020-04-08,173.294784336645
2020-04-09,170.28360490941
2020-04-10,157.550598188194
2020-04-11,158.431649327878
2020-04-12,160.649303331385
2020-04-13,157.198628579778
2020-04-14,159.006158445354
2020-04-15,152.951140736411
2020-04-16,172.970440327294
2020-04-17,172.23222063121
2020-04-18,188.109414903565
2020-04-19,181.230814377557
2020-04-20,171.013763296318
2020-04-21,171.489232904734
2020-04-22,182.581804178843
2020-04-23,185.6463264173
2020-04-24,187.621841320865
2020-04-25,193.785201928697
2020-04-26,197.062440268849
2020-04-27,196.565708679135
2020-04-28,197.466412565751
2020-04-29,215.38395207481
2020-04-30,206.88486528346
2020-05-01,212.713617767387
2020-05-02,214.133870601987
2020-05-03,210.090575306838
2020-05-04,206.961926592636
2020-05-05,204.885417007598
2020-05-06,202.736075569842
2020-05-07,212.990972822911
2020-05-08,212.413128872005
2020-05-09,210.774871127995
2020-05-10,187.542486849795
2020-05-11,185.715372296902
2020-05-12,189.818459438925
2020-05-13,199.938022559907
2020-05-14,203.532877030976
2020-05-15,195.121980303916
2020-05-16,200.819766218586
2020-05-17,207.07257685564
2020-05-18,214.748162478083
2020-05-19,213.820466744594
2020-05-20,209.804793103448
2020-05-21,198.91755698422
2020-05-22,207.063677673875
2020-05-23,206.906197253068
2020-05-24,202.376306370544
2020-05-25,204.292245002922
2020-05-26,200.86048918761
2020-05-27,207.498003798948
2020-05-28,219.378571011105
2020-05-29,220.784826300409
2020-05-30,243.572401285798
2020-05-31,231.444047457627
2020-06-01,249.07495295149
2020-06-02,237.179632554062
2020-06-03,243.934139450614
2020-06-04,243.647765984804
2020-06-05,240.312976037405
2020-06-06,242.019700292227
2020-06-07,244.384643483343
2020-06-08,245.968303565167
2020-06-09,244.326140970193
2020-06-10,247.704879544126
2020-06-11,230.904400935126
2020-06-12,237.162442723554
2020-06-13,238.090407890123
2020-06-14,232.137277089421
2020-06-15,231.19783974284
2020-06-16,235.136621215663
2020-06-17,233.687851022794
2020-06-18,231.331098889538
2020-06-19,228.77822402104
2020-06-20,228.919830800701
2020-06-21,227.579033606078
2020-06-22,243.220758153127
2020-06-23,242.92121899474
2020-06-24,234.823753360608
2020-06-25,232.421420689655
2020-06-26,229.694167387493
2020-06-27,220.699442022209
2020-06-28,224.443460666277
2020-06-29,228.02034137931
2020-06-30,225.722754821742
2020-07-01,231.145918468732
2020-07-02,226.701505376973
2020-07-03,225.098854763296
2020-07-04,228.866272063121
2020-07-05,227.667268264173
2020-07-06,241.179081239042
2020-07-07,239.013429573349
2020-07-08,246.8441157218
2020-07-09,241.651818585622
2020-07-10,241.033700116891
2020-07-11,239.307040619521
2020-07-12,241.309591174752
2020-07-13,239.326373816482
2020-07-14,240.638817942724
2020-07-15,238.38143962595
2020-07-16,233.549674108708
2020-07-17,232.845427235535
2020-07-18,235.909914962011
2020-07-19,239.358145821157
2020-07-20,236.361256282876
2020-07-21,245.250595441262
2020-07-22,264.199169491525
2020-07-23,275.223812536528
2020-07-24,279.907534424313
2020-07-25,305.402152542373
2020-07-26,311.039973524255
2020-07-27,323.233886908241
2020-07-28,318.015537200468
2020-07-29,318.025945938048
2020-07-30,335.964082875511
2020-07-31,346.179992285213
2020-08-01,387.185885447107
2020-08-02,372.180671654004
2020-08-03,385.487812390415
2020-08-04,390.662864699006
2020-08-05,400.601196084161
2020-08-06,393.995932495617
2020-08-07,380.330053886616
2020-08-08,392.360176504968
2020-08-09,389.183157393337
2020-08-10,395.407852425482
2020-08-11,379.111338983051
2020-08-12,387.208174751607
2020-08-13,424.799460081823
2020-08-14,438.076865575687
2020-08-15,432.609198421976
2020-08-16,432.939172822911
2020-08-17,432.841464172998
2020-08-18,423.346332086499
2020-08-19,406.879427819988
2020-08-20,416.25978755114
2020-08-21,387.2406050263
2020-08-22,395.912521332554
2020-08-23,391.947607364115
2020-08-24,408.792199473992
2020-08-25,383.604969725307
2020-08-26,386.34381735827
2020-08-27,382.349150496785
2020-08-28,395.03972980713
2020-08-29,400.368165575687
2020-08-30,428.196437931035
2020-08-31,436.09076943308
2020-09-01,480.749175862069
2020-09-02,441.214134132087
2020-09-03,383.542584979544
2020-09-04,386.66907597896
2020-09-05,331.420088544711
2020-09-06,353.227129573349
2020-09-07,352.806469023963
2020-09-08,336.716558094682
2020-09-09,352.053948568089
2020-09-10,367.380867621274
2020-09-11,373.966615780245
2020-09-12,386.216055055523
2020-09-13,365.641607831677
2020-09-14,375.801003682057
2020-09-15,363.936595733489
2020-09-16,365.322076212741
2020-09-17,389.446111046172
2020-09-18,382.261676271186
2020-09-19,385.246569666861
2020-09-20,371.207025715956
2020-09-21,342.456390473407
2020-09-22,343.503662536528
2020-09-23,320.588590882525
2020-09-24,349.144016014027
2020-09-25,351.713962361192
2020-09-26,354.601045762712
2020-09-27,356.121992752776
2020-09-28,355.45993395675
2020-09-29,359.701439801286
2020-09-30,359.976752483928
2020-10-01,352.360856049094
2020-10-02,345.801279485681
2020-10-03,346.652968907072
2020-10-04,352.339400233781
2020-10-05,353.191780187025
2020-10-06,340.10351987142
2020-10-07,341.159963997662
2020-10-08,350.527496376388
2020-10-09,366.247890999416
2020-10-10,371.282805143191
2020-10-11,374.145406195207
2020-10-12,387.670968731736
2020-10-13,381.544274576271
2020-10-14,378.828993045003
2020-10-15,377.502910286382
2020-10-16,366.299949853887
2020-10-17,368.318269374635
2020-10-18,377.921652425482
2020-10-19,379.463028462887
2020-10-20,368.843862653419
2020-10-21,392.473164231444
2020-10-22,414.43640578609
2020-10-23,409.339998597312
2020-10-24,412.26885710111
2020-10-25,406.742800642899
2020-10-26,394.010756575102
2020-10-27,404.045446814728
2020-10-28,388.90336364699
2020-10-29,386.788421098773
2020-10-30,383.596369959088
2020-10-31,386.585236119229
2020-11-01,395.57778264173
2020-11-02,383.848317066043
2020-11-03,388.54819970777300
2020-11-04,401.79561385154900
2020-11-05,416.99735464640600
2020-11-06,456.4478808883690
2020-11-07,436.77211285797800
2020-11-08,455.37572986557600
2020-11-09,444.5479997077730
2020-11-10,451.5016406195210
2020-11-11,464.2159424897720
2020-11-12,462.86649982466400
2020-11-13,476.57134097019300
2020-11-14,462.5514587960260
2020-11-15,449.3456436002340
2020-11-16,462.2547316189360
2020-11-17,482.69500502630000
2020-11-18,479.4918066627700
2020-11-19,471.1500233781420
2020-11-20,509.56297720631200
2020-11-21,547.3534804208070
2020-11-22,565.1310609000580
2020-11-23,607.2141186440680
2020-11-24,604.573530742256
2020-11-25,568.2473562828760
2020-11-26,518.3973562244300
2020-11-27,517.041817182934
2020-11-28,540.829210052601
2020-11-29,574.8735552308590
2020-11-30,613.469492402104
2020-12-01,588.2515552308590
2020-12-02,598.9264098188190
2020-12-03,617.5542700175340
2020-12-04,572.1771762711860
2020-12-05,594.9156954997080
2020-12-06,602.2467767387490
2020-12-07,591.8200952659260
2020-12-08,554.318545295149
2020-12-09,574.2140723553480
2020-12-10,560.4503168907070
2020-12-11,545.483657510228
2020-12-12,568.545423261251
2020-12-13,590.522730625365
2020-12-14,586.470181297487
2020-12-15,589.000816832262
2020-12-16,636.205011104617
2020-12-17,642.788150204559
2020-12-18,652.01013056692
2020-12-19,659.714045002922
2020-12-20,638.561923436587
2020-12-21,612.546497369959
2020-12-22,634.17585622443
2020-12-23,588.508848042081
2020-12-24,611.893571595558
2020-12-25,625.840292518995
2020-12-26,635.806854120397
2020-12-27,688.480685447107
2020-12-28,730.518296902396
2020-12-29,731.936295733489
2020-12-30,751.208063705435
2020-12-31,739.025849853887
2021-01-01,730.91432063121
2021-01-02,775.296622443016
2021-01-03,990.365324956166
2021-01-04,1030.31844886032
2021-01-05,1101.55981414378
2021-01-06,1199.35239976622
2021-01-07,1220.21421332554
2021-01-08,1219.88072121566
2021-01-09,1286.97022314436
2021-01-10,1265.43626750438
2021-01-11,1082.905685564
2021-01-12,1038.8394176505
2021-01-13,1127.92676271186
2021-01-14,1212.61922150789
2021-01-15,1167.64685096435
2021-01-16,1231.50994839275
2021-01-17,1242.04924137931
2021-01-18,1252.15644476914
2021-01-19,1386.08540385739
2021-01-20,1367.82303974284
2021-01-21,1132.69443191116
2021-01-22,1235.37204792519
2021-01-23,1232.76174810053
2021-01-24,1387.23029631794
2021-01-25,1325.60759380479
2021-01-26,1361.84900292227
2021-01-27,1245.93815055523
2021-01-28,1341.7747030976
2021-01-29,1383.40889538282
2021-01-30,1379.86854237288
2021-01-31,1317.346364173
2021-02-01,1369.95499357101
2021-02-02,1524.16825189947
2021-02-03,1659.52005435418
2021-02-04,1608.39752355348
2021-02-05,1720.47846616014
2021-02-06,1683.70779380479
2021-02-07,1616.04266183518
2021-02-08,1743.54479135009
2021-02-09,1770.83282057276
2021-02-10,1748.21180596143
2021-02-11,1785.58308942139
2021-02-12,1846.45420058445
2021-02-13,1819.41280268849
2021-02-14,1811.5666792519
2021-02-15,1787.53062191701
2021-02-16,1780.61989596727
2021-02-17,1845.23994155465
2021-02-18,1932.41152659264
2021-02-19,1961.02429018118
2021-02-20,1912.80253489188
2021-02-21,1933.88384745763
2021-02-22,1771.20859848042
2021-02-23,1563.04562419638
2021-02-24,1616.56383693746
2021-02-25,1491.46385715956
2021-02-26,1442.30312273524
2021-02-27,1454.03216890707
2021-02-28,1425.38586674459
2021-03-01,1563.23598036236
2021-03-02,1489.87889421391
2021-03-03,1584.06700526008
2021-03-04,1538.02277644652
2021-03-05,1530.84029181765
2021-03-06,1659.83834599649
2021-03-07,1719.16063705435
2021-03-08,1826.12504734074
2021-03-09,1862.02863687902
2021-03-10,1803.4244905903
2021-03-11,1827.71346113384
2021-03-12,1768.50364453536
2021-03-13,1927.20756627703
2021-03-14,1874.14906195208
2021-03-15,1796.90510976037
2021-03-16,1796.95172822911
2021-03-17,1818.86739976622
2021-03-18,1781.64520666277
2021-03-19,1810.37383459965
2021-03-20,1812.74496884863
2021-03-21,1784.72563880771
2021-03-22,1689.11376779661
2021-03-23,1671.75213500877
2021-03-24,1586.88241320865
2021-03-25,1588.93212396259
2021-03-26,1695.66907773232
2021-03-27,1718.1190917592
2021-03-28,1685.16250900058
2021-03-29,1811.1432226768
2021-03-30,1840.87399678551
2021-03-31,1916.88001928697
2021-04-01,1971.24078258329
2021-04-02,2134.06883985973
2021-04-03,2025.14887843366
2021-04-04,2077.39558153127
2021-04-05,2099.52728872005
2021-04-06,2116.90126201052
2021-04-07,1985.39789129164
2021-04-08,2078.55003594389
2021-04-09,2066.05360420807
2021-04-10,2130.18779029807
2021-04-11,2144.37211630625
2021-04-12,2142.82890011689
2021-04-13,2297.89169135009
2021-04-14,2430.29892869667
2021-04-15,2519.58225540619
2021-04-16,2428.35284687317
2021-04-17,2342.16061426067
2021-04-18,2243.48254529515
2021-04-19,2168.6250818235
2021-04-20,2328.50510870836
2021-04-21,2363.99523424898
2021-04-22,2419.70522676797
2021-04-23,2357.12506639392
2021-04-24,2236.58652717709
2021-04-25,2300.55654880187
2021-04-26,2526.05887901812
2021-04-27,2646.34933898305
2021-04-28,2740.23064289889
2021-04-29,2760.50726008182
2021-04-30,2770.29005821157
2021-05-01,2949.31864056107
2021-05-02,2952.47679661017
2021-05-03,3430.64827410871
2021-05-04,3274.89152846289
2021-05-05,3525.92409964933
2021-05-06,3500.54310403273
2021-05-07,3482.63239333723
2021-05-08,3886.76699649328
2021-05-09,3916.08141320865
2021-05-10,3954.28315780245
2021-05-11,4155.77199766219
2021-05-12,3975.50227118644
2021-05-13,3687.15909000585
2021-05-14,4086.70976446523
2021-05-15,3672.60174400935
2021-05-16,3565.84300116891
2021-05-17,3280.03027819988
2021-05-18,3368.23962887201
2021-05-19,2535.73623553478
2021-05-20,2777.92518293396
2021-05-21,2413.98438398597
2021-05-22,2320.84220163647
2021-05-23,2105.59847983635
2021-05-24,2626.16846405611
2021-05-25,2696.5863798948
2021-05-26,2868.71953185272
2021-05-27,2743.10334950321
2021-05-28,2415.30300233781
2021-05-29,2288.85813150205
2021-05-30,2391.71209117475
2021-05-31,2699.21445762712
2021-06-01,2626.20154821742
2021-06-02,2713.1598679135
2021-06-03,2858.60099824664
2021-06-04,2689.27742548217
2021-06-05,2604.97053763881
2021-06-06,2706.09854120397
2021-06-07,2600.15911221508
2021-06-08,2519.05763530099
2021-06-09,2605.63110461718
2021-06-10,2481.38075686733
2021-06-11,2345.03141963764
2021-06-12,2380.84033372297
2021-06-13,2504.64639216832
2021-06-14,2577.04473863238
2021-06-15,2552.74103641146
2021-06-16,2360.99938690824
2021-06-17,2368.38859555815
2021-06-18,2224.57531969608
2021-06-19,2174.75470251315
2021-06-20,2242.66345575687
2021-06-21,1900.39307790766
2021-06-22,1867.62379953244
2021-06-23,1962.11004383402
2021-06-24,1986.66540841613
2021-06-25,1817.84698246639
2021-06-26,1801.97627527762
2021-06-27,1964.52191887785
2021-06-28,2079.27833594389
2021-06-29,2169.99023261251
2021-06-30,2272.2690578609
2021-07-01,2114.55608357686
2021-07-02,2149.99972472238
2021-07-03,2215.90323232028
2021-07-04,2325.91749795441
2021-07-05,2218.63208416131
2021-07-06,2318.10661835184
2021-07-07,2317.0795447107
2021-07-08,2118.9243308007
2021-07-09,2153.77373816482
2021-07-10,2117.0639672706
2021-07-11,2140.19288661601
2021-07-12,2033.03133489188
2021-07-13,1939.6402729398
2021-07-14,1992.4420251315
2021-07-15,1912.8743012858
2021-07-16,1878.1075873758
2021-07-17,1896.9661233197
2021-07-18,1892.68808708358
2021-07-19,1822.20903623612
2021-07-20,1785.33395441262
2021-07-21,1985.49203565167
2021-07-22,2020.92230333139
2021-07-23,2112.71626434833
2021-07-24,2179.33793220339
2021-07-25,2187.44493687902
2021-07-26,2241.15922676797
2021-07-27,2286.22890005845
2021-07-28,2297.03134436002
2021-07-29,2384.45420572764
2021-07-30,2451.30431092928
2021-07-31,2544.37537592051
2021-08-01,2563.73753068381
2021-08-02,2619.04099941555
2021-08-03,2512.91529164231
2021-08-04,2727.93425365284
2021-08-05,2825.53530894214
2021-08-06,2888.0342554062
2021-08-07,3143.38030099357
2021-08-08,3027.3480818235
2021-08-09,3158.26921624781
2021-08-10,3141.72382559907
2021-08-11,3168.56298947984
2021-08-12,3038.06152659264
2021-08-13,3316.4789421391
2021-08-14,3268.96369590883
2021-08-15,3310.72739333723
2021-08-16,3157.77383635301
2021-08-17,3020.57140093513
2021-08-18,3041.32005961426
2021-08-19,3173.97182279369
2021-08-20,3278.21872413793
2021-08-21,3234.70727819988
2021-08-22,3245.89347866745
2021-08-23,3322.63785096435
2021-08-24,3183.60909175921
2021-08-25,3228.70326125073
2021-08-26,3120.59653535944
2021-08-27,3270.01309877265
2021-08-28,3242.67174956166
2021-08-29,3230.91460140269
2021-08-30,3238.36036382233
2021-08-31,3431.94775306838
2021-09-01,3793.82968188194
2021-09-02,3791.89593600234
2021-09-03,3918.58263822326
2021-09-04,3886.23001350088
2021-09-05,3954.61792343659
2021-09-06,3928.83401098773
2021-09-07,3432.84963062537
2021-09-08,3507.77644915254
2021-09-09,3432.86342255991
2021-09-10,3204.17646580947
2021-09-11,3259.20964196376
2021-09-12,3417.71937288136
2021-09-13,3289.54985417884
2021-09-14,3419.67508416131
2021-09-15,3591.05804003507
2021-09-16,3567.72092518995
2021-09-17,3396.52101694915
2021-09-18,3425.02434453536
2021-09-19,3319.99040093513
2021-09-20,2965.36816510812
2021-09-21,2745.84817299825
2021-09-22,3063.72133167738
2021-09-23,3147.4950742256
2021-09-24,2932.5593233197
2021-09-25,2932.4982798948
2021-09-26,3048.59561689071
2021-09-27,2952.49630537697
2021-09-28,2815.59470835769
2021-09-29,2843.27176943308
2021-09-30,3001.52751344243
2021-10-01,3299.44177030976
2021-10-02,3393.85702828755
2021-10-03,3420.43901578025
2021-10-04,3391.62332057276
2021-10-05,3520.41445382817
2021-10-06,3588.43408123904
2021-10-07,3589.30707393337
2021-10-08,3561.09410490941
2021-10-09,3579.87203652835
2021-10-10,3432.00171537113
2021-10-11,3519.56701022794
2021-10-12,3491.26025043834
2021-10-13,3597.56289830509
2021-10-14,3786.54223734658
2021-10-15,3861.71246171829
2021-10-16,3836.76805020456
2021-10-17,3836.39770426651
2021-10-18,3746.06606575102
2021-10-19,3875.04413851549
2021-10-20,4153.38661163063
2021-10-21,4065.16743161894
2021-10-22,3975.54315663355
2021-10-23,4159.57953886616
2021-10-24,4076.59357364115
2021-10-25,4214.41058854471
2021-10-26,4130.63251782583
2021-10-27,3947.62192840444
2021-10-28,4278.7702685564
2021-10-29,4413.18682086499
2021-10-30,4311.3438302162