Time,Pearson: DOGE-ETH / PriceUSD,,,
2015-10-07,0.139452237213122,,,
2015-10-08,0.140729981538209,,,
2015-10-09,0.141084480468189,,,
2015-10-10,0.160643476162163,,,
2015-10-11,0.187600428483558,,,
2015-10-12,0.264337202721183,,,
2015-10-13,0.264860510129905,,,
2015-10-14,0.251295489332496,,,
2015-10-15,0.229405256708969,,,
2015-10-16,0.240869660108563,,,
2015-10-17,0.144071152803995,,,
2015-10-18,0.102170786601852,,,
2015-10-19,-0.002351546265111,,,
2015-10-20,0.0105757396710759,,,
2015-10-21,0.0129810688427412,,,
2015-10-22,0.0858688719851242,,,
2015-10-23,0.0304393186038871,,,
2015-10-24,0.0283832297606971,,,
2015-10-25,0.034709205697777,,,
2015-10-26,0.0491120703049996,,,
2015-10-27,0.0520088401105617,,,
2015-10-28,0.111134877544872,,,
2015-10-29,0.211397086903366,,,
2015-10-30,0.173579782652818,,,
2015-10-31,0.225490558506081,,,
2015-11-01,0.227276541614468,,,
2015-11-02,0.209938227402148,,,
2015-11-03,0.21739582322765,,,
2015-11-04,0.269036020560447,,,
2015-11-05,0.280392800388258,,,
2015-11-06,0.266159019761108,,,
2015-11-07,0.272238820032801,,,
2015-11-08,0.275000507171753,,,
2015-11-09,0.273894865883351,,,
2015-11-10,0.312484432363081,,,
2015-11-11,0.299769202967654,,,
2015-11-12,0.296953037423085,,,
2015-11-13,0.298855524252501,,,
2015-11-14,0.301375033753257,,,
2015-11-15,0.296379808832067,,,
2015-11-16,0.303851598486237,,,
2015-11-17,0.310839911738853,,,
2015-11-18,0.31092637593587,,,
2015-11-19,0.313821009173967,,,
2015-11-20,0.314860100827397,,,
2015-11-21,0.308523626437494,,,
2015-11-22,0.336379068669447,,,
2015-11-23,0.350688265792022,,,
2015-11-24,0.352122260812086,,,
2015-11-25,0.354988342860692,,,
2015-11-26,0.342435409167908,,,
2015-11-27,0.371854731685081,,,
2015-11-28,0.396763797679389,,,
2015-11-29,0.393006461029886,,,
2015-11-30,0.396128363962814,,,
2015-12-01,0.397173019614964,,,
2015-12-02,0.389162761438985,,,
2015-12-03,0.387789116927536,,,
2015-12-04,0.388374456579201,,,
2015-12-05,0.386423027059201,,,
2015-12-06,0.386099228381717,,,
2015-12-07,0.385973648788407,,,
2015-12-08,0.382736510661547,,,
2015-12-09,0.379241585240881,,,
2015-12-10,0.390505182321622,,,
2015-12-11,0.405836727753647,,,
2015-12-12,0.373385704875703,,,
2015-12-13,0.395311946062399,,,
2015-12-14,0.417924472075916,,,
2015-12-15,0.420930694504302,,,
2015-12-16,0.426820357823161,,,
2015-12-17,0.428194416594416,,,
2015-12-18,0.421066631491419,,,
2015-12-19,0.428147305146225,,,
2015-12-20,0.396104644830744,,,
2015-12-21,0.388275234234014,,,
2015-12-22,0.402140587722734,,,
2015-12-23,0.391897964340443,,,
2015-12-24,0.405756978871987,,,
2015-12-25,0.404628923193853,,,
2015-12-26,0.414166828631491,,,
2015-12-27,0.390791728209438,,,
2015-12-28,0.325802169649409,,,
2015-12-29,0.362484393155424,,,
2015-12-30,0.316014986025738,,,
2015-12-31,0.317727612244691,,,
2016-01-01,0.322898916595506,,,
2016-01-02,0.313832355969134,,,
2016-01-03,0.219535643119577,,,
2016-01-04,0.20033092369686,,,
2016-01-05,0.220178637770736,,,
2016-01-06,0.198623330299011,,,
2016-01-07,0.183833276668178,,,
2016-01-08,0.213235972520735,,,
2016-01-09,0.0759853383169209,,,
2016-01-10,0.1060900679718,,,
2016-01-11,0.0771454734329646,,,
2016-01-12,0.0960575732535863,,,
2016-01-13,0.0896855131115841,,,
2016-01-14,0.0869636746661657,,,
2016-01-15,-0.0595657643342821,,,
2016-01-16,-0.11480928963663,,,
2016-01-17,-0.1399808502021,,,
2016-01-18,-0.166493728520022,,,
2016-01-19,-0.150264746755564,,,
2016-01-20,-0.0666707784703513,,,
2016-01-21,-0.0687352217155292,,,
2016-01-22,-0.0712200715526572,,,
2016-01-23,-0.00574364314019464,,,
2016-01-24,0.0152744731841529,,,
2016-01-25,0.111270401829777,,,
2016-01-26,-0.0650966628788219,,,
2016-01-27,-0.0671399079682832,,,
2016-01-28,-0.0906670578726551,,,
2016-01-29,-0.0817518526085137,,,
2016-01-30,-0.0655379958230065,,,
2016-01-31,-0.0711545236555454,,,
2016-02-01,-0.0669327583027633,,,
2016-02-02,-0.0714604839037201,,,
2016-02-03,-0.0713790726329194,,,
2016-02-04,-0.0797744859801227,,,
2016-02-05,-0.0824321433829064,,,
2016-02-06,-0.0817127642178539,,,
2016-02-07,-0.103928326395882,,,
2016-02-08,-0.102532063149494,,,
2016-02-09,-0.100579834662526,,,
2016-02-10,-0.0931928708156515,,,
2016-02-11,-0.114695051932321,,,
2016-02-12,-0.118488433666244,,,
2016-02-13,-0.111500844867141,,,
2016-02-14,-0.126025342559561,,,
2016-02-15,-0.124955800553679,,,
2016-02-16,-0.111062025544859,,,
2016-02-17,-0.0961577091338976,,,
2016-02-18,-0.0939555000785498,,,
2016-02-19,-0.0940020247758942,,,
2016-02-20,-0.0947669811972637,,,
2016-02-21,-0.0947476619202284,,,
2016-02-22,-0.0991702477225621,,,
2016-02-23,-0.0988461002230512,,,
2016-02-24,-0.104114491508035,,,
2016-02-25,-0.0988213526005119,,,
2016-02-26,-0.103278262488918,,,
2016-02-27,-0.106319226850083,,,
2016-02-28,-0.105959147371853,,,
2016-02-29,-0.102680780423516,,,
2016-03-01,-0.107200737274055,,,
2016-03-02,-0.112969863059731,,,
2016-03-03,-0.113453766741788,,,
2016-03-04,-0.117928924691565,,,
2016-03-05,-0.121346163976343,,,
2016-03-06,-0.122317379325182,,,
2016-03-07,-0.130590697405859,,,
2016-03-08,-0.130339783837057,,,
2016-03-09,-0.111416538706119,,,
2016-03-10,-0.123089114538416,,,
2016-03-11,-0.123039157397241,,,
2016-03-12,-0.129500915469951,,,
2016-03-13,-0.130398834530061,,,
2016-03-14,-0.119775822736039,,,
2016-03-15,-0.107937869316839,,,
2016-03-16,-0.0969985058225345,,,
2016-03-17,-0.0797805204986291,,,
2016-03-18,-0.0719957913269389,,,
2016-03-19,-0.0798472044229839,,,
2016-03-20,-0.084401773786621,,,
2016-03-21,-0.0857457948793952,,,
2016-03-22,-0.0868650218587401,,,
2016-03-23,-0.106354948593559,,,
2016-03-24,-0.102566367767674,,,
2016-03-25,-0.137102018125501,,,
2016-03-26,-0.0770627215180636,,,
2016-03-27,-0.0854973962655548,,,
2016-03-28,-0.0766281065099005,,,
2016-03-29,-0.0975714023046213,,,
2016-03-30,-0.140088072358219,,,
2016-03-31,-0.122999279303022,,,
2016-04-01,-0.125341878711329,,,
2016-04-02,-0.126217046994212,,,
2016-04-03,-0.123258018345626,,,
2016-04-04,-0.119471534407625,,,
2016-04-05,-0.111091102359065,,,
2016-04-06,-0.108289788109059,,,
2016-04-07,-0.0703052966272001,,,
2016-04-08,-0.0760420485005259,,,
2016-04-09,-0.0904415283681129,,,
2016-04-10,-0.102356093269391,,,
2016-04-11,-0.0760962660723375,,,
2016-04-12,-0.1204454321426,,,
2016-04-13,-0.128927858131117,,,
2016-04-14,-0.123055101364294,,,
2016-04-15,-0.12602448375293,,,
2016-04-16,-0.136863421551113,,,
2016-04-17,-0.171811063812932,,,
2016-04-18,-0.168257574780049,,,
2016-04-19,-0.186555904924978,,,
2016-04-20,-0.190262268900839,,,
2016-04-21,-0.189879894852926,,,
2016-04-22,-0.190396206295486,,,
2016-04-23,-0.185792561403204,,,
2016-04-24,-0.182978125340668,,,
2016-04-25,-0.184874375866389,,,
2016-04-26,-0.190997569094477,,,
2016-04-27,-0.185913047656281,,,
2016-04-28,-0.192609061971837,,,
2016-04-29,-0.193260911006852,,,
2016-04-30,-0.204999478223228,,,
2016-05-01,-0.190821869232421,,,
2016-05-02,-0.20480892389305,,,
2016-05-03,-0.192310315536118,,,
2016-05-04,-0.170467664122832,,,
2016-05-05,-0.174223576108032,,,
2016-05-06,-0.137938400172257,,,
2016-05-07,-0.131502880167341,,,
2016-05-08,-0.17259392042714,,,
2016-05-09,-0.151519652436875,,,
2016-05-10,-0.151603747194677,,,
2016-05-11,-0.130244278479282,,,
2016-05-12,-0.130903189376196,,,
2016-05-13,-0.155187393529225,,,
2016-05-14,-0.147458844557444,,,
2016-05-15,-0.148988120379544,,,
2016-05-16,-0.205150144833845,,,
2016-05-17,-0.215641071733426,,,
2016-05-18,-0.20569544451932,,,
2016-05-19,-0.224979838916694,,,
2016-05-20,-0.234939805518474,,,
2016-05-21,-0.226930963829448,,,
2016-05-22,-0.224157476533677,,,
2016-05-23,-0.242197326312872,,,
2016-05-24,-0.229433151792392,,,
2016-05-25,-0.224321696342948,,,
2016-05-26,-0.217615647507527,,,
2016-05-27,-0.204515132672218,,,
2016-05-28,-0.311330507454021,,,
2016-05-29,-0.334761148116637,,,
2016-05-30,-0.313724073762627,,,
2016-05-31,-0.330891632414041,,,
2016-06-01,-0.331740520332676,,,
2016-06-02,-0.336163258745632,,,
2016-06-03,-0.33517708102318,,,
2016-06-04,-0.358145275669347,,,
2016-06-05,-0.358930054961583,,,
2016-06-06,-0.384598384282391,,,
2016-06-07,-0.383745002669367,,,
2016-06-08,-0.413108841711435,,,
2016-06-09,-0.386912597010384,,,
2016-06-10,-0.368124659396898,,,
2016-06-11,-0.252511081193283,,,
2016-06-12,-0.220704831840988,,,
2016-06-13,-0.0832671040049138,,,
2016-06-14,-0.0331229634190582,,,
2016-06-15,-0.0288781437269358,,,
2016-06-16,0.0517937259423077,,,
2016-06-17,0.169990302003395,,,
2016-06-18,0.11297501111492,,,
2016-06-19,0.135444978336375,,,
2016-06-20,0.160195264714992,,,
2016-06-21,0.126121859071335,,,
2016-06-22,0.104128941996462,,,
2016-06-23,0.110620178814606,,,
2016-06-24,0.103398180106726,,,
2016-06-25,0.107770613428591,,,
2016-06-26,0.131855432536124,,,
2016-06-27,0.141352097951606,,,
2016-06-28,0.114575274171345,,,
2016-06-29,0.14674718021543,,,
2016-06-30,0.139445170981249,,,
2016-07-01,0.160487851413837,,,
2016-07-02,0.158596789437651,,,
2016-07-03,0.167740214870489,,,
2016-07-04,0.169420200592846,,,
2016-07-05,0.176009454749853,,,
2016-07-06,0.175850323229967,,,
2016-07-07,0.183837534620081,,,
2016-07-08,0.175264587403445,,,
2016-07-09,0.179251783257193,,,
2016-07-10,0.177485737183525,,,
2016-07-11,0.175893242558632,,,
2016-07-12,0.175034585661835,,,
2016-07-13,0.173506789873415,,,
2016-07-14,0.161747031812911,,,
2016-07-15,0.183879805665246,,,
2016-07-16,0.191603120887514,,,
2016-07-17,0.194362608472876,,,
2016-07-18,0.212717861367518,,,
2016-07-19,0.213481261967248,,,
2016-07-20,0.204038288334779,,,
2016-07-21,0.203058595990681,,,
2016-07-22,0.189639710423339,,,
2016-07-23,0.174065014951152,,,
2016-07-24,0.185980734027183,,,
2016-07-25,0.166798359242624,,,
2016-07-26,0.167268451789271,,,
2016-07-27,0.17007618794496,,,
2016-07-28,0.164240478865537,,,
2016-07-29,0.161421299857567,,,
2016-07-30,0.180257694477525,,,
2016-07-31,0.186180008177217,,,
2016-08-01,0.196446907883373,,,
2016-08-02,0.266728691574073,,,
2016-08-03,0.326227201170361,,,
2016-08-04,0.326547598559925,,,
2016-08-05,0.324848322411193,,,
2016-08-06,0.316301463583343,,,
2016-08-07,0.288391666514583,,,
2016-08-08,0.267794240823582,,,
2016-08-09,0.26610309109572,,,
2016-08-10,0.265330798996875,,,
2016-08-11,0.26209223022003,,,
2016-08-12,0.229583775304195,,,
2016-08-13,0.214295309114491,,,
2016-08-14,0.210504367889232,,,
2016-08-15,0.18459982023997,,,
2016-08-16,0.142445185755516,,,
2016-08-17,0.197937701070919,,,
2016-08-18,0.181436132166303,,,
2016-08-19,0.168313774227107,,,
2016-08-20,0.191703683357505,,,
2016-08-21,0.217510942041094,,,
2016-08-22,0.20486526310901,,,
2016-08-23,0.207277370752065,,,
2016-08-24,0.208038059607231,,,
2016-08-25,0.203131325324266,,,
2016-08-26,0.200947948294056,,,
2016-08-27,0.236514224806685,,,
2016-08-28,0.235571507688988,,,
2016-08-29,0.244878485143543,,,
2016-08-30,0.245618720061386,,,
2016-08-31,0.249462385181177,,,
2016-09-01,0.242908426329463,,,
2016-09-02,0.249447976078547,,,
2016-09-03,0.250019151460284,,,
2016-09-04,0.250039145474305,,,
2016-09-05,0.243125465048711,,,
2016-09-06,0.248370707340825,,,
2016-09-07,0.239235523633742,,,
2016-09-08,0.238246486930749,,,
2016-09-09,0.242070637790032,,,
2016-09-10,0.240378123685054,,,
2016-09-11,0.244294748718415,,,
2016-09-12,0.257897935352852,,,
2016-09-13,0.254167435113504,,,
2016-09-14,0.254769814716439,,,
2016-09-15,0.256022695326816,,,
2016-09-16,0.269286021452017,,,
2016-09-17,0.264360307029649,,,
2016-09-18,0.271380660261757,,,
2016-09-19,0.26513448400441,,,
2016-09-20,0.267169347430943,,,
2016-09-21,0.28132962810826,,,
2016-09-22,0.275522576511663,,,
2016-09-23,0.302689963590283,,,
2016-09-24,0.307374688025287,,,
2016-09-25,0.319449581035601,,,
2016-09-26,0.321895042892215,,,
2016-09-27,0.322493635443085,,,
2016-09-28,0.319639061001272,,,
2016-09-29,0.315628522772011,,,
2016-09-30,0.302181505157534,,,
2016-10-01,0.182289983927502,,,
2016-10-02,0.00477573611718526,,,
2016-10-03,0.00894014328359042,,,
2016-10-04,0.021570080046968,,,
2016-10-05,0.0294139293429516,,,
2016-10-06,0.0530289156667618,,,
2016-10-07,0.120379829594626,,,
2016-10-08,0.0976001895234956,,,
2016-10-09,0.0983181680285099,,,
2016-10-10,0.0981350987089585,,,
2016-10-11,0.0977657139744045,,,
2016-10-12,0.0964082775332526,,,
2016-10-13,0.122889896188822,,,
2016-10-14,0.115443520645733,,,
2016-10-15,0.125724485306611,,,
2016-10-16,0.0961351971614945,,,
2016-10-17,0.094508670740102,,,
2016-10-18,0.0998250558673277,,,
2016-10-19,0.0904295083734207,,,
2016-10-20,0.0868658275634703,,,
2016-10-21,0.0834309446593707,,,
2016-10-22,0.0744303290152065,,,
2016-10-23,0.079428978049082,,,
2016-10-24,0.0807295417136552,,,
2016-10-25,0.0396740385556451,,,
2016-10-26,0.0209885812384985,,,
2016-10-27,0.0224378966602834,,,
2016-10-28,0.0232096242898579,,,
2016-10-29,-0.0141101831803519,,,
2016-10-30,0.0028749298361953,,,
2016-10-31,0.0140882180339431,,,
2016-11-01,0.0115678685410217,,,
2016-11-02,0.0123439384775216,,,
2016-11-03,0.00780849749779695,,,
2016-11-04,0.0249833229480175,,,
2016-11-05,0.0226771983848801,,,
2016-11-06,0.0341982609405801,,,
2016-11-07,0.0217129098406603,,,
2016-11-08,0.0204451951073077,,,
2016-11-09,0.0316564532876814,,,
2016-11-10,0.0111734459977856,,,
2016-11-11,0.0153493296162528,,,
2016-11-12,0.0326516395502216,,,
2016-11-13,0.0387133590307527,,,
2016-11-14,0.0332300592277351,,,
2016-11-15,-0.0958629548291517,,,
2016-11-16,-0.0778301611988938,,,
2016-11-17,-0.0724205303649839,,,
2016-11-18,-0.029467103397359,,,
2016-11-19,0.0182527399439965,,,
2016-11-20,0.0203221823021952,,,
2016-11-21,0.00139718127987388,,,
2016-11-22,0.0295048889162389,,,
2016-11-23,0.0373764020367569,,,
2016-11-24,-0.0291253667604641,,,
2016-11-25,-0.0216840560268583,,,
2016-11-26,-0.0228422329161372,,,
2016-11-27,0.000795454750412594,,,
2016-11-28,-0.0000777194038161651,,,
2016-11-29,0.0136027731380454,,,
2016-11-30,0.0225517831447636,,,
2016-12-01,0.0209534845864585,,,
2016-12-02,-0.0129919312205936,,,
2016-12-03,-0.0232691925481985,,,
2016-12-04,-0.00949199068660439,,,
2016-12-05,-0.0610604121351851,,,
2016-12-06,-0.102800057049846,,,
2016-12-07,-0.0975691614649731,,,
2016-12-08,-0.0978951989036689,,,
2016-12-09,-0.099574256990666,,,
2016-12-10,-0.108964866454631,,,
2016-12-11,-0.0803319928236584,,,
2016-12-12,-0.0938926920450537,,,
2016-12-13,-0.0843326053053215,,,
2016-12-14,-0.0827306415434494,,,
2016-12-15,-0.0663224082923988,,,
2016-12-16,-0.0570360566444887,,,
2016-12-17,-0.0633053723003582,,,
2016-12-18,-0.0658488602332742,,,
2016-12-19,-0.0539125787369384,,,
2016-12-20,-0.0439899209766258,,,
2016-12-21,-0.0530042299063516,,,
2016-12-22,-0.0585870653723027,,,
2016-12-23,-0.0915427732158906,,,
2016-12-24,-0.072760527985035,,,
2016-12-25,-0.0603057050682795,,,
2016-12-26,-0.0569463459407402,,,
2016-12-27,-0.0535693863828614,,,
2016-12-28,-0.0485131582780116,,,
2016-12-29,-0.0166607208762063,,,
2016-12-30,-0.0173997500121891,,,
2016-12-31,-0.0175415244905093,,,
2017-01-01,-0.0202702055031052,,,
2017-01-02,-0.0322401800287863,,,
2017-01-03,0.0245961835574427,,,
2017-01-04,-0.0463881211148607,,,
2017-01-05,-0.0857304798721568,,,
2017-01-06,-0.0791709954280912,,,
2017-01-07,-0.0894431317185768,,,
2017-01-08,-0.0922105474799736,,,
2017-01-09,-0.0959496646396278,,,
2017-01-10,-0.115352385695393,,,
2017-01-11,-0.0619351850344531,,,
2017-01-12,-0.0724750874394309,,,
2017-01-13,-0.0718549502553136,,,
2017-01-14,-0.0649842122784096,,,
2017-01-15,-0.0627891798249438,,,
2017-01-16,-0.055030240887837,,,
2017-01-17,-0.0154905604413208,,,
2017-01-18,-0.0132579969726546,,,
2017-01-19,-0.00473006587957914,,,
2017-01-20,-0.00641433577111857,,,
2017-01-21,-0.0202303900962807,,,
2017-01-22,-0.030148812689176,,,
2017-01-23,0.0000511804344809409,,,
2017-01-24,0.0119972799126338,,,
2017-01-25,0.0102622580073006,,,
2017-01-26,0.00017810566659494,,,
2017-01-27,0.000956986917097399,,,
2017-01-28,-0.0154352817664398,,,
2017-01-29,-0.0146576307995684,,,
2017-01-30,-0.00894074779862659,,,
2017-01-31,-0.00702686058832794,,,
2017-02-01,-0.00652185799835511,,,
2017-02-02,-0.0133595832343711,,,
2017-02-03,0.0115616090611283,,,
2017-02-04,0.0621716360176244,,,
2017-02-05,0.0792405193667521,,,
2017-02-06,0.0844285828392324,,,
2017-02-07,0.0830801517689072,,,
2017-02-08,0.0932892406796307,,,
2017-02-09,0.091438907320962,,,
2017-02-10,0.0974854711578675,,,
2017-02-11,0.0867516206203198,,,
2017-02-12,0.0917815746915453,,,
2017-02-13,0.0757752657950807,,,
2017-02-14,0.0633766027895224,,,
2017-02-15,0.0580954165270853,,,
2017-02-16,0.047973717207684,,,
2017-02-17,0.0383461858210818,,,
2017-02-18,0.0439894842362954,,,
2017-02-19,0.0427743438285937,,,
2017-02-20,0.0463087402813949,,,
2017-02-21,0.09727703252272,,,
2017-02-22,0.107599956809615,,,
2017-02-23,0.124704156629595,,,
2017-02-24,0.131083224012985,,,
2017-02-25,0.114071943990937,,,
2017-02-26,0.136075779123117,,,
2017-02-27,0.116646543688928,,,
2017-02-28,0.120984617620297,,,
2017-03-01,0.045077807616042,,,
2017-03-02,0.114955365941588,,,
2017-03-03,0.122842135049833,,,
2017-03-04,0.0973949629397707,,,
2017-03-05,0.184595151278643,,,
2017-03-06,0.262921619214511,,,
2017-03-07,0.290355522971723,,,
2017-03-08,0.291879975625197,,,
2017-03-09,0.318143977985111,,,
2017-03-10,0.226957364153314,,,
2017-03-11,0.321332005982193,,,
2017-03-12,0.309784381609383,,,
2017-03-13,0.519085807547188,,,
2017-03-14,0.520316111680249,,,
2017-03-15,0.38584142525061,,,
2017-03-16,0.284127963376159,,,
2017-03-17,0.286427478151843,,,
2017-03-18,0.166827078467589,,,
2017-03-19,0.240975049003929,,,
2017-03-20,0.244723658587022,,,
2017-03-21,0.235188804903015,,,
2017-03-22,0.242785022159872,,,
2017-03-23,0.244463688360792,,,
2017-03-24,0.322147885361539,,,
2017-03-25,0.241000995312884,,,
2017-03-26,0.243730124922371,,,
2017-03-27,0.259804298276737,,,
2017-03-28,0.234759687430442,,,
2017-03-29,0.229511320599648,,,
2017-03-30,0.189496713258841,,,
2017-03-31,0.166157215809152,,,
2017-04-01,0.165783752998566,,,
2017-04-02,0.0188560183570443,,,
2017-04-03,0.0689295626380329,,,
2017-04-04,0.0679503550152816,,,
2017-04-05,0.0676915375762806,,,
2017-04-06,0.0636517363568124,,,
2017-04-07,0.0741401507574049,,,
2017-04-08,0.0771178651981089,,,
2017-04-09,0.0853929314964935,,,
2017-04-10,0.0827884726569969,,,
2017-04-11,0.0836262290256406,,,
2017-04-12,0.0841203341452452,,,
2017-04-13,0.0858838592899532,,,
2017-04-14,0.0912644336729089,,,
2017-04-15,0.0966965364080158,,,
2017-04-16,0.0913157048536271,,,
2017-04-17,0.0912521686652447,,,
2017-04-18,0.087702039609031,,,
2017-04-19,0.089268040513586,,,
2017-04-20,0.0894238497058567,,,
2017-04-21,0.0875689443467222,,,
2017-04-22,0.0869319996094294,,,
2017-04-23,0.0774437485214752,,,
2017-04-24,0.0768348925098143,,,
2017-04-25,0.0733893014493548,,,
2017-04-26,0.0745735586448711,,,
2017-04-27,0.112270736483783,,,
2017-04-28,0.125913731187035,,,
2017-04-29,0.11819162307409,,,
2017-04-30,0.123488187834466,,,
2017-05-01,0.131447602002839,,,
2017-05-02,0.137192904493806,,,
2017-05-03,0.133473233991871,,,
2017-05-04,0.144767311080743,,,
2017-05-05,0.134485136386276,,,
2017-05-06,0.121284516848443,,,
2017-05-07,0.110358987827525,,,
2017-05-08,0.138311370669905,,,
2017-05-09,0.161894792151458,,,
2017-05-10,0.159055222362096,,,
2017-05-11,0.160538743286777,,,
2017-05-12,0.144112502885085,,,
2017-05-13,0.141975348823203,,,
2017-05-14,0.166988931488522,,,
2017-05-15,0.201870406310856,,,
2017-05-16,0.203295908352089,,,
2017-05-17,0.207982332699312,,,
2017-05-18,0.243618593791253,,,
2017-05-19,0.196593099244389,,,
2017-05-20,0.186758822757965,,,
2017-05-21,0.281459848905354,,,
2017-05-22,0.284694589114495,,,
2017-05-23,0.286084926570322,,,
2017-05-24,0.276147640297106,,,
2017-05-25,0.289540030623908,,,
2017-05-26,0.301733338392757,,,
2017-05-27,0.314981188816331,,,
2017-05-28,0.323327318217108,,,
2017-05-29,0.333525644269798,,,
2017-05-30,0.29555643974652,,,
2017-05-31,0.294598264285987,,,
2017-06-01,0.385264519708727,,,
2017-06-02,0.352612335550502,,,
2017-06-03,0.348440043539361,,,
2017-06-04,0.337974973504685,,,
2017-06-05,0.328457145304077,,,
2017-06-06,0.31515590733904,,,
2017-06-07,0.32362774238967,,,
2017-06-08,0.316326181590608,,,
2017-06-09,0.309766468524911,,,
2017-06-10,0.266850116507588,,,
2017-06-11,0.262928003376209,,,
2017-06-12,0.237044240329653,,,
2017-06-13,0.230760831683499,,,
2017-06-14,0.257037001745925,,,
2017-06-15,0.262746213542535,,,
2017-06-16,0.261991086861706,,,
2017-06-17,0.263188701963593,,,
2017-06-18,0.270604597745628,,,
2017-06-19,0.270591714663124,,,
2017-06-20,0.270641043816882,,,
2017-06-21,0.283619574749827,,,
2017-06-22,0.28973534138892,,,
2017-06-23,0.290108738376791,,,
2017-06-24,0.299577341745261,,,
2017-06-25,0.31321942271797,,,
2017-06-26,0.299491722346923,,,
2017-06-27,0.290660474338132,,,
2017-06-28,0.29703550005222,,,
2017-06-29,0.312167644497848,,,
2017-06-30,0.311745645877252,,,
2017-07-01,0.316665132595915,,,
2017-07-02,0.317737390417822,,,
2017-07-03,0.312790586516748,,,
2017-07-04,0.323472244502586,,,
2017-07-05,0.334846621593623,,,
2017-07-06,0.359095364986065,,,
2017-07-07,0.343582358148743,,,
2017-07-08,0.334219248137963,,,
2017-07-09,0.337643822353316,,,
2017-07-10,0.375135607946733,,,
2017-07-11,0.37692318045302,,,
2017-07-12,0.38314029901871,,,
2017-07-13,0.388365787412448,,,
2017-07-14,0.394604884516274,,,
2017-07-15,0.405860435393344,,,
2017-07-16,0.44309030525909,,,
2017-07-17,0.462652507123097,,,
2017-07-18,0.526811909971029,,,
2017-07-19,0.55087434666212,,,
2017-07-20,0.561026155716972,,,
2017-07-21,0.561242581784527,,,
2017-07-22,0.558462120500582,,,
2017-07-23,0.578718925410745,,,
2017-07-24,0.573671011061127,,,
2017-07-25,0.574405441727229,,,
2017-07-26,0.569329211048346,,,
2017-07-27,0.558298876422343,,,
2017-07-28,0.548804967304648,,,
2017-07-29,0.615193316148316,,,
2017-07-30,0.617604015770952,,,
2017-07-31,0.627496294451997,,,
2017-08-01,0.642572935199873,,,
2017-08-02,0.654137923916373,,,
2017-08-03,0.666861982286433,,,
2017-08-04,0.701352129981156,,,
2017-08-05,0.718949356396178,,,
2017-08-06,0.711530922527205,,,
2017-08-07,0.713405982941134,,,
2017-08-08,0.71858577899996,,,
2017-08-09,0.786420487507395,,,
2017-08-10,0.800346583015284,,,
2017-08-11,0.862361262388314,,,
2017-08-12,0.863492166768166,,,
2017-08-13,0.858684763385263,,,
2017-08-14,0.857839622291533,,,
2017-08-15,0.860964691806133,,,
2017-08-16,0.863427738950079,,,
2017-08-17,0.862403544734002,,,
2017-08-18,0.862218010397931,,,
2017-08-19,0.867979223027953,,,
2017-08-20,0.865221057004218,,,
2017-08-21,0.863174050763794,,,
2017-08-22,0.862238027016443,,,
2017-08-23,0.860769424519174,,,
2017-08-24,0.85616054052182,,,
2017-08-25,0.854716538067096,,,
2017-08-26,0.859372244395024,,,
2017-08-27,0.85960334774846,,,
2017-08-28,0.857716664043211,,,
2017-08-29,0.8577968454613,,,
2017-08-30,0.840788814377484,,,
2017-08-31,0.837407192293022,,,
2017-09-01,0.786440486543635,,,
2017-09-02,0.795196663566069,,,
2017-09-03,0.809115408937978,,,
2017-09-04,0.816348178514997,,,
2017-09-05,0.811285897652369,,,
2017-09-06,0.811003598526418,,,
2017-09-07,0.810426171702674,,,
2017-09-08,0.800477311469184,,,
2017-09-09,0.799138423036448,,,
2017-09-10,0.791862882982205,,,
2017-09-11,0.790087488416201,,,
2017-09-12,0.788692254169,,,
2017-09-13,0.784514777895232,,,
2017-09-14,0.803974584276259,,,
2017-09-15,0.766137964475158,,,
2017-09-16,0.735208076108647,,,
2017-09-17,0.738014786048283,,,
2017-09-18,0.724990216400266,,,
2017-09-19,0.733625627983934,,,
2017-09-20,0.726776581270081,,,
2017-09-21,0.735972103927754,,,
2017-09-22,0.736123771944136,,,
2017-09-23,0.722334351541821,,,
2017-09-24,0.722504511248166,,,
2017-09-25,0.668863546301546,,,
2017-09-26,0.666162552710426,,,
2017-09-27,0.668322746882373,,,
2017-09-28,0.671130366031083,,,
2017-09-29,0.664911166018467,,,
2017-09-30,0.663818230056073,,,
2017-10-01,0.661128206905014,,,
2017-10-02,0.66017583436465,,,
2017-10-03,0.663823363606373,,,
2017-10-04,0.64448405605601,,,
2017-10-05,0.661714803685868,,,
2017-10-06,0.662777695165493,,,
2017-10-07,0.67277239409575,,,
2017-10-08,0.672983827812657,,,
2017-10-09,0.67651503669871,,,
2017-10-10,0.679500192509039,,,
2017-10-11,0.679155918340413,,,
2017-10-12,0.679185485484739,,,
2017-10-13,0.654619186885698,,,
2017-10-14,0.655742858062763,,,
2017-10-15,0.655826655770651,,,
2017-10-16,0.646962060774503,,,
2017-10-17,0.652877368511297,,,
2017-10-18,0.653105004154552,,,
2017-10-19,0.6506340187509,,,
2017-10-20,0.658507041493037,,,
2017-10-21,0.659907793157029,,,
2017-10-22,0.654047576579431,,,
2017-10-23,0.653460053719919,,,
2017-10-24,0.660994718648313,,,
2017-10-25,0.660708965609194,,,
2017-10-26,0.662592989887042,,,
2017-10-27,0.661658214312158,,,
2017-10-28,0.661160971639947,,,
2017-10-29,0.657536229177704,,,
2017-10-30,0.657501264027418,,,
2017-10-31,0.685899079396201,,,
2017-11-01,0.673125689275967,,,
2017-11-02,0.666782127704037,,,
2017-11-03,0.635824552589338,,,
2017-11-04,0.629085426352602,,,
2017-11-05,0.628977721657613,,,
2017-11-06,0.62823135698901,,,
2017-11-07,0.610764398372401,,,
2017-11-08,0.613942692153424,,,
2017-11-09,0.616424167447816,,,
2017-11-10,0.62949452969734,,,
2017-11-11,0.625065438272791,,,
2017-11-12,0.619803417921314,,,
2017-11-13,0.499986952002128,,,
2017-11-14,0.519082230831587,,,
2017-11-15,0.504230040757123,,,
2017-11-16,0.503907044513457,,,
2017-11-17,0.489531015399627,,,
2017-11-18,0.476889770494729,,,
2017-11-19,0.474672136213066,,,
2017-11-20,0.43491742720102,,,
2017-11-21,0.43478348360873,,,
2017-11-22,0.40728307195323,,,
2017-11-23,0.392547511849563,,,
2017-11-24,0.332708613898628,,,
2017-11-25,0.324343641910161,,,
2017-11-26,0.334906043546433,,,
2017-11-27,0.324767639792517,,,
2017-11-28,0.290186628331341,,,
2017-11-29,0.330022288245491,,,
2017-11-30,0.32958660665761,,,
2017-12-01,0.326856089877105,,,
2017-12-02,0.32211765337919,,,
2017-12-03,0.321420264144386,,,
2017-12-04,0.316219024740734,,,
2017-12-05,0.31703390105228,,,
2017-12-06,0.296319608843799,,,
2017-12-07,0.294521262167709,,,
2017-12-08,0.276372144635916,,,
2017-12-09,0.259124255856915,,,
2017-12-10,0.262697487399776,,,
2017-12-11,0.256098363396018,,,
2017-12-12,0.407325125500904,,,
2017-12-13,0.408098805593496,,,
2017-12-14,0.403446483422321,,,
2017-12-15,0.411042574738522,,,
2017-12-16,0.299307340030069,,,
2017-12-17,0.296305444880493,,,
2017-12-18,0.294815757683427,,,
2017-12-19,0.27759571848459,,,
2017-12-20,0.248703480648796,,,
2017-12-21,0.244669196159623,,,
2017-12-22,0.287885499329052,,,
2017-12-23,0.297390888533294,,,
2017-12-24,0.271659656797156,,,
2017-12-25,0.267041106197795,,,
2017-12-26,0.265739515482372,,,
2017-12-27,0.268701286593967,,,
2017-12-28,0.275151523554777,,,
2017-12-29,0.278318752385163,,,
2017-12-30,0.29405717145257,,,
2017-12-31,0.291379748957182,,,
2018-01-01,0.291733910037823,,,
2018-01-02,0.289480827619521,,,
2018-01-03,0.283919746374606,,,
2018-01-04,0.282677059404832,,,
2018-01-05,0.260243286204662,,,
2018-01-06,0.26347074976814,,,
2018-01-07,0.273863908847379,,,
2018-01-08,0.267516055539235,,,
2018-01-09,0.195981665058158,,,
2018-01-10,0.205229460412857,,,
2018-01-11,0.219521734707115,,,
2018-01-12,0.231909761899916,,,
2018-01-13,0.22437435533935,,,
2018-01-14,0.234056672210628,,,
2018-01-15,0.257447410649789,,,
2018-01-16,0.337788372865873,,,
2018-01-17,0.32559253495648,,,
2018-01-18,0.326056191024732,,,
2018-01-19,0.327401675161486,,,
2018-01-20,0.326740064648984,,,
2018-01-21,0.353312468946878,,,
2018-01-22,0.361673544865777,,,
2018-01-23,0.378051568622548,,,
2018-01-24,0.381703653142433,,,
2018-01-25,0.379985064991919,,,
2018-01-26,0.381043905945466,,,
2018-01-27,0.393761903798148,,,
2018-01-28,0.372346613768781,,,
2018-01-29,0.37961164511477,,,
2018-01-30,0.399268742368917,,,
2018-01-31,0.396856007853492,,,
2018-02-01,0.411505072209364,,,
2018-02-02,0.428010904363686,,,
2018-02-03,0.431325160724829,,,
2018-02-04,0.458098509460156,,,
2018-02-05,0.488006480747013,,,
2018-02-06,0.509319557171145,,,
2018-02-07,0.514510133759772,,,
2018-02-08,0.516046292449797,,,
2018-02-09,0.525472629513778,,,
2018-02-10,0.511679655796409,,,
2018-02-11,0.50966659758405,,,
2018-02-12,0.514758951719797,,,
2018-02-13,0.512958275475728,,,
2018-02-14,0.602455604969849,,,
2018-02-15,0.600814969451749,,,
2018-02-16,0.600352854986058,,,
2018-02-17,0.614772508207313,,,
2018-02-18,0.644000627771329,,,
2018-02-19,0.650407888670663,,,
2018-02-20,0.624864719801591,,,
2018-02-21,0.624166097997174,,,
2018-02-22,0.657731174795638,,,
2018-02-23,0.660820965097745,,,
2018-02-24,0.661843692608778,,,
2018-02-25,0.661537877799467,,,
2018-02-26,0.660632074504721,,,
2018-02-27,0.660036260423009,,,
2018-02-28,0.658529451820525,,,
2018-03-01,0.658660885633504,,,
2018-03-02,0.657558698912972,,,
2018-03-03,0.671214921216199,,,
2018-03-04,0.675939735835838,,,
2018-03-05,0.676071516051786,,,
2018-03-06,0.729973858386321,,,
2018-03-07,0.734733913354855,,,
2018-03-08,0.715502238794711,,,
2018-03-09,0.733929539128586,,,
2018-03-10,0.805391626053776,,,
2018-03-11,0.808838447653842,,,
2018-03-12,0.805022202389036,,,
2018-03-13,0.796331466223069,,,
2018-03-14,0.820275424016551,,,
2018-03-15,0.821931390516343,,,
2018-03-16,0.821522068016732,,,
2018-03-17,0.799251600389567,,,
2018-03-18,0.831549006469857,,,
2018-03-19,0.829592561800913,,,
2018-03-20,0.828942168057787,,,
2018-03-21,0.831133736615851,,,
2018-03-22,0.823732293142709,,,
2018-03-23,0.822562896730991,,,
2018-03-24,0.82206142982713,,,
2018-03-25,0.820506267263079,,,
2018-03-26,0.825738638589454,,,
2018-03-27,0.825184412250775,,,
2018-03-28,0.82685238346537,,,
2018-03-29,0.851910079919125,,,
2018-03-30,0.848807768879356,,,
2018-03-31,0.843722649026606,,,
2018-04-01,0.85023683064686,,,
2018-04-02,0.850940977785583,,,
2018-04-03,0.848423564488365,,,
2018-04-04,0.852474630070256,,,
2018-04-05,0.843406752857836,,,
2018-04-06,0.82115955123789,,,
2018-04-07,0.789449282855826,,,
2018-04-08,0.788349377694182,,,
2018-04-09,0.786014387852619,,,
2018-04-10,0.778954447822708,,,
2018-04-11,0.783484618223697,,,
2018-04-12,0.798249079434285,,,
2018-04-13,0.78899324556149,,,
2018-04-14,0.795696071153826,,,
2018-04-15,0.785747304285065,,,
2018-04-16,0.787367916197897,,,
2018-04-17,0.788124331678053,,,
2018-04-18,0.790976214382491,,,
2018-04-19,0.787264346828537,,,
2018-04-20,0.762839741101746,,,
2018-04-21,0.794809448370743,,,
2018-04-22,0.791111925703194,,,
2018-04-23,0.787145348728244,,,
2018-04-24,0.772352830005384,,,
2018-04-25,0.787775493730014,,,
2018-04-26,0.79656743661678,,,
2018-04-27,0.795729214480215,,,
2018-04-28,0.795444382863959,,,
2018-04-29,0.793908003050127,,,
2018-04-30,0.794395809136204,,,
2018-05-01,0.811297136166618,,,
2018-05-02,0.813728708497355,,,
2018-05-03,0.799096752308976,,,
2018-05-04,0.794129248661046,,,
2018-05-05,0.791790315127449,,,
2018-05-06,0.787883795236797,,,
2018-05-07,0.796229815356137,,,
2018-05-08,0.787245212190366,,,
2018-05-09,0.779612898881543,,,
2018-05-10,0.778148659325499,,,
2018-05-11,0.782222580388074,,,
2018-05-12,0.782303957047501,,,
2018-05-13,0.76900263510304,,,
2018-05-14,0.7694463261535,,,
2018-05-15,0.765403002217418,,,
2018-05-16,0.754781353393495,,,
2018-05-17,0.758085076584733,,,
2018-05-18,0.766027321551829,,,
2018-05-19,0.769945764783516,,,
2018-05-20,0.770997654957327,,,
2018-05-21,0.771608192754278,,,
2018-05-22,0.781309939414889,,,
2018-05-23,0.792895095936369,,,
2018-05-24,0.793524064789121,,,
2018-05-25,0.790473392687355,,,
2018-05-26,0.79006751311868,,,
2018-05-27,0.791832083391223,,,
2018-05-28,0.775309664148547,,,
2018-05-29,0.784739367014832,,,
2018-05-30,0.785443147436741,,,
2018-05-31,0.785005954002296,,,
2018-06-01,0.785443753881644,,,
2018-06-02,0.77750049307717,,,
2018-06-03,0.763185010467601,,,
2018-06-04,0.766195715097997,,,
2018-06-05,0.765279235834512,,,
2018-06-06,0.759222485480063,,,
2018-06-07,0.76056595873038,,,
2018-06-08,0.760432363450942,,,
2018-06-09,0.764927343528513,,,
2018-06-10,0.795726487673595,,,
2018-06-11,0.774609629469169,,,
2018-06-12,0.78207160898854,,,
2018-06-13,0.775260232493437,,,
2018-06-14,0.785660719465053,,,
2018-06-15,0.792036873999178,,,
2018-06-16,0.799782010730797,,,
2018-06-17,0.826662239546763,,,
2018-06-18,0.822587631332248,,,
2018-06-19,0.836271629284363,,,
2018-06-20,0.836911451569869,,,
2018-06-21,0.836550112375722,,,
2018-06-22,0.849073671494429,,,
2018-06-23,0.853074913605373,,,
2018-06-24,0.841787488995205,,,
2018-06-25,0.834051664397699,,,
2018-06-26,0.833644422388285,,,
2018-06-27,0.833563911865332,,,
2018-06-28,0.836096379701542,,,
2018-06-29,0.837187619199999,,,
2018-06-30,0.841973212849734,,,
2018-07-01,0.842232250216539,,,
2018-07-02,0.859468331284338,,,
2018-07-03,0.869634016603778,,,
2018-07-04,0.879199055892337,,,
2018-07-05,0.875591631744722,,,
2018-07-06,0.881404751025514,,,
2018-07-07,0.895045329425305,,,
2018-07-08,0.90191719639947,,,
2018-07-09,0.900423689448097,,,
2018-07-10,0.904581069149157,,,
2018-07-11,0.903071457500156,,,
2018-07-12,0.90449155622634,,,
2018-07-13,0.904679903859678,,,
2018-07-14,0.911360428136945,,,
2018-07-15,0.914120727741936,,,
2018-07-16,0.881078433093356,,,
2018-07-17,0.870647835856169,,,
2018-07-18,0.800542857643191,,,
2018-07-19,0.792823283759028,,,
2018-07-20,0.792033716941209,,,
2018-07-21,0.784598553084342,,,
2018-07-22,0.773249705623798,,,
2018-07-23,0.773533843798041,,,
2018-07-24,0.776151369460265,,,
2018-07-25,0.778170750073005,,,
2018-07-26,0.776373278433245,,,
2018-07-27,0.777531618820806,,,
2018-07-28,0.771861032540617,,,
2018-07-29,0.768225785705789,,,
2018-07-30,0.76799883498133,,,
2018-07-31,0.774153649191324,,,
2018-08-01,0.764318128542156,,,
2018-08-02,0.768522084119515,,,
2018-08-03,0.761839928713651,,,
2018-08-04,0.761710906679239,,,
2018-08-05,0.764368906829758,,,
2018-08-06,0.76112278207411,,,
2018-08-07,0.761722765558465,,,
2018-08-08,0.769528861966576,,,
2018-08-09,0.748899887194389,,,
2018-08-10,0.750582434540954,,,
2018-08-11,0.751727181620251,,,
2018-08-12,0.754420544890181,,,
2018-08-13,0.732847218334022,,,
2018-08-14,0.73163120587103,,,
2018-08-15,0.729899431131432,,,
2018-08-16,0.725971719190299,,,
2018-08-17,0.745424949166729,,,
2018-08-18,0.754316838135604,,,
2018-08-19,0.755180390131874,,,
2018-08-20,0.74928647021561,,,
2018-08-21,0.727020873673183,,,
2018-08-22,0.730074558678429,,,
2018-08-23,0.727201639351296,,,
2018-08-24,0.7280800889215,,,
2018-08-25,0.725769940038291,,,
2018-08-26,0.726469301545511,,,
2018-08-27,0.717520903376291,,,
2018-08-28,0.719546955415865,,,
2018-08-29,0.717185527984377,,,
2018-08-30,0.624817225736969,,,
2018-08-31,0.42713016663617,,,
2018-09-01,0.44981110364982,,,
2018-09-02,0.431688269144775,,,
2018-09-03,0.43210185656092,,,
2018-09-04,0.432834150315321,,,
2018-09-05,0.44104935388573,,,
2018-09-06,0.441810679564857,,,
2018-09-07,0.429203037048763,,,
2018-09-08,0.38848302070709,,,
2018-09-09,0.393510888426175,,,
2018-09-10,0.386669550538929,,,
2018-09-11,0.398584691040247,,,
2018-09-12,0.399591111295791,,,
2018-09-13,0.357882746065486,,,
2018-09-14,0.327069217771674,,,
2018-09-15,0.305155959345329,,,
2018-09-16,0.321106204267242,,,
2018-09-17,0.33060772854972,,,
2018-09-18,0.301072637202265,,,
2018-09-19,0.296398561342053,,,
2018-09-20,0.292400909912296,,,
2018-09-21,0.277141521558872,,,
2018-09-22,0.270924756474928,,,
2018-09-23,0.272121716437271,,,
2018-09-24,0.280166906444756,,,
2018-09-25,0.278954474462781,,,
2018-09-26,0.279660766215008,,,
2018-09-27,0.282289160690376,,,
2018-09-28,0.282853471935054,,,
2018-09-29,0.268516877914991,,,
2018-09-30,0.268846995794302,,,
2018-10-01,0.268027303925157,,,
2018-10-02,0.272418301225834,,,
2018-10-03,0.272425147115948,,,
2018-10-04,0.270520226980846,,,
2018-10-05,0.269592047204393,,,
2018-10-06,0.262504810410831,,,
2018-10-07,0.247566063742096,,,
2018-10-08,0.239953842235609,,,
2018-10-09,0.22216412602169,,,
2018-10-10,0.221112547365494,,,
2018-10-11,0.259967653117909,,,
2018-10-12,0.252253473632287,,,
2018-10-13,0.247421330014916,,,
2018-10-14,0.248743333862862,,,
2018-10-15,0.244292533596719,,,
2018-10-16,0.216533455696825,,,
2018-10-17,0.20782518624839,,,
2018-10-18,0.209873692867973,,,
2018-10-19,0.199874342763382,,,
2018-10-20,0.199267160366125,,,
2018-10-21,0.193945898124191,,,
2018-10-22,0.193667221621161,,,
2018-10-23,0.191277585605866,,,
2018-10-24,0.189433274543642,,,
2018-10-25,0.1888861457505,,,
2018-10-26,0.190095766332707,,,
2018-10-27,0.18250247668647,,,
2018-10-28,0.177494654246234,,,
2018-10-29,0.20064961339436,,,
2018-10-30,0.289963640863044,,,
2018-10-31,0.266690351670706,,,
2018-11-01,0.302532971630196,,,
2018-11-02,0.311981843785948,,,
2018-11-03,0.313617731590253,,,
2018-11-04,0.238612492325253,,,
2018-11-05,0.243538756387318,,,
2018-11-06,0.289045924132401,,,
2018-11-07,0.370968025106914,,,
2018-11-08,0.384327460199802,,,
2018-11-09,0.460228718336433,,,
2018-11-10,0.429462386402544,,,
2018-11-11,0.437695261558221,,,
2018-11-12,0.447294973031755,,,
2018-11-13,0.455363550281068,,,
2018-11-14,0.500653853552743,,,
2018-11-15,0.510404157150043,,,
2018-11-16,0.50267397765261,,,
2018-11-17,0.536435528926206,,,
2018-11-18,0.544565327614413,,,
2018-11-19,0.572874774091358,,,
2018-11-20,0.60391223884443,,,
2018-11-21,0.636179778850402,,,
2018-11-22,0.632953301718258,,,
2018-11-23,0.621984038304339,,,
2018-11-24,0.647909761771477,,,
2018-11-25,0.650091720876117,,,
2018-11-26,0.648037130524231,,,
2018-11-27,0.649770031799231,,,
2018-11-28,0.689125371403226,,,
2018-11-29,0.685337578364761,,,
2018-11-30,0.68609521462064,,,
2018-12-01,0.691482202251858,,,
2018-12-02,0.691059519830315,,,
2018-12-03,0.6884875632392,,,
2018-12-04,0.688035617576886,,,
2018-12-05,0.67886199545479,,,
2018-12-06,0.669090372805308,,,
2018-12-07,0.671287330606012,,,
2018-12-08,0.670824854053176,,,
2018-12-09,0.669548174788574,,,
2018-12-10,0.636456213271578,,,
2018-12-11,0.633275385965714,,,
2018-12-12,0.635459442005918,,,
2018-12-13,0.631464216358947,,,
2018-12-14,0.63424060049609,,,
2018-12-15,0.639829037545193,,,
2018-12-16,0.662226612201495,,,
2018-12-17,0.705704047509519,,,
2018-12-18,0.698352742986199,,,
2018-12-19,0.69218259924908,,,
2018-12-20,0.648621943620459,,,
2018-12-21,0.65585660051986,,,
2018-12-22,0.656927997483413,,,
2018-12-23,0.652465977882303,,,
2018-12-24,0.646778590970978,,,
2018-12-25,0.662176519708159,,,
2018-12-26,0.666619013188403,,,
2018-12-27,0.665254228182082,,,
2018-12-28,0.653260847240594,,,
2018-12-29,0.649255694675912,,,
2018-12-30,0.650604165552053,,,
2018-12-31,0.649335896966655,,,
2019-01-01,0.652179713642775,,,
2019-01-02,0.640191908089942,,,
2019-01-03,0.647593835230348,,,
2019-01-04,0.645608117437567,,,
2019-01-05,0.642855306923139,,,
2019-01-06,0.643427646838549,,,
2019-01-07,0.646156930035544,,,
2019-01-08,0.653670835407468,,,
2019-01-09,0.657913549145228,,,
2019-01-10,0.668219452859679,,,
2019-01-11,0.669776997742722,,,
2019-01-12,0.671892162759558,,,
2019-01-13,0.651429059520564,,,
2019-01-14,0.65124008992311,,,
2019-01-15,0.652240822913719,,,
2019-01-16,0.66303969248793,,,
2019-01-17,0.662666734523445,,,
2019-01-18,0.63899089188468,,,
2019-01-19,0.622658769696058,,,
2019-01-20,0.622566651302791,,,
2019-01-21,0.616958000145177,,,
2019-01-22,0.616637096087408,,,
2019-01-23,0.603234840435696,,,
2019-01-24,0.603450135269926,,,
2019-01-25,0.591938263458784,,,
2019-01-26,0.594590936541463,,,
2019-01-27,0.568153874031595,,,
2019-01-28,0.575196842149617,,,
2019-01-29,0.572612399056461,,,
2019-01-30,0.570507220567661,,,
2019-01-31,0.570612297180916,,,
2019-02-01,0.565613880538517,,,
2019-02-02,0.566073459332599,,,
2019-02-03,0.569179781892033,,,
2019-02-04,0.563796996438786,,,
2019-02-05,0.563508010576297,,,
2019-02-06,0.565987891482938,,,
2019-02-07,0.566310673435466,,,
2019-02-08,0.592462976948608,,,
2019-02-09,0.591304990594052,,,
2019-02-10,0.587470236220414,,,
2019-02-11,0.592358573863286,,,
2019-02-12,0.593412578435028,,,
2019-02-13,0.592820531351261,,,
2019-02-14,0.593298461578457,,,
2019-02-15,0.675112274173357,,,
2019-02-16,0.669464022911065,,,
2019-02-17,0.722111617990536,,,
2019-02-18,0.761600004495754,,,
2019-02-19,0.782185427817413,,,
2019-02-20,0.779588745121945,,,
2019-02-21,0.781538170199548,,,
2019-02-22,0.789572409675831,,,
2019-02-23,0.780995609443327,,,
2019-02-24,0.808013790082112,,,
2019-02-25,0.798364938674891,,,
2019-02-26,0.800577203936919,,,
2019-02-27,0.812302541055383,,,
2019-02-28,0.810295210000117,,,
2019-03-01,0.80378538665448,,,
2019-03-02,0.790976894279084,,,
2019-03-03,0.826330318798171,,,
2019-03-04,0.824536445694325,,,
2019-03-05,0.837357796773542,,,
2019-03-06,0.837622684769513,,,
2019-03-07,0.83550565487444,,,
2019-03-08,0.832663881545503,,,
2019-03-09,0.833821466999433,,,
2019-03-10,0.833857490441692,,,
2019-03-11,0.817050037724936,,,
2019-03-12,0.803424310401925,,,
2019-03-13,0.803447879110665,,,
2019-03-14,0.806634669053869,,,
2019-03-15,0.834818701400483,,,
2019-03-16,0.832053518586237,,,
2019-03-17,0.830819501965677,,,
2019-03-18,0.830799696971907,,,
2019-03-19,0.828942548219463,,,
2019-03-20,0.829991955019262,,,
2019-03-21,0.824536862454029,,,
2019-03-22,0.825205450570938,,,
2019-03-23,0.828293286720347,,,
2019-03-24,0.827567889058181,,,
2019-03-25,0.826130184410101,,,
2019-03-26,0.824911683397063,,,
2019-03-27,0.828212545860407,,,
2019-03-28,0.827305747714185,,,
2019-03-29,0.821661083693902,,,
2019-03-30,0.820838907335012,,,
2019-03-31,0.819356334416733,,,
2019-04-01,0.501931227239298,,,
2019-04-02,0.644679184263147,,,
2019-04-03,0.594291210153448,,,
2019-04-04,0.477021159135762,,,
2019-04-05,0.455485364712371,,,
2019-04-06,0.452590380083255,,,
2019-04-07,0.440235500316398,,,
2019-04-08,0.382951046220247,,,
2019-04-09,0.364286838268155,,,
2019-04-10,0.363800488329393,,,
2019-04-11,0.403282710000108,,,
2019-04-12,0.396658465255649,,,
2019-04-13,0.395674616004559,,,
2019-04-14,0.39386046203584,,,
2019-04-15,0.404399527821076,,,
2019-04-16,0.403743062035525,,,
2019-04-17,0.403784057763889,,,
2019-04-18,0.404017451164436,,,
2019-04-19,0.407498325410372,,,
2019-04-20,0.40785157062811,,,
2019-04-21,0.416356232686957,,,
2019-04-22,0.41314641798203,,,
2019-04-23,0.412408808942549,,,
2019-04-24,0.429893360503294,,,
2019-04-25,0.415604750310662,,,
2019-04-26,0.413530999084605,,,
2019-04-27,0.41068052113328,,,
2019-04-28,0.413781752447433,,,
2019-04-29,0.415561754041396,,,
2019-04-30,0.422302522578268,,,
2019-05-01,0.42418899394316,,,
2019-05-02,0.422224005116739,,,
2019-05-03,0.420052316054904,,,
2019-05-04,0.425433781656,,,
2019-05-05,0.427132772405736,,,
2019-05-06,0.400097686060193,,,
2019-05-07,0.402727420781432,,,
2019-05-08,0.402573451589839,,,
2019-05-09,0.40160016270087,,,
2019-05-10,0.399052993991849,,,
2019-05-11,0.472934875870864,,,
2019-05-12,0.49394502341271,,,
2019-05-13,0.498709607974704,,,
2019-05-14,0.54060798576337,,,
2019-05-15,0.571190724439821,,,
2019-05-16,0.539328839322316,,,
2019-05-17,0.559131589558805,,,
2019-05-18,0.554286794650934,,,
2019-05-19,0.566055758895579,,,
2019-05-20,0.572454281477692,,,
2019-05-21,0.572576014400129,,,
2019-05-22,0.581916436080068,,,
2019-05-23,0.579731913206552,,,
2019-05-24,0.580136167869958,,,
2019-05-25,0.580269669510839,,,
2019-05-26,0.579749179434139,,,
2019-05-27,0.579442336094174,,,
2019-05-28,0.579074167645369,,,
2019-05-29,0.579340020905127,,,
2019-05-30,0.572662500267858,,,
2019-05-31,0.632675139358507,,,
2019-06-01,0.5640605545408,,,
2019-06-02,0.599493943653057,,,
2019-06-03,0.720813950980783,,,
2019-06-04,0.7411615943589,,,
2019-06-05,0.746459298520634,,,
2019-06-06,0.745414272427426,,,
2019-06-07,0.822862162547021,,,
2019-06-08,0.822238680562216,,,
2019-06-09,0.825443621623926,,,
2019-06-10,0.820808402358599,,,
2019-06-11,0.824756829933172,,,
2019-06-12,0.821328977529504,,,
2019-06-13,0.822025838238261,,,
2019-06-14,0.819402961241619,,,
2019-06-15,0.819707567178319,,,
2019-06-16,0.819759284459895,,,
2019-06-17,0.819442041760431,,,
2019-06-18,0.823399234633856,,,
2019-06-19,0.822694724354425,,,
2019-06-20,0.821132858223078,,,
2019-06-21,0.82455362986724,,,
2019-06-22,0.822468598486399,,,
2019-06-23,0.821805662448211,,,
2019-06-24,0.813715357251634,,,
2019-06-25,0.814887251718764,,,
2019-06-26,0.811658958542897,,,
2019-06-27,0.786698765701036,,,
2019-06-28,0.787349141084142,,,
2019-06-29,0.784116746693153,,,
2019-06-30,0.790407588728209,,,
2019-07-01,0.793229283683492,,,
2019-07-02,0.79306225623622,,,
2019-07-03,0.795308285959535,,,
2019-07-04,0.79733512767175,,,
2019-07-05,0.705918757944715,,,
2019-07-06,0.688518515134889,,,
2019-07-07,0.691267134097715,,,
2019-07-08,0.684677129154844,,,
2019-07-09,0.684207444104337,,,
2019-07-10,0.657048101337082,,,
2019-07-11,0.651939390830451,,,
2019-07-12,0.649970386907932,,,
2019-07-13,0.617329171291381,,,
2019-07-14,0.613294736453035,,,
2019-07-15,0.650956768084248,,,
2019-07-16,0.665808680687951,,,
2019-07-17,0.67519839709681,,,
2019-07-18,0.673408540892374,,,
2019-07-19,0.671847148662788,,,
2019-07-20,0.675258477766545,,,
2019-07-21,0.669428251751521,,,
2019-07-22,0.672884050806565,,,
2019-07-23,0.673847773730291,,,
2019-07-24,0.674921212172682,,,
2019-07-25,0.674033649055206,,,
2019-07-26,0.673636158025022,,,
2019-07-27,0.681714712865087,,,
2019-07-28,0.683115257613651,,,
2019-07-29,0.689310492281741,,,
2019-07-30,0.682923800055996,,,
2019-07-31,0.687034443125825,,,
2019-08-01,0.687743222996253,,,
2019-08-02,0.6759634400234,,,
2019-08-03,0.667552470673781,,,
2019-08-04,0.666508006310009,,,
2019-08-05,0.671379680609383,,,
2019-08-06,0.673471773170434,,,
2019-08-07,0.672152353338135,,,
2019-08-08,0.667733845158093,,,
2019-08-09,0.659916028817506,,,
2019-08-10,0.660858524764561,,,
2019-08-11,0.668623542516689,,,
2019-08-12,0.668768888087708,,,
2019-08-13,0.667217371038763,,,
2019-08-14,0.657183322164373,,,
2019-08-15,0.645905182805449,,,
2019-08-16,0.641583816282885,,,
2019-08-17,0.635567517178016,,,
2019-08-18,0.642802875247498,,,
2019-08-19,0.63876008752843,,,
2019-08-20,0.626894227956943,,,
2019-08-21,0.634838519114125,,,
2019-08-22,0.638130656147902,,,
2019-08-23,0.634665231352227,,,
2019-08-24,0.638113727186593,,,
2019-08-25,0.641107192516908,,,
2019-08-26,0.660478640601143,,,
2019-08-27,0.65797753510014,,,
2019-08-28,0.6688274145757,,,
2019-08-29,0.66570588458861,,,
2019-08-30,0.666339347837629,,,
2019-08-31,0.666184340652966,,,
2019-09-01,0.660064559537453,,,
2019-09-02,0.66463755402019,,,
2019-09-03,0.772355511736856,,,
2019-09-04,0.815094725333667,,,
2019-09-05,0.809282662059455,,,
2019-09-06,0.825864892038217,,,
2019-09-07,0.823614610666822,,,
2019-09-08,0.817239569157644,,,
2019-09-09,0.810178732421063,,,
2019-09-10,0.807620182719494,,,
2019-09-11,0.808556846516656,,,
2019-09-12,0.779748543549149,,,
2019-09-13,0.795308231463854,,,
2019-09-14,0.754149669853356,,,
2019-09-15,0.734133529122078,,,
2019-09-16,0.689205542371485,,,
2019-09-17,0.705203925177848,,,
2019-09-18,0.685310147078013,,,
2019-09-19,0.667572600325746,,,
2019-09-20,0.666678465066433,,,
2019-09-21,0.65515783266149,,,
2019-09-22,0.641502255030506,,,
2019-09-23,0.645556677480878,,,
2019-09-24,0.734689011485695,,,
2019-09-25,0.72395533567621,,,
2019-09-26,0.723722982711313,,,
2019-09-27,0.732560843102676,,,
2019-09-28,0.732715671875431,,,
2019-09-29,0.719105008884915,,,
2019-09-30,0.731733389956113,,,
2019-10-01,0.727572007295137,,,
2019-10-02,0.715625711273475,,,
2019-10-03,0.718555260667689,,,
2019-10-04,0.708690008211478,,,
2019-10-05,0.705052564628846,,,
2019-10-06,0.709227839689245,,,
2019-10-07,0.727308610721512,,,
2019-10-08,0.73059783372802,,,
2019-10-09,0.731061654058317,,,
2019-10-10,0.725166909506075,,,
2019-10-11,0.720852227535954,,,
2019-10-12,0.721077971800489,,,
2019-10-13,0.708611101925915,,,
2019-10-14,0.725710703804042,,,
2019-10-15,0.734837012792931,,,
2019-10-16,0.709690834745276,,,
2019-10-17,0.690182700604961,,,
2019-10-18,0.7003664426008,,,
2019-10-19,0.697794480111589,,,
2019-10-20,0.679141224538267,,,
2019-10-21,0.675770916996224,,,
2019-10-22,0.676525069194497,,,
2019-10-23,0.672675788106857,,,
2019-10-24,0.671094860823764,,,
2019-10-25,0.668603375852402,,,
2019-10-26,0.667104746450878,,,
2019-10-27,0.646593356312604,,,
2019-10-28,0.639178731855337,,,
2019-10-29,0.610239614594852,,,
2019-10-30,0.591398454311053,,,
2019-10-31,0.591777668282442,,,
2019-11-01,0.58346891476652,,,
2019-11-02,0.583553647747705,,,
2019-11-03,0.57960453563886,,,
2019-11-04,0.581555518912213,,,
2019-11-05,0.567867487247993,,,
2019-11-06,0.568886014813238,,,
2019-11-07,0.533551769528117,,,
2019-11-08,0.53671241481656,,,
2019-11-09,0.535803881144041,,,
2019-11-10,0.537609178469005,,,
2019-11-11,0.537813605987826,,,
2019-11-12,0.533812421660979,,,
2019-11-13,0.534603922244248,,,
2019-11-14,0.543073987733396,,,
2019-11-15,0.547693902221346,,,
2019-11-16,0.520810007490643,,,
2019-11-17,0.512508442333525,,,
2019-11-18,0.527493838992964,,,
2019-11-19,0.52633836319842,,,
2019-11-20,0.52979626696806,,,
2019-11-21,0.561109843589339,,,
2019-11-22,0.553657333154585,,,
2019-11-23,0.410145052401153,,,
2019-11-24,0.439698802424713,,,
2019-11-25,0.437850468772339,,,
2019-11-26,0.424935926952066,,,
2019-11-27,0.431674636916377,,,
2019-11-28,0.439530392500263,,,
2019-11-29,0.419348703091939,,,
2019-11-30,0.424504857950378,,,
2019-12-01,0.441008451060989,,,
2019-12-02,0.437603361340056,,,
2019-12-03,0.43945961637734,,,
2019-12-04,0.440873662861425,,,
2019-12-05,0.426391821694351,,,
2019-12-06,0.389658694666074,,,
2019-12-07,0.389463475616376,,,
2019-12-08,0.37451500173421,,,
2019-12-09,0.376198699254116,,,
2019-12-10,0.373329698716833,,,
2019-12-11,0.376910623068828,,,
2019-12-12,0.395946324124755,,,
2019-12-13,0.387255198353733,,,
2019-12-14,0.384503336212245,,,
2019-12-15,0.424430168741999,,,
2019-12-16,0.401078141739265,,,
2019-12-17,0.454047136899514,,,
2019-12-18,0.528999614942335,,,
2019-12-19,0.543450609643128,,,
2019-12-20,0.542861793554484,,,
2019-12-21,0.548103404900318,,,
2019-12-22,0.556768873242009,,,
2019-12-23,0.564092435931641,,,
2019-12-24,0.531930077525713,,,
2019-12-25,0.520759839172646,,,
2019-12-26,0.527834186217804,,,
2019-12-27,0.534473847683548,,,
2019-12-28,0.581823572121896,,,
2019-12-29,0.613196773226374,,,
2019-12-30,0.616927565827069,,,
2019-12-31,0.614941608133777,,,
2020-01-01,0.617444911594808,,,
2020-01-02,0.620867136206106,,,
2020-01-03,0.61403778053549,,,
2020-01-04,0.639838798832399,,,
2020-01-05,0.632026939249171,,,
2020-01-06,0.699000255473674,,,
2020-01-07,0.69383090562422,,,
2020-01-08,0.695890633500227,,,
2020-01-09,0.672739531843569,,,
2020-01-10,0.681541184358028,,,
2020-01-11,0.684437583798641,,,
2020-01-12,0.686746835180153,,,
2020-01-13,0.687097497359329,,,
2020-01-14,0.763806440619606,,,
2020-01-15,0.763261805552777,,,
2020-01-16,0.782538091893072,,,
2020-01-17,0.782871795446203,,,
2020-01-18,0.779265540139471,,,
2020-01-19,0.780253804798844,,,
2020-01-20,0.763725760806146,,,
2020-01-21,0.77242931038483,,,
2020-01-22,0.770860739761914,,,
2020-01-23,0.761855616045499,,,
2020-01-24,0.762069446108695,,,
2020-01-25,0.761603529800068,,,
2020-01-26,0.758036248640182,,,
2020-01-27,0.751981602940085,,,
2020-01-28,0.762393534408766,,,
2020-01-29,0.761385747619507,,,
2020-01-30,0.763697625126209,,,
2020-01-31,0.765250953752182,,,
2020-02-01,0.765328056987187,,,
2020-02-02,0.766616583087343,,,
2020-02-03,0.763745402187142,,,
2020-02-04,0.751960339416586,,,
2020-02-05,0.748623715371196,,,
2020-02-06,0.751825279719404,,,
2020-02-07,0.755970513233182,,,
2020-02-08,0.663582828631617,,,
2020-02-09,0.660420050329131,,,
2020-02-10,0.659205475286393,,,
2020-02-11,0.652591794100421,,,
2020-02-12,0.617236884184713,,,
2020-02-13,0.616694669618536,,,
2020-02-14,0.641314586112055,,,
2020-02-15,0.643184873778776,,,
2020-02-16,0.627811648281767,,,
2020-02-17,0.611952774727347,,,
2020-02-18,0.624779740382004,,,
2020-02-19,0.651299986899362,,,
2020-02-20,0.650720218951387,,,
2020-02-21,0.644716474995884,,,
2020-02-22,0.646654248790498,,,
2020-02-23,0.660566014347037,,,
2020-02-24,0.666744139092291,,,
2020-02-25,0.677699423705702,,,
2020-02-26,0.688298245461521,,,
2020-02-27,0.690628738250825,,,
2020-02-28,0.688040916654016,,,
2020-02-29,0.694725955822153,,,
2020-03-01,0.694340728677661,,,
2020-03-02,0.696657809364247,,,
2020-03-03,0.65948229235794,,,
2020-03-04,0.65751659577835,,,
2020-03-05,0.659558256564086,,,
2020-03-06,0.654092223822931,,,
2020-03-07,0.662004465504079,,,
2020-03-08,0.696414752338481,,,
2020-03-09,0.702856890142119,,,
2020-03-10,0.700981066772222,,,
2020-03-11,0.696328789498113,,,
2020-03-12,0.84382669107024,,,
2020-03-13,0.862448430320283,,,
2020-03-14,0.859497315450469,,,
2020-03-15,0.859581825108765,,,
2020-03-16,0.860506070916889,,,
2020-03-17,0.862256722911809,,,
2020-03-18,0.859239112389323,,,
2020-03-19,0.868260162454868,,,
2020-03-20,0.864965820022533,,,
2020-03-21,0.864932211757792,,,
2020-03-22,0.865324982107335,,,
2020-03-23,0.869443022542963,,,
2020-03-24,0.868994248638673,,,
2020-03-25,0.86914845321643,,,
2020-03-26,0.869451761341945,,,
2020-03-27,0.871751538354255,,,
2020-03-28,0.870876047780731,,,
2020-03-29,0.872357975031875,,,
2020-03-30,0.873341294038205,,,
2020-03-31,0.87329420229648,,,
2020-04-01,0.873265713931109,,,
2020-04-02,0.87266306258363,,,
2020-04-03,0.872772976840199,,,
2020-04-04,0.875790334449002,,,
2020-04-05,0.876737080067658,,,
2020-04-06,0.87174641777253,,,
2020-04-07,0.871403853520131,,,
2020-04-08,0.906445541930106,,,
2020-04-09,0.906127240196981,,,
2020-04-10,0.909854914528891,,,
2020-04-11,0.910928430169648,,,
2020-04-12,0.920185613439468,,,
2020-04-13,0.920758671544231,,,
2020-04-14,0.919693568585789,,,
2020-04-15,0.920840024322244,,,
2020-04-16,0.925376125550966,,,
2020-04-17,0.930960526406305,,,
2020-04-18,0.930566641495999,,,
2020-04-19,0.929546573632101,,,
2020-04-20,0.929977537740133,,,
2020-04-21,0.929580871149403,,,
2020-04-22,0.929783258610687,,,
2020-04-23,0.929353270662266,,,
2020-04-24,0.92900226097504,,,
2020-04-25,0.928513329707685,,,
2020-04-26,0.893630196450574,,,
2020-04-27,0.894374768116017,,,
2020-04-28,0.891890319506765,,,
2020-04-29,0.892648943834374,,,
2020-04-30,0.893319275610918,,,
2020-05-01,0.892701200792706,,,
2020-05-02,0.908278741564642,,,
2020-05-03,0.911853560598415,,,
2020-05-04,0.912010221785167,,,
2020-05-05,0.914627891728849,,,
2020-05-06,0.913620822842159,,,
2020-05-07,0.909584369308554,,,
2020-05-08,0.909911073697127,,,
2020-05-09,0.909909283069606,,,
2020-05-10,0.913216959429882,,,
2020-05-11,0.842370557781469,,,
2020-05-12,0.805023905044432,,,
2020-05-13,0.795814987431167,,,
2020-05-14,0.795752524257999,,,
2020-05-15,0.788838612994267,,,
2020-05-16,0.780868183202373,,,
2020-05-17,0.791237827239545,,,
2020-05-18,0.762534923803708,,,
2020-05-19,0.769532286425043,,,
2020-05-20,0.771081651158829,,,
2020-05-21,0.762397470203597,,,
2020-05-22,0.742191197657231,,,
2020-05-23,0.743896104904543,,,
2020-05-24,0.744673810538488,,,
2020-05-25,0.739396484837975,,,
2020-05-26,0.736167338141773,,,
2020-05-27,0.73531086983181,,,
2020-05-28,0.720115928265498,,,
2020-05-29,0.712124823037802,,,
2020-05-30,0.717082822556495,,,
2020-05-31,0.720105824977971,,,
2020-06-01,0.727975604209988,,,
2020-06-02,0.737740851134641,,,
2020-06-03,0.735623065362957,,,
2020-06-04,0.731635016521176,,,
2020-06-05,0.734493631156867,,,
2020-06-06,0.732942757877578,,,
2020-06-07,0.729054925722415,,,
2020-06-08,0.728041675570047,,,
2020-06-09,0.720905118298928,,,
2020-06-10,0.720811493553926,,,
2020-06-11,0.736944559031233,,,
2020-06-12,0.735907146465924,,,
2020-06-13,0.736260159239371,,,
2020-06-14,0.73222522875289,,,
2020-06-15,0.708199659514627,,,
2020-06-16,0.707679086196261,,,
2020-06-17,0.7101418240417,,,
2020-06-18,0.70896296720805,,,
2020-06-19,0.697156254799447,,,
2020-06-20,0.697115931432455,,,
2020-06-21,0.696213133073421,,,
2020-06-22,0.6842710079026,,,
2020-06-23,0.685102500433231,,,
2020-06-24,0.6813463589621,,,
2020-06-25,0.779922263908909,,,
2020-06-26,0.777854491046327,,,
2020-06-27,0.784700011366116,,,
2020-06-28,0.757503516185765,,,
2020-06-29,0.752531704536848,,,
2020-06-30,0.75030524216649,,,
2020-07-01,0.752333690712509,,,
2020-07-02,0.758055113637722,,,
2020-07-03,0.764782766080326,,,
2020-07-04,0.775274105634572,,,
2020-07-05,0.788456308523949,,,
2020-07-06,0.748539507329353,,,
2020-07-07,0.54864513102335,,,
2020-07-08,0.352725731769107,,,
2020-07-09,0.342652637931616,,,
2020-07-10,0.33227124650157,,,
2020-07-11,0.325105399348272,,,
2020-07-12,0.315235542289475,,,
2020-07-13,0.318071502907769,,,
2020-07-14,0.310574338907544,,,
2020-07-15,0.317982844525405,,,
2020-07-16,0.320266115035203,,,
2020-07-17,0.321925448163618,,,
2020-07-18,0.324442242025736,,,
2020-07-19,0.317959639172521,,,
2020-07-20,0.324941742844011,,,
2020-07-21,0.328835886946247,,,
2020-07-22,0.305324757962805,,,
2020-07-23,0.298000684211306,,,
2020-07-24,0.293537177058528,,,
2020-07-25,0.282231744361977,,,
2020-07-26,0.281997209857469,,,
2020-07-27,0.281608005545253,,,
2020-07-28,0.278267108572435,,,
2020-07-29,0.280982428027731,,,
2020-07-30,0.274400574217819,,,
2020-07-31,0.268454490212191,,,
2020-08-01,0.320915684964076,,,
2020-08-02,0.343109662631939,,,
2020-08-03,0.343584313068471,,,
2020-08-04,0.341755556517509,,,
2020-08-05,0.339459275233503,,,
2020-08-06,0.336572976766303,,,
2020-08-07,0.338062912864269,,,
2020-08-08,0.334241555719839,,,
2020-08-09,0.335537298490579,,,
2020-08-10,0.320536896182051,,,
2020-08-11,0.327140314987776,,,
2020-08-12,0.327800940725083,,,
2020-08-13,0.30491175163037,,,
2020-08-14,0.308444799265445,,,
2020-08-15,0.310662247392732,,,
2020-08-16,0.309793422936659,,,
2020-08-17,0.308190757173594,,,
2020-08-18,0.309675754103918,,,
2020-08-19,0.312176531956732,,,
2020-08-20,0.310109795852558,,,
2020-08-21,0.317780767260961,,,
2020-08-22,0.317672736597649,,,
2020-08-23,0.317696381327731,,,
2020-08-24,0.309699978570022,,,
2020-08-25,0.308746589923659,,,
2020-08-26,0.308901586298033,,,
2020-08-27,0.311562859613582,,,
2020-08-28,0.311515805281963,,,
2020-08-29,0.31029915423425,,,
2020-08-30,0.30394815096503,,,
2020-08-31,0.299704828121066,,,
2020-09-01,0.293121623931317,,,
2020-09-02,0.306624846004626,,,
2020-09-03,0.339638572154305,,,
2020-09-04,0.322839731427777,,,
2020-09-05,0.342254696128271,,,
2020-09-06,0.473395734930464,,,
2020-09-07,0.465375065536133,,,
2020-09-08,0.513651688348792,,,
2020-09-09,0.538394353946845,,,
2020-09-10,0.544923965577893,,,
2020-09-11,0.571325124367827,,,
2020-09-12,0.57964109880135,,,
2020-09-13,0.579078829855393,,,
2020-09-14,0.577167737630189,,,
2020-09-15,0.575817503922678,,,
2020-09-16,0.649807633441197,,,
2020-09-17,0.649151689522773,,,
2020-09-18,0.647076676539785,,,
2020-09-19,0.644829610288051,,,
2020-09-20,0.658181842805108,,,
2020-09-21,0.668458263436475,,,
2020-09-22,0.677762045138902,,,
2020-09-23,0.687271999011743,,,
2020-09-24,0.697875979818403,,,
2020-09-25,0.699664476537998,,,
2020-09-26,0.707698473763995,,,
2020-09-27,0.707999765870553,,,
2020-09-28,0.706162256812809,,,
2020-09-29,0.707607317582272,,,
2020-09-30,0.683018293626868,,,
2020-10-01,0.706713492188594,,,
2020-10-02,0.704092444134091,,,
2020-10-03,0.710982223800147,,,
2020-10-04,0.71371819647959,,,
2020-10-05,0.722672233233953,,,
2020-10-06,0.720192048471461,,,
2020-10-07,0.728314598665584,,,
2020-10-08,0.729380054583962,,,
2020-10-09,0.736378242980355,,,
2020-10-10,0.732778546149853,,,
2020-10-11,0.733917786582294,,,
2020-10-12,0.747467231224274,,,
2020-10-13,0.750138326012238,,,
2020-10-14,0.749253057677844,,,
2020-10-15,0.746514808797664,,,
2020-10-16,0.749754621142922,,,
2020-10-17,0.74796866904884,,,
2020-10-18,0.746320528419538,,,
2020-10-19,0.744287549295892,,,
2020-10-20,0.740716689650117,,,
2020-10-21,0.74466817964051,,,
2020-10-22,0.74692551677029,,,
2020-10-23,0.758393037547283,,,
2020-10-24,0.753485188632083,,,
2020-10-25,0.749857433917564,,,
2020-10-26,0.743378163040396,,,
2020-10-27,0.740065669698144,,,
2020-10-28,0.74375168922447,,,
2020-10-29,0.743351412947257,,,
2020-10-30,0.759140335402258,,,
2020-10-31,0.747222230421454,,,
2020-11-01,0.727201921707454,,,
2020-11-02,0.660409377526171,,,
2020-11-03,0.671392595190548,,,
2020-11-04,0.642113888486422,,,
2020-11-05,0.648259566119259,,,
2020-11-06,0.690921502815632,,,
2020-11-07,0.690204010671275,,,
2020-11-08,0.695432760189953,,,
2020-11-09,0.692932186627791,,,
2020-11-10,0.696712649059743,,,
2020-11-11,0.690967302184908,,,
2020-11-12,0.686203278254366,,,
2020-11-13,0.686572037777208,,,
2020-11-14,0.710089379413816,,,
2020-11-15,0.708040523189613,,,
2020-11-16,0.722742444745143,,,
2020-11-17,0.715430593878143,,,
2020-11-18,0.715514891369655,,,
2020-11-19,0.712494033342437,,,
2020-11-20,0.689821703620821,,,
2020-11-21,0.633079572836267,,,
2020-11-22,0.569979102171602,,,
2020-11-23,0.58457338974303,,,
2020-11-24,0.452805553080484,,,
2020-11-25,0.508440238349682,,,
2020-11-26,0.575167586970969,,,
2020-11-27,0.574838167536167,,,
2020-11-28,0.58096803090733,,,
2020-11-29,0.569674540456561,,,
2020-11-30,0.576766732696582,,,
2020-12-01,0.592267136569111,,,
2020-12-02,0.592730840143417,,,
2020-12-03,0.592996847497779,,,
2020-12-04,0.600496249123944,,,
2020-12-05,0.603307035457131,,,
2020-12-06,0.60286053614502,,,
2020-12-07,0.604816141405946,,,
2020-12-08,0.619164592946426,,,
2020-12-09,0.615843452782369,,,
2020-12-10,0.618169532624245,,,
2020-12-11,0.62111017379704,,,
2020-12-12,0.622575014930114,,,
2020-12-13,0.626268114170254,,,
2020-12-14,0.626580833924694,,,
2020-12-15,0.631337957314967,,,
2020-12-16,0.647703017989868,,,
2020-12-17,0.631399030449961,,,
2020-12-18,0.631754101488536,,,
2020-12-19,0.629856000990893,,,
2020-12-20,0.503121466865806,,,
2020-12-21,0.490058046925322,,,
2020-12-22,0.459495113599918,,,
2020-12-23,0.505189904670453,,,
2020-12-24,0.503899829064762,,,
2020-12-25,0.504570423422912,,,
2020-12-26,0.505029011473209,,,
2020-12-27,0.487355615483124,,,
2020-12-28,0.472800359851692,,,
2020-12-29,0.473825664819838,,,
2020-12-30,0.475341117931332,,,
2020-12-31,0.474708422498301,,,
2021-01-01,0.420618855499701,,,
2021-01-02,0.332621182670432,,,
2021-01-03,0.21083080620619,,,
2021-01-04,0.206493397815095,,,
2021-01-05,0.205361746597065,,,
2021-01-06,0.201187774835442,,,
2021-01-07,0.201537752496044,,,
2021-01-08,0.198107824280915,,,
2021-01-09,0.197749877823581,,,
2021-01-10,0.203750240061152,,,
2021-01-11,0.238596831437619,,,
2021-01-12,0.248396464286313,,,
2021-01-13,0.249530776492258,,,
2021-01-14,0.254125621770359,,,
2021-01-15,0.255609386606836,,,
2021-01-16,0.253642089957769,,,
2021-01-17,0.253155059792451,,,
2021-01-18,0.252529225221284,,,
2021-01-19,0.24349042458838,,,
2021-01-20,0.231330053008904,,,
2021-01-21,0.259626997348407,,,
2021-01-22,0.256831897439757,,,
2021-01-23,0.264777066899822,,,
2021-01-24,0.247493091388708,,,
2021-01-25,0.233049314918098,,,
2021-01-26,0.231921728970666,,,
2021-01-27,0.249082694723681,,,
2021-01-28,0.192410647642948,,,
2021-01-29,0.19662492049608,,,
2021-01-30,0.196146471245175,,,
2021-01-31,0.18574822453644,,,
2021-02-01,0.183524722579114,,,
2021-02-02,0.167427173930023,,,
2021-02-03,0.170032718603765,,,
2021-02-04,0.156994090158136,,,
2021-02-05,0.148181848231583,,,
2021-02-06,0.139227130680428,,,
2021-02-07,0.127863316235942,,,
2021-02-08,0.120709091442842,,,
2021-02-09,0.118868416494222,,,
2021-02-10,0.120509753910982,,,
2021-02-11,0.121074603976123,,,
2021-02-12,0.118816370354918,,,
2021-02-13,0.120431371793608,,,
2021-02-14,0.124105683217432,,,
2021-02-15,0.126733828030975,,,
2021-02-16,0.128385776991472,,,
2021-02-17,0.126253650785907,,,
2021-02-18,0.131971473570127,,,
2021-02-19,0.131822912750848,,,
2021-02-20,0.135216947574225,,,
2021-02-21,0.125220612602113,,,
2021-02-22,0.130130638907588,,,
2021-02-23,0.140720652246106,,,
2021-02-24,0.14152649376965,,,
2021-02-25,0.152362572054835,,,
2021-02-26,0.157116692440514,,,
2021-02-27,0.156830077041422,,,
2021-02-28,0.158827729993526,,,
2021-03-01,0.154261830146629,,,
2021-03-02,0.157643875088764,,,
2021-03-03,0.139214765617341,,,
2021-03-04,0.180465816223086,,,
2021-03-05,0.183469762061249,,,
2021-03-06,0.18302081200975,,,
2021-03-07,0.184880653040971,,,
2021-03-08,0.188475196093902,,,
2021-03-09,0.187353119505149,,,
2021-03-10,0.191221469244455,,,
2021-03-11,0.189465149574908,,,
2021-03-12,0.182469824018009,,,
2021-03-13,0.177022471342847,,,
2021-03-14,0.181015217347641,,,
2021-03-15,0.18408075920212,,,
2021-03-16,0.182969226624018,,,
2021-03-17,0.186267977818103,,,
2021-03-18,0.187405036588346,,,
2021-03-19,0.187080691155782,,,
2021-03-20,0.197757074364094,,,
2021-03-21,0.198135284105911,,,
2021-03-22,0.197268165787122,,,
2021-03-23,0.205175379336352,,,
2021-03-24,0.207281971438918,,,
2021-03-25,0.221564237954111,,,
2021-03-26,0.214626742105009,,,
2021-03-27,0.215960883569818,,,
2021-03-28,0.211085319097279,,,
2021-03-29,0.0774619608430708,,,
2021-03-30,0.0489564270905901,,,
2021-03-31,0.0401334926626851,,,
2021-04-01,0.10251882255786,,,
2021-04-02,0.0948349013464789,,,
2021-04-03,0.143239053787445,,,
2021-04-04,0.107007670332046,,,
2021-04-05,0.1960322100061,,,
2021-04-06,0.239870910535946,,,
2021-04-07,0.296012008374093,,,
2021-04-08,0.483516385014147,,,
2021-04-09,0.501403956786258,,,
2021-04-10,0.526679706966429,,,
2021-04-11,0.506496937464341,,,
2021-04-12,0.512234286758006,,,
2021-04-13,0.535884889362002,,,
2021-04-14,0.539997137099371,,,
2021-04-15,0.49954304308802,,,
2021-04-16,0.19465189614404,,,
2021-04-17,0.211101518812098,,,
2021-04-18,0.212107661226016,,,
2021-04-19,0.178557356149994,,,
2021-04-20,0.14468384705484,,,
2021-04-21,0.139222210614303,,,
2021-04-22,0.130791844937319,,,
2021-04-23,0.123780222456131,,,
2021-04-24,0.0820391972496944,,,
2021-04-25,0.0683843299101447,,,
2021-04-26,0.0488710785096174,,,
2021-04-27,0.0418422254609903,,,
2021-04-28,0.0487560784417882,,,
2021-04-29,0.0450301763967587,,,
2021-04-30,0.0458230166272299,,,
2021-05-01,0.0529725453102539,,,
2021-05-02,0.0598951883017843,,,
2021-05-03,0.0867569640138558,,,
2021-05-04,0.0593736466809224,,,
2021-05-05,0.0803249072159601,,,
2021-05-06,0.0885045862733911,,,
2021-05-07,0.0724777809705676,,,
2021-05-08,0.0464129481092098,,,
2021-05-09,0.0407112266139876,,,
2021-05-10,0.0421765656419637,,,
2021-05-11,0.0409493950620887,,,
2021-05-12,0.0556663964992991,,,
2021-05-13,0.0345759221020266,,,
2021-05-14,0.0447985861888284,,,
2021-05-15,0.072258903949698,,,
2021-05-16,0.0747989569459684,,,
2021-05-17,0.0857234075017687,,,
2021-05-18,0.0839979316689497,,,
2021-05-19,0.186054914414153,,,
2021-05-20,0.19522748341334,,,
2021-05-21,0.210212058130358,,,
2021-05-22,0.212431173562166,,,
2021-05-23,0.222406193466619,,,
2021-05-24,0.23781493390197,,,
2021-05-25,0.236618717553706,,,
2021-05-26,0.233916131163196,,,
2021-05-27,0.237141304922326,,,
2021-05-28,0.251430904340977,,,
2021-05-29,0.25501570919333,,,
2021-05-30,0.255142867946935,,,
2021-05-31,0.25252426583772,,,
2021-06-01,0.258965341505086,,,
2021-06-02,0.257453855812261,,,
2021-06-03,0.250590002804438,,,
2021-06-04,0.255584804323237,,,
2021-06-05,0.257476053989264,,,
2021-06-06,0.248915239137857,,,
2021-06-07,0.255539894865078,,,
2021-06-08,0.256795342413563,,,
2021-06-09,0.257030471164086,,,
2021-06-10,0.261608242603508,,,
2021-06-11,0.264596453040505,,,
2021-06-12,0.248837880645994,,,
2021-06-13,0.236124190877907,,,
2021-06-14,0.22916931029405,,,
2021-06-15,0.438285109513587,,,
2021-06-16,0.439232952370849,,,
2021-06-17,0.452493704045712,,,
2021-06-18,0.494309346650539,,,
2021-06-19,0.537226915942026,,,
2021-06-20,0.538908194693513,,,
2021-06-21,0.593628725668165,,,
2021-06-22,0.589888460443078,,,
2021-06-23,0.603919280482717,,,
2021-06-24,0.607599722542337,,,
2021-06-25,0.611306752904269,,,
2021-06-26,0.61353367089344,,,
2021-06-27,0.616586081874716,,,
2021-06-28,0.614288196861183,,,
2021-06-29,0.617271676377199,,,
2021-06-30,0.605417621972322,,,
2021-07-01,0.606055280089478,,,
2021-07-02,0.586666220293743,,,
2021-07-03,0.632621800301261,,,
2021-07-04,0.622683137566158,,,
2021-07-05,0.62817480944324,,,
2021-07-06,0.644845470729762,,,
2021-07-07,0.674215577814798,,,
2021-07-08,0.684135283671022,,,
2021-07-09,0.718191975187528,,,
2021-07-10,0.714864765046722,,,
2021-07-11,0.716658149016123,,,
2021-07-12,0.758783782394626,,,
2021-07-13,0.747766580894391,,,
2021-07-14,0.741455368401468,,,
2021-07-15,0.744492225126227,,,
2021-07-16,0.743871797236609,,,
2021-07-17,0.743694071250298,,,
2021-07-18,0.69334802288587,,,
2021-07-19,0.678999422233517,,,
2021-07-20,0.668966141446979,,,
2021-07-21,0.682378866679923,,,
2021-07-22,0.67300289290204,,,
2021-07-23,0.633358264019386,,,
2021-07-24,0.642154326819287,,,
2021-07-25,0.644514486176641,,,
2021-07-26,0.643276369076728,,,
2021-07-27,0.642919368621493,,,
2021-07-28,0.644784174997928,,,
2021-07-29,0.645600207458984,,,
2021-07-30,0.64177134406527,,,
2021-07-31,0.68444708178928,,,
2021-08-01,0.68676537621715,,,
2021-08-02,0.71458176419356,,,
2021-08-03,0.71445504675725,,,
2021-08-04,0.709661574113847,,,
2021-08-05,0.709918046271086,,,
2021-08-06,0.70619688227606,,,
2021-08-07,0.719739127020184,,,
2021-08-08,0.720848169303696,,,
2021-08-09,0.72237522808115,,,
2021-08-10,0.724283235070208,,,
2021-08-11,0.724270967166753,,,
2021-08-12,0.720053087843827,,,
2021-08-13,0.725523827635217,,,
2021-08-14,0.721099778069307,,,
2021-08-15,0.705646122886148,,,
2021-08-16,0.709189701145854,,,
2021-08-17,0.712825499206477,,,
2021-08-18,0.712418324509155,,,
2021-08-19,0.717399241389242,,,
2021-08-20,0.63377068314416,,,
2021-08-21,0.647113358267947,,,
2021-08-22,0.672347810530692,,,
2021-08-23,0.694188093052629,,,
2021-08-24,0.685914114368577,,,
2021-08-25,0.686884963464876,,,
2021-08-26,0.683831011026029,,,
2021-08-27,0.703089739656414,,,
2021-08-28,0.703304550148306,,,
2021-08-29,0.725152712952628,,,
2021-08-30,0.727894652874644,,,
2021-08-31,0.724859267772739,,,
2021-09-01,0.722408595586428,,,
2021-09-02,0.727300529172111,,,
2021-09-03,0.716863106806644,,,
2021-09-04,0.718993138744227,,,
2021-09-05,0.719301361397128,,,
2021-09-06,0.708440766992922,,,
2021-09-07,0.759866251708325,,,
2021-09-08,0.758676460392768,,,
2021-09-09,0.758824167339295,,,
2021-09-10,0.761466771185865,,,
2021-09-11,0.758653832461162,,,
2021-09-12,0.765237134400656,,,
2021-09-13,0.765162279530813,,,
2021-09-14,0.762608197216853,,,
2021-09-15,0.772130923561392,,,
2021-09-16,0.772465228558691,,,
2021-09-17,0.761478810508307,,,
2021-09-18,0.760312670555457,,,
2021-09-19,0.746095252013803,,,
2021-09-20,0.764583964395985,,,
2021-09-21,0.762942679775923,,,
2021-09-22,0.780657186318977,,,
2021-09-23,0.779202481070047,,,
2021-09-24,0.784413644012656,,,
2021-09-25,0.785475848802538,,,
2021-09-26,0.776656244453804,,,
2021-09-27,0.780066812019799,,,
2021-09-28,0.777705999557174,,,
2021-09-29,0.779999176497598,,,
2021-09-30,0.780686169377086,,,
2021-10-01,0.790082497654719,,,
2021-10-02,0.784758109933011,,,
2021-10-03,0.79332804027888,,,
2021-10-04,0.775277693420178,,,
2021-10-05,0.77621239793033,,,
2021-10-06,0.787854767286058,,,
2021-10-07,0.781963778765856,,,
2021-10-08,0.778310163780973,,,
2021-10-09,0.778239870819699,,,
2021-10-10,0.783872704169678,,,
2021-10-11,0.787084492264578,,,
2021-10-12,0.777348347687664,,,
2021-10-13,0.785327293992948,,,
2021-10-14,0.835974913651795,,,
2021-10-15,0.832745111228881,,,
2021-10-16,0.825929524780235,,,
2021-10-17,0.827449915865573,,,
2021-10-18,0.808694384974267,,,
2021-10-19,0.803558377471774,,,
2021-10-20,0.80446565233056,,,
2021-10-21,0.80552730795907,,,
2021-10-22,0.800319119236839,,,
2021-10-23,0.797779490441706,,,
2021-10-24,0.744964850678179,,,
2021-10-25,0.725604968067097,,,
2021-10-26,0.723220754508016,,,
2021-10-27,0.729301048936531,,,
2021-10-28,0.708452696575617,,,
2021-10-29,0.698513428747651,,,
2021-10-30,0.701459097179737,,,
2021-10-31,0.694383507074552,,,