Time,S&P500
1/1/16,2012.66
1/2/16,2012.66
1/3/16,2012.66
1/4/16,2012.66
1/5/16,2016.71
1/6/16,1990.26
1/7/16,1943.09
1/8/16,1922.03
1/9/16,1922.03
1/10/16,1922.03
1/11/16,1923.67
1/12/16,1938.68
1/13/16,1890.28
1/14/16,1921.84
1/15/16,1880.33
1/16/16,1880.33
1/17/16,1880.33
1/18/16,1880.33
1/19/16,1881.33
1/20/16,1859.33
1/21/16,1868.99
1/22/16,1906.9
1/23/16,1906.9
1/24/16,1906.9
1/25/16,1877.08
1/26/16,1903.63
1/27/16,1882.95
1/28/16,1893.36
1/29/16,1940.24
1/30/16,1940.24
1/31/16,1940.24
2/1/16,1939.38
2/2/16,1903.03
2/3/16,1912.53
2/4/16,1915.45
2/5/16,1880.05
2/6/16,1880.05
2/7/16,1880.05
2/8/16,1853.44
2/9/16,1852.21
2/10/16,1851.86
2/11/16,1829.08
2/12/16,1864.78
2/13/16,1864.78
2/14/16,1864.78
2/15/16,1864.78
2/16/16,1895.58
2/17/16,1926.82
2/18/16,1917.83
2/19/16,1917.78
2/20/16,1917.78
2/21/16,1917.78
2/22/16,1945.5
2/23/16,1921.27
2/24/16,1929.8
2/25/16,1951.7
2/26/16,1948.05
2/27/16,1948.05
2/28/16,1948.05
2/29/16,1932.23
3/1/16,1978.35
3/2/16,1986.45
3/3/16,1993.4
3/4/16,1999.99
3/5/16,1999.99
3/6/16,1999.99
3/7/16,2001.76
3/8/16,1979.26
3/9/16,1989.26
3/10/16,1989.57
3/11/16,2022.19
3/12/16,2022.19
3/13/16,2022.19
3/14/16,2019.64
3/15/16,2015.93
3/16/16,2027.22
3/17/16,2040.59
3/18/16,2049.58
3/19/16,2049.58
3/20/16,2049.58
3/21/16,2051.6
3/22/16,2049.8
3/23/16,2036.71
3/24/16,2035.94
3/25/16,2035.94
3/26/16,2035.94
3/27/16,2035.94
3/28/16,2037.05
3/29/16,2055.01
3/30/16,2063.95
3/31/16,2059.74
4/1/16,2072.78
4/2/16,2072.78
4/3/16,2072.78
4/4/16,2066.13
4/5/16,2045.17
4/6/16,2066.66
4/7/16,2041.91
4/8/16,2047.6
4/9/16,2047.6
4/10/16,2047.6
4/11/16,2041.99
4/12/16,2061.72
4/13/16,2082.42
4/14/16,2082.78
4/15/16,2080.73
4/16/16,2080.73
4/17/16,2080.73
4/18/16,2094.34
4/19/16,2100.8
4/20/16,2102.4
4/21/16,2091.48
4/22/16,2091.58
4/23/16,2091.58
4/24/16,2091.58
4/25/16,2087.79
4/26/16,2091.7
4/27/16,2095.15
4/28/16,2075.81
4/29/16,2065.3
4/30/16,2065.3
5/1/16,2065.3
5/2/16,2081.43
5/3/16,2063.37
5/4/16,2051.12
5/5/16,2050.63
5/6/16,2057.14
5/7/16,2057.14
5/8/16,2057.14
5/9/16,2058.69
5/10/16,2084.39
5/11/16,2064.46
5/12/16,2064.11
5/13/16,2046.61
5/14/16,2046.61
5/15/16,2046.61
5/16/16,2066.66
5/17/16,2047.21
5/18/16,2047.63
5/19/16,2040.04
5/20/16,2052.32
5/21/16,2052.32
5/22/16,2052.32
5/23/16,2048.04
5/24/16,2076.06
5/25/16,2090.54
5/26/16,2090.1
5/27/16,2099.06
5/28/16,2099.06
5/29/16,2099.06
5/30/16,2099.06
5/31/16,2096.96
6/1/16,2099.33
6/2/16,2105.26
6/3/16,2099.13
6/4/16,2099.13
6/5/16,2099.13
6/6/16,2109.41
6/7/16,2112.13
6/8/16,2119.12
6/9/16,2115.48
6/10/16,2096.07
6/11/16,2096.07
6/12/16,2096.07
6/13/16,2079.06
6/14/16,2075.32
6/15/16,2071.5
6/16/16,2077.99
6/17/16,2071.22
6/18/16,2071.22
6/19/16,2071.22
6/20/16,2083.25
6/21/16,2088.9
6/22/16,2085.45
6/23/16,2113.32
6/24/16,2037.41
6/25/16,2037.41
6/26/16,2037.41
6/27/16,2000.54
6/28/16,2036.09
6/29/16,2070.77
6/30/16,2098.86
7/1/16,2102.95
7/2/16,2102.95
7/3/16,2102.95
7/4/16,2102.95
7/5/16,2088.55
7/6/16,2099.73
7/7/16,2097.9
7/8/16,2129.9
7/9/16,2129.9
7/10/16,2129.9
7/11/16,2137.16
7/12/16,2152.14
7/13/16,2152.43
7/14/16,2163.75
7/15/16,2161.74
7/16/16,2161.74
7/17/16,2161.74
7/18/16,2166.89
7/19/16,2163.78
7/20/16,2173.02
7/21/16,2165.17
7/22/16,2175.03
7/23/16,2175.03
7/24/16,2175.03
7/25/16,2168.48
7/26/16,2169.18
7/27/16,2166.58
7/28/16,2170.06
7/29/16,2173.6
7/30/16,2173.6
7/31/16,2173.6
8/1/16,2170.84
8/2/16,2157.03
8/3/16,2163.79
8/4/16,2164.25
8/5/16,2182.87
8/6/16,2182.87
8/7/16,2182.87
8/8/16,2180.89
8/9/16,2181.74
8/10/16,2175.49
8/11/16,2185.79
8/12/16,2184.05
8/13/16,2184.05
8/14/16,2184.05
8/15/16,2190.15
8/16/16,2178.15
8/17/16,2182.22
8/18/16,2187.02
8/19/16,2183.87
8/20/16,2183.87
8/21/16,2183.87
8/22/16,2182.64
8/23/16,2186.9
8/24/16,2175.44
8/25/16,2172.47
8/26/16,2169.04
8/27/16,2169.04
8/28/16,2169.04
8/29/16,2180.38
8/30/16,2176.12
8/31/16,2170.95
9/1/16,2170.86
9/2/16,2179.98
9/3/16,2179.98
9/4/16,2179.98
9/5/16,2179.98
9/6/16,2186.48
9/7/16,2186.16
9/8/16,2181.3
9/9/16,2127.81
9/10/16,2127.81
9/11/16,2127.81
9/12/16,2159.04
9/13/16,2127.02
9/14/16,2125.77
9/15/16,2147.26
9/16/16,2139.16
9/17/16,2139.16
9/18/16,2139.16
9/19/16,2139.12
9/20/16,2139.76
9/21/16,2163.12
9/22/16,2177.18
9/23/16,2164.69
9/24/16,2164.69
9/25/16,2164.69
9/26/16,2146.1
9/27/16,2159.93
9/28/16,2171.37
9/29/16,2151.13
9/30/16,2168.27
10/1/16,2168.27
10/2/16,2168.27
10/3/16,2161.2
10/4/16,2150.49
10/5/16,2159.73
10/6/16,2160.77
10/7/16,2153.74
10/8/16,2153.74
10/9/16,2153.74
10/10/16,2163.66
10/11/16,2136.73
10/12/16,2139.18
10/13/16,2132.55
10/14/16,2132.98
10/15/16,2132.98
10/16/16,2132.98
10/17/16,2126.5
10/18/16,2139.6
10/19/16,2144.29
10/20/16,2141.34
10/21/16,2141.16
10/22/16,2141.16
10/23/16,2141.16
10/24/16,2151.33
10/25/16,2143.16
10/26/16,2139.43
10/27/16,2133.04
10/28/16,2126.41
10/29/16,2126.41
10/30/16,2126.41
10/31/16,2126.15
11/1/16,2111.72
11/2/16,2097.94
11/3/16,2088.66
11/4/16,2085.18
11/5/16,2085.18
11/6/16,2085.18
11/7/16,2131.52
11/8/16,2139.56
11/9/16,2163.26
11/10/16,2167.48
11/11/16,2164.45
11/12/16,2164.45
11/13/16,2164.45
11/14/16,2164.2
11/15/16,2180.39
11/16/16,2176.94
11/17/16,2187.12
11/18/16,2181.9
11/19/16,2181.9
11/20/16,2181.9
11/21/16,2198.18
11/22/16,2202.94
11/23/16,2204.72
11/24/16,2204.72
11/25/16,2213.35
11/26/16,2213.35
11/27/16,2213.35
11/28/16,2201.72
11/29/16,2204.66
11/30/16,2198.81
12/1/16,2191.08
12/2/16,2191.95
12/3/16,2191.95
12/4/16,2191.95
12/5/16,2204.71
12/6/16,2212.23
12/7/16,2241.35
12/8/16,2246.19
12/9/16,2259.53
12/10/16,2259.53
12/11/16,2259.53
12/12/16,2256.96
12/13/16,2271.72
12/14/16,2253.28
12/15/16,2262.03
12/16/16,2258.07
12/17/16,2258.07
12/18/16,2258.07
12/19/16,2262.53
12/20/16,2270.76
12/21/16,2265.18
12/22/16,2260.96
12/23/16,2263.79
12/24/16,2263.79
12/25/16,2263.79
12/26/16,2263.79
12/27/16,2268.88
12/28/16,2249.92
12/29/16,2249.26
12/30/16,2238.83
12/31/16,2238.83
1/1/17,2238.83
1/2/17,2238.83
1/3/17,2257.83
1/4/17,2270.75
1/5/17,2269
1/6/17,2276.98
1/7/17,2276.98
1/8/17,2276.98
1/9/17,2268.9
1/10/17,2268.9
1/11/17,2275.32
1/12/17,2270.44
1/13/17,2274.64
1/14/17,2274.64
1/15/17,2274.64
1/16/17,2274.64
1/17/17,2267.89
1/18/17,2271.89
1/19/17,2263.69
1/20/17,2271.31
1/21/17,2271.31
1/22/17,2271.31
1/23/17,2265.2
1/24/17,2280.07
1/25/17,2298.37
1/26/17,2296.68
1/27/17,2294.69
1/28/17,2294.69
1/29/17,2294.69
1/30/17,2280.9
1/31/17,2278.87
2/1/17,2279.55
2/2/17,2280.85
2/3/17,2297.42
2/4/17,2297.42
2/5/17,2297.42
2/6/17,2292.56
2/7/17,2293.08
2/8/17,2294.67
2/9/17,2307.87
2/10/17,2316.1
2/11/17,2316.1
2/12/17,2316.1
2/13/17,2328.25
2/14/17,2337.58
2/15/17,2349.25
2/16/17,2347.22
2/17/17,2351.16
2/18/17,2351.16
2/19/17,2351.16
2/20/17,2351.16
2/21/17,2365.38
2/22/17,2362.82
2/23/17,2363.81
2/24/17,2367.34
2/25/17,2367.34
2/26/17,2367.34
2/27/17,2369.75
2/28/17,2363.64
3/1/17,2395.96
3/2/17,2381.92
3/3/17,2383.12
3/4/17,2383.12
3/5/17,2383.12
3/6/17,2375.31
3/7/17,2368.39
3/8/17,2362.98
3/9/17,2364.87
3/10/17,2372.6
3/11/17,2372.6
3/12/17,2372.6
3/13/17,2373.47
3/14/17,2365.45
3/15/17,2385.26
3/16/17,2381.38
3/17/17,2378.25
3/18/17,2378.25
3/19/17,2378.25
3/20/17,2373.47
3/21/17,2344.02
3/22/17,2348.45
3/23/17,2345.96
3/24/17,2343.98
3/25/17,2343.98
3/26/17,2343.98
3/27/17,2341.59
3/28/17,2358.57
3/29/17,2361.13
3/30/17,2368.06
3/31/17,2362.72
4/1/17,2362.72
4/2/17,2362.72
4/3/17,2358.84
4/4/17,2360.16
4/5/17,2352.95
4/6/17,2357.49
4/7/17,2355.54
4/8/17,2355.54
4/9/17,2355.54
4/10/17,2357.16
4/11/17,2353.78
4/12/17,2344.93
4/13/17,2328.95
4/14/17,2328.95
4/15/17,2328.95
4/16/17,2328.95
4/17/17,2349.01
4/18/17,2342.19
4/19/17,2338.17
4/20/17,2355.84
4/21/17,2348.69
4/22/17,2348.69
4/23/17,2348.69
4/24/17,2374.15
4/25/17,2388.61
4/26/17,2387.45
4/27/17,2388.77
4/28/17,2384.2
4/29/17,2384.2
4/30/17,2384.2
5/1/17,2388.33
5/2/17,2391.17
5/3/17,2388.13
5/4/17,2389.52
5/5/17,2399.29
5/6/17,2399.29
5/7/17,2399.29
5/8/17,2399.38
5/9/17,2396.92
5/10/17,2399.63
5/11/17,2394.44
5/12/17,2390.9
5/13/17,2390.9
5/14/17,2390.9
5/15/17,2402.32
5/16/17,2400.67
5/17/17,2357.03
5/18/17,2365.72
5/19/17,2381.73
5/20/17,2381.73
5/21/17,2381.73
5/22/17,2394.02
5/23/17,2398.42
5/24/17,2404.39
5/25/17,2415.07
5/26/17,2415.82
5/27/17,2415.82
5/28/17,2415.82
5/29/17,2415.82
5/30/17,2412.91
5/31/17,2411.8
6/1/17,2430.06
6/2/17,2439.07
6/3/17,2439.07
6/4/17,2439.07
6/5/17,2436.1
6/6/17,2429.33
6/7/17,2433.14
6/8/17,2433.79
6/9/17,2431.77
6/10/17,2431.77
6/11/17,2431.77
6/12/17,2429.39
6/13/17,2440.35
6/14/17,2437.92
6/15/17,2432.46
6/16/17,2433.15
6/17/17,2433.15
6/18/17,2433.15
6/19/17,2453.46
6/20/17,2437.03
6/21/17,2435.61
6/22/17,2434.5
6/23/17,2438.3
6/24/17,2438.3
6/25/17,2438.3
6/26/17,2439.07
6/27/17,2419.38
6/28/17,2440.69
6/29/17,2419.7
6/30/17,2423.41
7/1/17,2423.41
7/2/17,2423.41
7/3/17,2429.01
7/4/17,2429.01
7/5/17,2432.54
7/6/17,2409.75
7/7/17,2425.18
7/8/17,2425.18
7/9/17,2425.18
7/10/17,2427.43
7/11/17,2425.53
7/12/17,2443.25
7/13/17,2447.83
7/14/17,2459.27
7/15/17,2459.27
7/16/17,2459.27
7/17/17,2459.14
7/18/17,2460.61
7/19/17,2473.83
7/20/17,2473.45
7/21/17,2472.54
7/22/17,2472.54
7/23/17,2472.54
7/24/17,2469.91
7/25/17,2477.13
7/26/17,2477.83
7/27/17,2475.42
7/28/17,2472.1
7/29/17,2472.1
7/30/17,2472.1
7/31/17,2470.3
8/1/17,2476.35
8/2/17,2477.57
8/3/17,2472.16
8/4/17,2476.83
8/5/17,2476.83
8/6/17,2476.83
8/7/17,2480.91
8/8/17,2474.92
8/9/17,2474.02
8/10/17,2438.21
8/11/17,2441.32
8/12/17,2441.32
8/13/17,2441.32
8/14/17,2465.84
8/15/17,2465.84
8/16/17,2465.84
8/17/17,2465.84
8/18/17,2465.84
8/19/17,2465.84
8/20/17,2465.84
8/21/17,2428.37
8/22/17,2452.51
8/23/17,2444.04
8/24/17,2438.97
8/25/17,2443.05
8/26/17,2443.05
8/27/17,2443.05
8/28/17,2444.24
8/29/17,2446.3
8/30/17,2457.59
8/31/17,2471.65
9/1/17,2476.55
9/2/17,2476.55
9/3/17,2476.55
9/4/17,2476.55
9/5/17,2457.85
9/6/17,2465.54
9/7/17,2465.1
9/8/17,2461.43
9/9/17,2461.43
9/10/17,2461.43
9/11/17,2488.11
9/12/17,2496.48
9/13/17,2498.37
9/14/17,2495.62
9/15/17,2500.23
9/16/17,2500.23
9/17/17,2500.23
9/18/17,2503.87
9/19/17,2506.65
9/20/17,2508.24
9/21/17,2500.6
9/22/17,2502.22
9/23/17,2502.22
9/24/17,2502.22
9/25/17,2496.66
9/26/17,2496.84
9/27/17,2507.04
9/28/17,2510.06
9/29/17,2519.36
9/30/17,2519.36
10/1/17,2519.36
10/2/17,2529.12
10/3/17,2534.58
10/4/17,2537.74
10/5/17,2552.07
10/6/17,2549.33
10/7/17,2549.33
10/8/17,2549.33
10/9/17,2544.73
10/10/17,2550.64
10/11/17,2555.24
10/12/17,2550.93
10/13/17,2553.17
10/14/17,2553.17
10/15/17,2553.17
10/16/17,2557.64
10/17/17,2559.36
10/18/17,2561.26
10/19/17,2562.1
10/20/17,2575.21
10/21/17,2575.21
10/22/17,2575.21
10/23/17,2575.21
10/24/17,2569.13
10/25/17,2557.15
10/26/17,2560.4
10/27/17,2581.07
10/28/17,2581.07
10/29/17,2581.07
10/30/17,2572.83
10/31/17,2575.26
11/1/17,2579.36
11/2/17,2579.85
11/3/17,2587.84
11/4/17,2587.84
11/5/17,2587.84
11/6/17,2591.13
11/7/17,2590.64
11/8/17,2594.38
11/9/17,2584.62
11/10/17,2582.3
11/11/17,2582.3
11/12/17,2582.3
11/13/17,2584.84
11/14/17,2578.87
11/15/17,2564.62
11/16/17,2585.64
11/17/17,2578.85
11/18/17,2578.85
11/19/17,2578.85
11/20/17,2582.14
11/21/17,2599.03
11/22/17,2597.08
11/23/17,2597.08
11/24/17,2602.42
11/25/17,2597.08
11/26/17,2597.08
11/27/17,2601.42
11/28/17,2627.04
11/29/17,2626.07
11/30/17,2647.58
12/1/17,2642.22
12/2/17,2642.22
12/3/17,2642.22
12/4/17,2639.44
12/5/17,2629.57
12/6/17,2629.27
12/7/17,2636.98
12/8/17,2651.5
12/9/17,2651.5
12/10/17,2651.5
12/11/17,2659.99
12/12/17,2664.11
12/13/17,2662.85
12/14/17,2652.01
12/15/17,2675.81
12/16/17,2675.81
12/17/17,2675.81
12/18/17,2690.16
12/19/17,2681.47
12/20/17,2679.25
12/21/17,2684.57
12/22/17,2683.34
12/23/17,2683.34
12/24/17,2683.34
12/25/17,2683.34
12/26/17,2680.5
12/27/17,2682.62
12/28/17,2687.54
12/29/17,2673.61
12/30/17,2673.61
12/31/17,2673.61
1/1/18,2673.61
1/2/18,2673.61
1/3/18,2695.81
1/4/18,2713.06
1/5/18,2723.99
1/6/18,2743.15
1/7/18,2747.71
1/8/18,2751.29
1/9/18,2751.29
1/10/18,2751.29
1/11/18,2748.23
1/12/18,2767.56
1/13/18,2786.24
1/14/18,2786.24
1/15/18,2786.24
1/16/18,2776.42
1/17/18,2802.56
1/18/18,2798.03
1/19/18,2810.3
1/20/18,2810.3
1/21/18,2810.3
1/22/18,2832.97
1/23/18,2839.13
1/24/18,2837.54
1/25/18,2839.25
1/26/18,2872.87
1/27/18,2872.87
1/28/18,2872.87
1/29/18,2853.53
1/30/18,2822.43
1/31/18,2823.81
2/1/18,2821.98
2/2/18,2762.13
2/3/18,2762.13
2/4/18,2762.13
2/5/18,2648.94
2/6/18,2695.14
2/7/18,2681.66
2/8/18,2581
2/9/18,2619.55
2/10/18,2619.55
2/11/18,2619.55
2/12/18,2656
2/13/18,2662.94
2/14/18,2698.63
2/15/18,2731.2
2/16/18,2732.22
2/17/18,2732.22
2/18/18,2732.22
2/19/18,2732.22
2/20/18,2716.26
2/21/18,2701.33
2/22/18,2703.96
2/23/18,2747.3
2/24/18,2779.6
2/25/18,2744.28
2/26/18,2713.83
2/27/18,2713.83
2/28/18,2713.83
3/1/18,2677.67
3/2/18,2691.25
3/3/18,2720.94
3/4/18,2728.12
3/5/18,2726.8
3/6/18,2738.97
3/7/18,2786.57
3/8/18,2786.57
3/9/18,2786.57
3/10/18,2786.57
3/11/18,2786.57
3/12/18,2786.57
3/13/18,2783.02
3/14/18,2765.31
3/15/18,2749.48
3/16/18,2747.33
3/17/18,2752.01
3/18/18,2752.01
3/19/18,2752.01
3/20/18,2716.94
3/21/18,2711.93
3/22/18,2643.69
3/23/18,2588.26
3/24/18,2588.26
3/25/18,2588.26
3/26/18,2658.55
3/27/18,2612.62
3/28/18,2605
3/29/18,2640.87
3/30/18,2640.87
3/31/18,2640.87
4/1/18,2640.87
4/2/18,2581.88
4/3/18,2614.45
4/4/18,2644.69
4/5/18,2662.84
4/6/18,2604.47
4/7/18,2604.47
4/8/18,2604.47
4/9/18,2613.16
4/10/18,2656.87
4/11/18,2642.19
4/12/18,2663.99
4/13/18,2656.3
4/14/18,2656.3
4/15/18,2656.3
4/16/18,2677.84
4/17/18,2706.39
4/18/18,2708.64
4/19/18,2693.13
4/20/18,2670.14
4/21/18,2670.14
4/22/18,2670.14
4/23/18,2670.29
4/24/18,2634.56
4/25/18,2639.4
4/26/18,2666.94
4/27/18,2669.91
4/28/18,2669.91
4/29/18,2669.91
4/30/18,2648.05
5/1/18,2654.8
5/2/18,2635.67
5/3/18,2629.73
5/4/18,2663.42
5/5/18,2663.42
5/6/18,2663.42
5/7/18,2672.63
5/8/18,2671.92
5/9/18,2697.79
5/10/18,2723.07
5/11/18,2727.72
5/12/18,2727.72
5/13/18,2727.72
5/14/18,2730.13
5/15/18,2711.45
5/16/18,2722.46
5/17/18,2720.13
5/18/18,2712.97
5/19/18,2712.97
5/20/18,2712.97
5/21/18,2733.01
5/22/18,2724.44
5/23/18,2733.29
5/24/18,2727.76
5/25/18,2721.33
5/26/18,2721.33
5/27/18,2721.33
5/28/18,2721.33
5/29/18,2689.86
5/30/18,2724.01
5/31/18,2705.27
6/1/18,2734.62
6/2/18,2734.62
6/3/18,2734.62
6/4/18,2746.87
6/5/18,2748.8
6/6/18,2772.35
6/7/18,2770.37
6/8/18,2779.03
6/9/18,2779.03
6/10/18,2779.03
6/11/18,2782
6/12/18,2786.85
6/13/18,2775.63
6/14/18,2782.49
6/15/18,2779.66
6/16/18,2779.66
6/17/18,2779.66
6/18/18,2773.75
6/19/18,2762.59
6/20/18,2767.32
6/21/18,2749.76
6/22/18,2754.88
6/23/18,2754.88
6/24/18,2754.88
6/25/18,2717.07
6/26/18,2723.06
6/27/18,2699.63
6/28/18,2716.31
6/29/18,2718.37
6/30/18,2718.37
7/1/18,2718.37
7/2/18,2726.71
7/3/18,2713.22
7/4/18,2726.71
7/5/18,2736.61
7/6/18,2726.71
7/7/18,2726.71
7/8/18,2784.17
7/9/18,2793.84
7/10/18,2774.02
7/11/18,2798.29
7/12/18,2801.31
7/13/18,2801.31
7/14/18,2801.31
7/15/18,2798.43
7/16/18,2809.55
7/17/18,2815.62
7/18/18,2804.49
7/19/18,2801.83
7/20/18,2801.83
7/21/18,2801.83
7/22/18,2806.98
7/23/18,2820.4
7/24/18,2846.07
7/25/18,2837.44
7/26/18,2818.82
7/27/18,2818.82
7/28/18,2818.82
7/29/18,2818.82
7/30/18,2802.6
7/31/18,2816.29
8/1/18,2813.36
8/2/18,2827.22
8/3/18,2840.35
8/4/18,2840.35
8/5/18,2840.35
8/6/18,2850.4
8/7/18,2858.45
8/8/18,2857.7
8/9/18,2853.58
8/10/18,2853.58
8/11/18,2853.58
8/12/18,2821.93
8/13/18,2839.96
8/14/18,2818.37
8/15/18,2840.69
8/16/18,2850.13
8/17/18,2850.13
8/18/18,2850.13
8/19/18,2857.05
8/20/18,2862.96
8/21/18,2861.82
8/22/18,2856.98
8/23/18,2874.69
8/24/18,2874.69
8/25/18,2874.69
8/26/18,2896.74
8/27/18,2897.52
8/28/18,2914.04
8/29/18,2901.13
8/30/18,2901.52
8/31/18,2901.52
9/1/18,2901.52
9/2/18,2901.52
9/3/18,2901.52
9/4/18,2896.72
9/5/18,2888.6
9/6/18,2878.05
9/7/18,2871.68
9/8/18,2871.68
9/9/18,2871.68
9/10/18,2877.13
9/11/18,2887.89
9/12/18,2888.92
9/13/18,2904.18
9/14/18,2904.98
9/15/18,2904.98
9/16/18,2904.98
9/17/18,2850.13
9/18/18,2857.05
9/19/18,2862.96
9/20/18,2861.82
9/21/18,2856.98
9/22/18,2874.69
9/23/18,2874.69
9/24/18,2874.69
9/25/18,2896.74
9/26/18,2897.52
9/27/18,2914.04
9/28/18,2901.13
9/29/18,2901.52
9/30/18,2896.74
10/1/18,2897.52
10/2/18,2914.04
10/3/18,2901.13
10/4/18,2901.52
10/5/18,2888.6
10/6/18,2878.05
10/7/18,2871.68
10/8/18,2871.68
10/9/18,2871.68
10/10/18,2877.13
10/11/18,2887.89
10/12/18,2888.92
10/13/18,2904.18
10/14/18,2904.98
10/15/18,2904.98
10/16/18,2904.98
10/17/18,2888.8
10/18/18,2904.31
10/19/18,2907.95
10/20/18,2930.75
10/21/18,2929.67
10/22/18,2929.67
10/23/18,2929.67
10/24/18,2919.37
10/25/18,2915.56
10/26/18,2905.97
10/27/18,2914
10/28/18,2913.98
10/29/18,2913.98
10/30/18,2913.98
10/31/18,2913.98
11/1/18,2924.59
11/2/18,2923.43
11/3/18,2925.51
11/4/18,2901.61
11/5/18,2885.57
11/6/18,2885.57
11/7/18,2885.57
11/8/18,2884.43
11/9/18,2880.34
11/10/18,2785.68
11/11/18,2728.37
11/12/18,2767.13
11/13/18,2767.13
11/14/18,2767.13
11/15/18,2750.79
11/16/18,2809.92
11/17/18,2809.21
11/18/18,2768.78
11/19/18,2767.78
11/20/18,2755.88
11/21/18,2740.69
11/22/18,2656.1
11/23/18,2705.57
11/24/18,2658.69
11/25/18,2641.25
11/26/18,2682.63
11/27/18,2711.74
11/28/18,2740.37
11/29/18,2723.06
11/30/18,2738.31
12/1/18,2755.45
12/2/18,2813.89
12/3/18,2806.83
12/4/18,2781.01
12/5/18,2726.22
12/6/18,2722.18
12/7/18,2701.58
12/8/18,2730.2
12/9/18,2736.27
12/10/18,2690.73
12/11/18,2641.89
12/12/18,2649.93
12/13/18,2649.93
12/14/18,2649.93
12/15/18,2632.56
12/16/18,2673.45
12/17/18,2682.17
12/18/18,2743.79
12/19/18,2737.76
12/20/18,2760.17
12/21/18,2790.37
12/22/18,2700.06
12/23/18,2700.06
12/24/18,2700.06
12/25/18,2695.95
12/26/18,2633.08
12/27/18,2637.72
12/28/18,2636.78
12/29/18,2651.07
12/30/18,2650.54
12/31/18,2599.95
1/1/19,2545.94
1/2/19,2546.16
1/3/19,2506.96
1/4/19,2467.42
1/5/19,2416.62
1/6/19,2351.1
1/7/19,2695.95
1/8/19,2633.08
1/9/19,2637.72
1/10/19,2636.78
1/11/19,2651.07
1/12/19,2650.54
1/13/19,2599.95
1/14/19,2545.94
1/15/19,2546.16
1/16/19,2506.96
1/17/19,2467.42
1/18/19,2416.62
1/19/19,2351.1
1/20/19,2510.03
1/21/19,2447.89
1/22/19,2531.94
1/23/19,2549.69
1/24/19,2574.41
1/25/19,2584.96
1/26/19,2596.64
1/27/19,2596.26
1/28/19,2582.61
1/29/19,2610.3
1/30/19,2616.1
1/31/19,2635.96
2/1/19,2670.71
2/2/19,2510.03
2/3/19,2447.89
2/4/19,2531.94
2/5/19,2549.69
2/6/19,2574.41
2/7/19,2584.96
2/8/19,2596.64
2/9/19,2596.26
2/10/19,2582.61
2/11/19,2610.3
2/12/19,2616.1
2/13/19,2635.96
2/14/19,2670.71
2/15/19,2610.3
2/16/19,2616.1
2/17/19,2635.96
2/18/19,2670.71
2/19/19,2670.71
2/20/19,2670.71
2/21/19,2416.62
2/22/19,2416.62
2/23/19,2416.62
2/24/19,2351.1
2/25/19,2351.1
2/26/19,2467.7
2/27/19,2488.83
2/28/19,2485.74
3/1/19,2803.69
3/2/19,2803.69
3/3/19,2803.69
3/4/19,2792.81
3/5/19,2789.65
3/6/19,2771.45
3/7/19,2748.93
3/8/19,2743.07
3/9/19,2743.07
3/10/19,2743.07
3/11/19,2783.3
3/12/19,2791.52
3/13/19,2810.92
3/14/19,2808.48
3/15/19,2822.48
3/16/19,2822.48
3/17/19,2822.48
3/18/19,2832.94
3/19/19,2832.57
3/20/19,2824.23
3/21/19,2854.88
3/22/19,2800.71
3/23/19,2800.71
3/24/19,2800.71
3/25/19,2798.36
3/26/19,2818.46
3/27/19,2805.37
3/28/19,2815.44
3/29/19,2834.4
3/30/19,2834.4
3/31/19,2834.4
4/1/19,2867.19
4/2/19,2867.24
4/3/19,2873.4
4/4/19,2879.39
4/5/19,2892.74
4/6/19,2892.74
4/7/19,2892.74
4/8/19,2895.77
4/9/19,2878.2
4/10/19,2888.21
4/11/19,2888.32
4/12/19,2907.41
4/13/19,2907.41
4/14/19,2907.41
4/15/19,2905.58
4/16/19,2907.06
4/17/19,2900.45
4/18/19,2905.03
4/19/19,2905.03
4/20/19,2905.03
4/21/19,2905.03
4/22/19,2907.97
4/23/19,2933.68
4/24/19,2927.25
4/25/19,2926.17
4/26/19,2939.88
4/27/19,2939.88
4/28/19,2939.88
4/29/19,2943.03
4/30/19,2945.83
5/1/19,2923.73
5/2/19,2917.52
5/3/19,2945.64
5/4/19,2945.64
5/5/19,2945.64
5/6/19,2932.47
5/7/19,2884.05
5/8/19,2879.42
5/9/19,2870.72
5/10/19,2881.4
5/11/19,2881.4
5/12/19,2881.4
5/13/19,2811.87
5/14/19,2834.41
5/15/19,2850.96
5/16/19,2876.32
5/17/19,2859.53
5/18/19,2859.53
5/19/19,2859.53
5/20/19,2840.23
5/21/19,2864.36
5/22/19,2856.27
5/23/19,2822.24
5/24/19,2826.06
5/25/19,2826.06
5/26/19,2826.06
5/27/19,2826.06
5/28/19,2802.39
5/29/19,2783.02
5/30/19,2788.86
5/31/19,2752.06
6/1/19,2752.06
6/2/19,2752.06
6/3/19,2744.45
6/4/19,2803.27
6/5/19,2826.15
6/6/19,2843.49
6/7/19,2873.34
6/8/19,2873.34
6/9/19,2873.34
6/10/19,2886.73
6/11/19,2885.72
6/12/19,2879.84
6/13/19,2891.64
6/14/19,2886.98
6/15/19,2886.98
6/16/19,2886.98
6/17/19,2889.67
6/18/19,2917.75
6/19/19,2926.46
6/20/19,2954.18
6/21/19,2950.46
6/22/19,2950.46
6/23/19,2950.46
6/24/19,2945.35
6/25/19,2917.38
6/26/19,2913.78
6/27/19,2924.92
6/28/19,2941.76
6/29/19,2941.76
6/30/19,2941.76
7/1/19,2964.33
7/2/19,2973.01
7/3/19,2995.82
7/4/19,2995.82
7/5/19,2990.41
7/6/19,2990.41
7/7/19,2990.41
7/8/19,2975.95
7/9/19,2979.63
7/10/19,2993.07
7/11/19,2999.91
7/12/19,3013.77
7/13/19,3013.77
7/14/19,3013.77
7/15/19,3014.3
7/16/19,3004.04
7/17/19,2984.42
7/18/19,2995.11
7/19/19,2976.61
7/20/19,2976.61
7/21/19,2976.61
7/22/19,2985.03
7/23/19,3005.47
7/24/19,3019.56
7/25/19,3003.67
7/26/19,3025.86
7/27/19,3025.86
7/28/19,3025.86
7/29/19,3020.97
7/30/19,3013.18
7/31/19,2980.38
8/1/19,2953.56
8/2/19,2932.05
8/3/19,2932.05
8/4/19,2932.05
8/5/19,2844.74
8/6/19,2881.77
8/7/19,2883.98
8/8/19,2938.09
8/9/19,2918.65
8/10/19,2918.65
8/11/19,2918.65
8/12/19,2883.75
8/13/19,2926.32
8/14/19,2840.6
8/15/19,2847.6
8/16/19,2888.68
8/17/19,2888.68
8/18/19,2888.68
8/19/19,2923.65
8/20/19,2900.51
8/21/19,2924.43
8/22/19,2922.95
8/23/19,2847.11
8/24/19,2847.11
8/25/19,2847.11
8/26/19,2878.38
8/27/19,2869.16
8/28/19,2887.94
8/29/19,2924.58
8/30/19,2926.46
8/31/19,2926.46
9/1/19,2926.46
9/2/19,2926.46
9/3/19,2906.27
9/4/19,2937.78
9/5/19,2976
9/6/19,2978.71
9/7/19,2978.71
9/8/19,2978.71
9/9/19,2978.43
9/10/19,2979.39
9/11/19,3000.93
9/12/19,3009.57
9/13/19,3007.39
9/14/19,3007.39
9/15/19,3007.39
9/16/19,2997.96
9/17/19,3005.7
9/18/19,3006.73
9/19/19,3006.79
9/20/19,2992.07
9/21/19,2992.07
9/22/19,2992.07
9/23/19,2991.78
9/24/19,2966.6
9/25/19,2984.87
9/26/19,2977.62
9/27/19,2961.79
9/28/19,2961.79
9/29/19,2961.79
9/30/19,2976.74
10/1/19,2940.25
10/2/19,2887.61
10/3/19,2910.63
10/4/19,2952.01
10/5/19,2952.01
10/6/19,2952.01
10/7/19,2938.79
10/8/19,2893.06
10/9/19,2919.4
10/10/19,2938.13
10/11/19,2970.27
10/12/19,2970.27
10/13/19,2970.27
10/14/19,2966.15
10/15/19,2995.68
10/16/19,2989.69
10/17/19,2997.95
10/18/19,2986.2
10/19/19,2986.2
10/20/19,2986.2
10/21/19,3006.72
10/22/19,2995.99
10/23/19,3004.52
10/24/19,3010.29
10/25/19,3022.55
10/26/19,3022.55
10/27/19,3022.55
10/28/19,3039.42
10/29/19,3036.89
10/30/19,3046.77
10/31/19,3037.56
11/1/19,3066.91
11/2/19,3066.91
11/3/19,3066.91
11/4/19,3078.27
11/5/19,3074.62
11/6/19,3076.78
11/7/19,3085.18
11/8/19,3093.08
11/9/19,3093.08
11/10/19,3093.08
11/11/19,3087.01
11/12/19,3091.84
11/13/19,3094.04
11/14/19,3096.63
11/15/19,3120.46
11/16/19,3120.46
11/17/19,3120.46
11/18/19,3122.03
11/19/19,3120.18
11/20/19,3108.46
11/21/19,3103.54
11/22/19,3110.29
11/23/19,3110.29
11/24/19,3110.29
11/25/19,3133.64
11/26/19,3140.52
11/27/19,3153.63
11/28/19,3153.63
11/29/19,3140.98
11/30/19,3153.63
12/1/19,3153.63
12/2/19,3113.87
12/3/19,3093.2
12/4/19,3112.76
12/5/19,3117.43
12/6/19,3145.91
12/7/19,3145.91
12/8/19,3145.91
12/9/19,3135.96
12/10/19,3132.52
12/11/19,3141.63
12/12/19,3168.57
12/13/19,3168.8
12/14/19,3168.8
12/15/19,3168.8
12/16/19,3191.45
12/17/19,3192.52
12/18/19,3191.14
12/19/19,3205.37
12/20/19,3221.22
12/21/19,3221.22
12/22/19,3221.22
12/23/19,3224.01
12/24/19,3223.38
12/25/19,3223.38
12/26/19,3239.91
12/27/19,3240.02
12/28/19,3240.02
12/29/19,3240.02
12/30/19,3221.29
12/31/19,3230.78
1/1/20,3230.78
1/2/20,3257.85
1/3/20,3234.85
1/4/20,3234.85
1/5/20,3234.85
1/6/20,3246.28
1/7/20,3237.18
1/8/20,3253.05
1/9/20,3274.7
1/10/20,3265.35
1/11/20,3265.35
1/12/20,3265.35
1/13/20,3288.13
1/14/20,3283.15
1/15/20,3289.29
1/16/20,3316.81
1/17/20,3329.62
1/18/20,3329.62
1/19/20,3329.62
1/20/20,3329.62
1/21/20,3320.79
1/22/20,3321.75
1/23/20,3325.54
1/24/20,3295.47
1/25/20,3295.47
1/26/20,3295.47
1/27/20,3243.63
1/28/20,3276.24
1/29/20,3273.4
1/30/20,3283.66
1/31/20,3225.52
2/1/20,3225.52
2/2/20,3225.52
2/3/20,3248.92
2/4/20,3297.59
2/5/20,3334.69
2/6/20,3345.78
2/7/20,3327.71
2/8/20,3327.71
2/9/20,3327.71
2/10/20,3352.09
2/11/20,3357.75
2/12/20,3379.45
2/13/20,3373.94
2/14/20,3380.16
2/15/20,3380.16
2/16/20,3380.16
2/17/20,3380.16
2/18/20,3370.29
2/19/20,3386.15
2/20/20,3373.23
2/21/20,3337.75
2/22/20,3337.75
2/23/20,3337.75
2/24/20,3225.89
2/25/20,3128.21
2/26/20,3116.39
2/27/20,2978.76
2/28/20,2954.22
2/29/20,2954.22
3/1/20,2954.22
3/2/20,3090.23
3/3/20,3003.37
3/4/20,3130.12
3/5/20,3023.94
3/6/20,2972.37
3/7/20,2972.37
3/8/20,2972.37
3/9/20,2746.56
3/10/20,2882.23
3/11/20,2741.38
3/12/20,2480.64
3/13/20,2711.02
3/14/20,2711.02
3/15/20,2711.02
3/16/20,2529.19
3/17/20,2398.1
3/18/20,2409.39
3/19/20,2304.92
3/20/20,2304.92
3/21/20,2304.92
3/22/20,2304.92
3/23/20,2237.4
3/24/20,2447.33
3/25/20,2475.56
3/26/20,2630.07
3/27/20,2541.47
3/28/20,2541.47
3/29/20,2541.47
3/30/20,2626.65
3/31/20,2584.59
4/1/20,2470.5
4/2/20,2526.9
4/3/20,2488.65
4/4/20,2488.65
4/5/20,2488.65
4/6/20,2663.68
4/7/20,2659.41
4/8/20,2749.98
4/9/20,2789.82
4/10/20,2789.82
4/11/20,2789.82
4/12/20,2789.82
4/13/20,2761.63
4/14/20,2846.06
4/15/20,2783.36
4/16/20,2799.55
4/17/20,2874.56
4/18/20,2874.56
4/19/20,2874.56
4/20/20,2823.16
4/21/20,2736.56
4/22/20,2799.31
4/23/20,2797.8
4/24/20,2836.74
4/25/20,2836.74
4/26/20,2836.74
4/27/20,2878.48
4/28/20,2863.39
4/29/20,2939.51
4/30/20,2912.43
5/1/20,2830.71
5/2/20,2830.71
5/3/20,2830.71
5/4/20,2842.74
5/5/20,2868.44
5/6/20,2848.42
5/7/20,2881.19
5/8/20,2929.8
5/9/20,2929.8
5/10/20,2929.8
5/11/20,2930.32
5/12/20,2870.12
5/13/20,2820
5/14/20,2852.5
5/15/20,2863.7
5/16/20,2863.7
5/17/20,2863.7
5/18/20,2953.91
5/19/20,2922.94
5/20/20,2971.61
5/21/20,2948.51
5/22/20,2955.45
5/23/20,2955.45
5/24/20,2955.45
5/25/20,2955.45
5/26/20,2991.77
5/27/20,3036.13
5/28/20,3029.73
5/29/20,3044.31
5/30/20,3044.31
5/31/20,3044.31
6/1/20,3055.73
6/2/20,3080.82
6/3/20,3122.87
6/4/20,3112.35
6/5/20,3193.93
6/6/20,3193.93
6/7/20,3193.93
6/8/20,3232.39
6/9/20,3207.18
6/10/20,3190.14
6/11/20,3002.1
6/12/20,3041.31
6/13/20,3041.31
6/14/20,3041.31
6/15/20,3066.59
6/16/20,3124.74
6/17/20,3113.49
6/18/20,3115.34
6/19/20,3097.74
6/20/20,3097.74
6/21/20,3097.74
6/22/20,3117.86
6/23/20,3131.29
6/24/20,3050.33
6/25/20,3083.76
6/26/20,3009.05
6/27/20,3009.05
6/28/20,3009.05
6/29/20,3053.24
6/30/20,3100.29
7/1/20,3115.86
7/2/20,3130.01
7/3/20,3130.01
7/4/20,3130.01
7/5/20,3179.72
7/6/20,3145.32
7/7/20,3169.94
7/8/20,3152.05
7/9/20,3185.04
7/10/20,3185.04
7/11/20,3185.04
7/12/20,3185.04
7/13/20,3155.22
7/14/20,3197.52
7/15/20,3226.56
7/16/20,3215.57
7/17/20,3224.73
7/18/20,3224.73
7/19/20,3224.73
7/20/20,3251.84
7/21/20,3257.3
7/22/20,3276.02
7/23/20,3235.66
7/24/20,3215.63
7/25/20,3215.63
7/26/20,3215.63
7/27/20,3239.41
7/28/20,3218.44
7/29/20,3258.44
7/30/20,3246.22
7/31/20,3271.12
8/1/20,3271.12
8/2/20,3271.12
8/3/20,3294.61
8/4/20,3306.51
8/5/20,3327.77
8/6/20,3349.16
8/7/20,3351.28
8/8/20,3351.28
8/9/20,3351.28
8/10/20,3360.47
8/11/20,3333.69
8/12/20,3380.35
8/13/20,3373.43
8/14/20,3372.85
8/15/20,3372.85
8/16/20,3372.85
8/17/20,3381.99
8/18/20,3389.78
8/19/20,3374.85
8/20/20,3385.51
8/21/20,3397.16
8/22/20,3397.16
8/23/20,3397.16
8/24/20,3431.28
8/25/20,3443.62
8/26/20,3478.73
8/27/20,3484.55
8/28/20,3508.01
8/29/20,3508.01
8/30/20,3508.01
8/31/20,3500.31
9/1/20,3526.65
9/2/20,3580.84
9/3/20,3455.06
9/4/20,3426.96
9/5/20,3426.96
9/6/20,3426.96
9/7/20,3426.96
9/8/20,3331.84
9/9/20,3398.96
9/10/20,3339.19
9/11/20,3340.97
9/12/20,3340.97
9/13/20,3340.97
9/14/20,3383.54
9/15/20,3401.2
9/16/20,3385.49
9/17/20,3357.01
9/18/20,3319.47
9/19/20,3319.47
9/20/20,3319.47
9/21/20,3281.06
9/22/20,3315.57
9/23/20,3236.92
9/24/20,3246.59
9/25/20,3298.46
9/26/20,3298.46
9/27/20,3298.46
9/28/20,3351.6
9/29/20,3335.47
9/30/20,3363
10/1/20,3380.8
10/2/20,3348.44
10/3/20,3348.44
10/4/20,3348.44
10/5/20,3408.63
10/6/20,3360.95
10/7/20,3419.45
10/8/20,3446.83
10/9/20,3477.13
10/10/20,3477.13
10/11/20,3477.13
10/12/20,3534.22
10/13/20,3511.93
10/14/20,3488.67
10/15/20,3483.34
10/16/20,3483.81
10/17/20,3483.81
10/18/20,3483.81
10/19/20,3426.92
10/20/20,3443.12
10/21/20,3435.56
10/22/20,3453.49
10/23/20,3465.39
10/24/20,3465.39
10/25/20,3465.39
10/26/20,3400.97
10/27/20,3390.68
10/28/20,3271.03
10/29/20,3310.11
10/30/20,3269.96
10/31/20,3269.96
11/1/20,3269.96
11/2/20,3310.24
11/3/20,3369.16
11/4/20,3443.44
11/5/20,3510.45
11/6/20,3509.44
11/7/20,3509.44
11/8/20,3509.44
11/9/20,3550.5
11/10/20,3545.53
11/11/20,3572.66
11/12/20,3537.01
11/13/20,3585.15
11/14/20,3585.15
11/15/20,3585.15
11/16/20,3585.15
11/17/20,3585.15
11/18/20,3609.53
11/19/20,3567.79
11/20/20,3581.87
11/21/20,3557.54
11/22/20,3557.54
11/23/20,3577.59
11/24/20,3635.41
11/25/20,3629.65
11/26/20,3629.65
11/27/20,3629.65
11/28/20,3629.65
11/29/20,3629.65
11/30/20,3621.63
12/1/20,3662.45
12/2/20,3669.01
12/3/20,3666.72
12/4/20,3699.12
12/5/20,3699.12
12/6/20,3699.12
12/7/20,3691.96
12/8/20,3702.25
12/9/20,3672.82
12/10/20,3668.1
12/11/20,3663.46
12/12/20,3663.46
12/13/20,3663.46
12/14/20,3647.49
12/15/20,3694.62
12/16/20,3701.17
12/17/20,3722.48
12/18/20,3709.41
12/19/20,3709.41
12/20/20,3709.41
12/21/20,3694.92
12/22/20,3687.26
12/23/20,3690.01
12/24/20,3703.06
12/25/20,3703.06
12/26/20,3703.06
12/27/20,3703.06
12/28/20,3735.36
12/29/20,3727.04
12/30/20,3732.04
12/31/20,3756.07
1/1/21,3756.07
1/2/21,3756.07
1/3/21,3756.07
1/4/21,3700.65
1/5/21,3726.86
1/6/21,3748.14
1/7/21,3803.79
1/8/21,3824.68
1/9/21,3824.68
1/10/21,3824.68
1/11/21,3799.61
1/12/21,3801.19
1/13/21,3809.84
1/14/21,3795.54
1/15/21,3768.25
1/16/21,3768.25
1/17/21,3768.25
1/18/21,3768.25
1/19/21,3798.91
1/20/21,3851.85
1/21/21,3853.07
1/22/21,3841.47
1/23/21,3841.47
1/24/21,3841.47
1/25/21,3855.36
1/26/21,3849.62
1/27/21,3750.77
1/28/21,3787.38
1/29/21,3714.24
1/30/21,3714.24
1/31/21,3714.24
2/1/21,3773.86
2/2/21,3826.31
2/3/21,3830.17
2/4/21,3871.74
2/5/21,3886.83
2/6/21,3886.83
2/7/21,3886.83
2/8/21,3915.59
2/9/21,3911.23
2/10/21,3909.88
2/11/21,3916.38
2/12/21,3934.83
2/13/21,3934.83
2/14/21,3934.83
2/15/21,3934.83
2/16/21,3932.59
2/17/21,3931.33
2/18/21,3913.97
2/19/21,3906.71
2/20/21,3906.71
2/21/21,3906.71
2/22/21,3906.71
2/23/21,3881.37
2/24/21,3925.43
2/25/21,3829.34
2/26/21,3811.15
2/27/21,3811.15
2/28/21,3811.15
3/1/21,3901.82
3/2/21,3870.29
3/3/21,3819.72
3/4/21,3768.47
3/5/21,3841.94
3/6/21,3841.94
3/7/21,3841.94
3/8/21,3821.35
3/9/21,3875.44
3/10/21,3898.81
3/11/21,3939.34
3/12/21,3943.34
3/13/21,3943.34
3/14/21,3943.34
3/15/21,3968.94
3/16/21,3962.71
3/17/21,3974.12
3/18/21,3915.46
3/19/21,3913.1
3/20/21,3913.1
3/21/21,3913.1
3/22/21,3940.59
3/23/21,3910.52
3/24/21,3889.14
3/25/21,3909.52
3/26/21,3974.54
3/27/21,3974.54
3/28/21,3974.54
3/29/21,3971.09
3/30/21,3958.55
3/31/21,3972.89
4/1/21,4019.87
4/2/21,4019.87
4/3/21,4019.87
4/4/21,4019.87
4/5/21,4077.91
4/6/21,4073.94
4/7/21,4079.95
4/8/21,4097.17
4/9/21,4128.8
4/10/21,4128.8
4/11/21,4128.8
4/12/21,4127.99
4/13/21,4141.59
4/14/21,4124.66
4/15/21,4170.42
4/16/21,4185.47
4/17/21,4185.47
4/18/21,4185.47
4/19/21,4163.26
4/20/21,4134.94
4/21/21,4173.42
4/22/21,4134.98
4/23/21,4180.17
4/24/21,4180.17
4/25/21,4180.17
4/26/21,4187.62
4/27/21,4186.72
4/28/21,4183.18
4/29/21,4211.47
4/30/21,4181.17
5/1/21,4181.17
5/2/21,4181.17
5/3/21,4192.66
5/4/21,4164.66
5/5/21,4167.59
5/6/21,4201.62
5/7/21,4232.6
5/8/21,4232.6
5/9/21,4232.6
5/10/21,4188.43
5/11/21,4152.1
5/12/21,4063.04
5/13/21,4112.5
5/14/21,4173.85
5/15/21,4173.85
5/16/21,4173.85
5/17/21,4163.29
5/18/21,4127.83
5/19/21,4115.68
5/20/21,4159.12
5/21/21,4155.86
5/22/21,4155.86
5/23/21,4155.86
5/24/21,4197.05
5/25/21,4188.13
5/26/21,4195.99
5/27/21,4200.88
5/28/21,4204.11
5/29/21,4204.11
5/30/21,4204.11
5/31/21,4204.11
6/1/21,4202.04
6/2/21,4208.12
6/3/21,4192.85
6/4/21,4229.89
6/5/21,4229.89
6/6/21,4229.89
6/7/21,4226.52
6/8/21,4227.26
6/9/21,4219.55
6/10/21,4239.18
6/11/21,4247.44
6/12/21,4247.44
6/13/21,4247.44
6/14/21,4255.15
6/15/21,4246.59
6/16/21,4223.7
6/17/21,4221.86
6/18/21,4166.45
6/19/21,4166.45
6/20/21,4166.45
6/21/21,4224.79
6/22/21,4246.44
6/23/21,4241.84
6/24/21,4266.49
6/25/21,4280.7
6/26/21,4280.7
6/27/21,4280.7
6/28/21,4290.61
6/29/21,4291.8
6/30/21,4297.5
7/1/21,4319.94
7/2/21,4352.34
7/3/21,4352.34
7/4/21,4352.34
7/5/21,4352.34
7/6/21,4343.54
7/7/21,4358.13
7/8/21,4320.82
7/9/21,4369.55
7/10/21,4369.55
7/11/21,4369.55
7/12/21,4384.63
7/13/21,4369.21
7/14/21,4374.3
7/15/21,4360.03
7/16/21,4327.16
7/17/21,4327.16
7/18/21,4327.16
7/19/21,4258.49
7/20/21,4323.06
7/21/21,4358.69
7/22/21,4367.48
7/23/21,4411.79
7/24/21,4411.79
7/25/21,4411.79
7/26/21,4422.3
7/27/21,4401.46
7/28/21,4400.64
7/29/21,4419.15
7/30/21,4395.26
7/31/21,4395.26
8/1/21,4395.26
8/2/21,4387.16
8/3/21,4423.15
8/4/21,4402.66
8/5/21,4429.1
8/6/21,4436.52
8/7/21,4436.52
8/8/21,4436.52
8/9/21,4432.35
8/10/21,4436.75
8/11/21,4447.7
8/12/21,4460.83
8/13/21,4468
8/14/21,4468
8/15/21,4468
8/16/21,4479.71
8/17/21,4448.08
8/18/21,4400.27
8/19/21,4405.8
8/20/21,4441.67
8/21/21,4441.67
8/22/21,4441.67
8/23/21,4479.53
8/24/21,4486.23
8/25/21,4496.19
8/26/21,4470
8/27/21,4509.37
8/28/21,4509.37
8/29/21,4509.37
8/30/21,4528.79
8/31/21,4522.68
9/1/21,4524.09
9/2/21,4536.95
9/3/21,4535.43
9/4/21,4535.43
9/5/21,4535.43
9/6/21,4535.43
9/7/21,4520.03
9/8/21,4514.07
9/9/21,4493.28
9/10/21,4458.58
9/11/21,4458.58
9/12/21,4458.58
9/13/21,4468.73
9/14/21,4443.05
9/15/21,4480.7
9/16/21,4473.75
9/17/21,4432.99
9/18/21,4432.99
9/19/21,4432.99
9/20/21,4357.73
9/21/21,4354.19
9/22/21,4395.64
9/23/21,4448.98
9/24/21,4455.48
9/25/21,4455.48
9/26/21,4455.48
9/27/21,4443.11
9/28/21,4352.63
9/29/21,4359.46
9/30/21,4307.54
10/1/21,4357.04
10/2/21,4300.46
10/3/21,4345.72
10/4/21,4363.55
10/5/21,4399.76
10/6/21,4391.34
10/7/21,4391.34
10/8/21,4391.34
10/9/21,4391.34
10/10/21,4391.34
10/11/21,4361.19
10/12/21,4350.65
10/13/21,4363.8
10/14/21,4438.26
10/15/21,4471.37
10/16/21,4471.37
10/17/21,4471.37
10/18/21,4486.46
10/19/21,4519.63
10/20/21,4536.19
10/21/21,4549.78
10/22/21,4544.9
10/23/21,4544.9
10/24/21,4544.9
10/25/21,4566.48
10/26/21,4574.79
10/27/21,4551.68
10/28/21,4596.42
10/29/21,4605.38
10/30/21,4605.38